antecedents,consequents,antecedent support,consequent support,support,confidence,lift,representativity,leverage,conviction,zhangs_metric,jaccard,certainty,kulczynski,antecedent_len,consequent_len
"late_aircraft_dominant, many_runways, northern, tz_Central",region_Midwest,0.05254936963070401,0.13879281490572354,0.05254936963070401,1.0,7.204983922829582,1.0,0.04525589469813726,inf,0.9089731512011305,0.37861736334405144,1.0,0.6893086816720257,4,1
"late_aircraft_dominant, northern, tz_Central","many_runways, region_Midwest",0.05254936963070401,0.13879281490572354,0.05254936963070401,1.0,7.204983922829582,1.0,0.04525589469813726,inf,0.9089731512011305,0.37861736334405144,1.0,0.6893086816720257,3,2
"hub_Large, late_aircraft_dominant, northern, tz_Central",region_Midwest,0.05254936963070401,0.13879281490572354,0.05254936963070401,1.0,7.204983922829582,1.0,0.04525589469813726,inf,0.9089731512011305,0.37861736334405144,1.0,0.6893086816720257,4,1
"late_aircraft_dominant, northern, tz_Central","hub_Large, region_Midwest",0.05254936963070401,0.13879281490572354,0.05254936963070401,1.0,7.204983922829582,1.0,0.04525589469813726,inf,0.9089731512011305,0.37861736334405144,1.0,0.6893086816720257,3,2
"late_aircraft_dominant, northern, tz_Central",region_Midwest,0.05254936963070401,0.13879281490572354,0.05254936963070401,1.0,7.204983922829582,1.0,0.04525589469813726,inf,0.9089731512011305,0.37861736334405144,1.0,0.6893086816720257,3,1
"hub_Large, late_aircraft_dominant, many_runways, northern, tz_Central",region_Midwest,0.05254936963070401,0.13879281490572354,0.05254936963070401,1.0,7.204983922829582,1.0,0.04525589469813726,inf,0.9089731512011305,0.37861736334405144,1.0,0.6893086816720257,5,1
"hub_Large, late_aircraft_dominant, northern, tz_Central","many_runways, region_Midwest",0.05254936963070401,0.13879281490572354,0.05254936963070401,1.0,7.204983922829582,1.0,0.04525589469813726,inf,0.9089731512011305,0.37861736334405144,1.0,0.6893086816720257,4,2
"late_aircraft_dominant, many_runways, northern, tz_Central","hub_Large, region_Midwest",0.05254936963070401,0.13879281490572354,0.05254936963070401,1.0,7.204983922829582,1.0,0.04525589469813726,inf,0.9089731512011305,0.37861736334405144,1.0,0.6893086816720257,4,2
"late_aircraft_dominant, northern, tz_Central","hub_Large, many_runways, region_Midwest",0.05254936963070401,0.13879281490572354,0.05254936963070401,1.0,7.204983922829582,1.0,0.04525589469813726,inf,0.9089731512011305,0.37861736334405144,1.0,0.6893086816720257,3,3
"many_runways, region_Midwest","late_aircraft_dominant, northern, tz_Central",0.13879281490572354,0.05254936963070401,0.05254936963070401,0.37861736334405144,7.204983922829581,1.0,0.04525589469813726,1.52474590450117,1.0000000000000002,0.37861736334405144,0.3441530178583058,0.6893086816720257,2,3
region_Midwest,"late_aircraft_dominant, many_runways, northern, tz_Central",0.13879281490572354,0.05254936963070401,0.05254936963070401,0.37861736334405144,7.204983922829581,1.0,0.04525589469813726,1.52474590450117,1.0000000000000002,0.37861736334405144,0.3441530178583058,0.6893086816720257,1,4
"hub_Large, region_Midwest","late_aircraft_dominant, northern, tz_Central",0.13879281490572354,0.05254936963070401,0.05254936963070401,0.37861736334405144,7.204983922829581,1.0,0.04525589469813726,1.52474590450117,1.0000000000000002,0.37861736334405144,0.3441530178583058,0.6893086816720257,2,3
region_Midwest,"hub_Large, late_aircraft_dominant, northern, tz_Central",0.13879281490572354,0.05254936963070401,0.05254936963070401,0.37861736334405144,7.204983922829581,1.0,0.04525589469813726,1.52474590450117,1.0000000000000002,0.37861736334405144,0.3441530178583058,0.6893086816720257,1,4
region_Midwest,"late_aircraft_dominant, northern, tz_Central",0.13879281490572354,0.05254936963070401,0.05254936963070401,0.37861736334405144,7.204983922829581,1.0,0.04525589469813726,1.52474590450117,1.0000000000000002,0.37861736334405144,0.3441530178583058,0.6893086816720257,1,3
"hub_Large, many_runways, region_Midwest","late_aircraft_dominant, northern, tz_Central",0.13879281490572354,0.05254936963070401,0.05254936963070401,0.37861736334405144,7.204983922829581,1.0,0.04525589469813726,1.52474590450117,1.0000000000000002,0.37861736334405144,0.3441530178583058,0.6893086816720257,3,3
"hub_Large, region_Midwest","late_aircraft_dominant, many_runways, northern, tz_Central",0.13879281490572354,0.05254936963070401,0.05254936963070401,0.37861736334405144,7.204983922829581,1.0,0.04525589469813726,1.52474590450117,1.0000000000000002,0.37861736334405144,0.3441530178583058,0.6893086816720257,2,4
"many_runways, region_Midwest","hub_Large, late_aircraft_dominant, northern, tz_Central",0.13879281490572354,0.05254936963070401,0.05254936963070401,0.37861736334405144,7.204983922829581,1.0,0.04525589469813726,1.52474590450117,1.0000000000000002,0.37861736334405144,0.3441530178583058,0.6893086816720257,2,4
region_Midwest,"hub_Large, late_aircraft_dominant, many_runways, northern, tz_Central",0.13879281490572354,0.05254936963070401,0.05254936963070401,0.37861736334405144,7.204983922829581,1.0,0.04525589469813726,1.52474590450117,1.0000000000000002,0.37861736334405144,0.3441530178583058,0.6893086816720257,1,5
"late_aircraft_dominant, many_runways, region_Midwest","northern, tz_Central",0.08233850273345977,0.09461117929264755,0.05254936963070401,0.6382113821138212,6.745623370148797,1.0,0.0447592267859005,2.5025353920675144,0.9281807445840513,0.4224215246636771,0.6004052517419814,0.5968179552078541,3,2
"late_aircraft_dominant, region_Midwest","many_runways, northern, tz_Central",0.08233850273345977,0.09461117929264755,0.05254936963070401,0.6382113821138212,6.745623370148797,1.0,0.0447592267859005,2.5025353920675144,0.9281807445840513,0.4224215246636771,0.6004052517419814,0.5968179552078541,2,3
"hub_Large, late_aircraft_dominant, region_Midwest","northern, tz_Central",0.08233850273345977,0.09461117929264755,0.05254936963070401,0.6382113821138212,6.745623370148797,1.0,0.0447592267859005,2.5025353920675144,0.9281807445840513,0.4224215246636771,0.6004052517419814,0.5968179552078541,3,2
"late_aircraft_dominant, region_Midwest","hub_Large, northern, tz_Central",0.08233850273345977,0.09461117929264755,0.05254936963070401,0.6382113821138212,6.745623370148797,1.0,0.0447592267859005,2.5025353920675144,0.9281807445840513,0.4224215246636771,0.6004052517419814,0.5968179552078541,2,3
"late_aircraft_dominant, region_Midwest","northern, tz_Central",0.08233850273345977,0.09461117929264755,0.05254936963070401,0.6382113821138212,6.745623370148797,1.0,0.0447592267859005,2.5025353920675144,0.9281807445840513,0.4224215246636771,0.6004052517419814,0.5968179552078541,2,2
"hub_Large, late_aircraft_dominant, many_runways, region_Midwest","northern, tz_Central",0.08233850273345977,0.09461117929264755,0.05254936963070401,0.6382113821138212,6.745623370148797,1.0,0.0447592267859005,2.5025353920675144,0.9281807445840513,0.4224215246636771,0.6004052517419814,0.5968179552078541,4,2
"hub_Large, late_aircraft_dominant, region_Midwest","many_runways, northern, tz_Central",0.08233850273345977,0.09461117929264755,0.05254936963070401,0.6382113821138212,6.745623370148797,1.0,0.0447592267859005,2.5025353920675144,0.9281807445840513,0.4224215246636771,0.6004052517419814,0.5968179552078541,3,3
"late_aircraft_dominant, many_runways, region_Midwest","hub_Large, northern, tz_Central",0.08233850273345977,0.09461117929264755,0.05254936963070401,0.6382113821138212,6.745623370148797,1.0,0.0447592267859005,2.5025353920675144,0.9281807445840513,0.4224215246636771,0.6004052517419814,0.5968179552078541,3,3
"late_aircraft_dominant, region_Midwest","hub_Large, many_runways, northern, tz_Central",0.08233850273345977,0.09461117929264755,0.05254936963070401,0.6382113821138212,6.745623370148797,1.0,0.0447592267859005,2.5025353920675144,0.9281807445840513,0.4224215246636771,0.6004052517419814,0.5968179552078541,2,4
"many_runways, northern, tz_Central","late_aircraft_dominant, region_Midwest",0.09461117929264755,0.08233850273345977,0.05254936963070401,0.5554245283018868,6.745623370148797,1.0,0.0447592267859005,2.0641298400053745,0.9407623689715122,0.4224215246636771,0.5155343522394907,0.5968179552078541,3,2
"northern, tz_Central","late_aircraft_dominant, many_runways, region_Midwest",0.09461117929264755,0.08233850273345977,0.05254936963070401,0.5554245283018868,6.745623370148797,1.0,0.0447592267859005,2.0641298400053745,0.9407623689715122,0.4224215246636771,0.5155343522394907,0.5968179552078541,2,3
"hub_Large, northern, tz_Central","late_aircraft_dominant, region_Midwest",0.09461117929264755,0.08233850273345977,0.05254936963070401,0.5554245283018868,6.745623370148797,1.0,0.0447592267859005,2.0641298400053745,0.9407623689715122,0.4224215246636771,0.5155343522394907,0.5968179552078541,3,2
"northern, tz_Central","hub_Large, late_aircraft_dominant, region_Midwest",0.09461117929264755,0.08233850273345977,0.05254936963070401,0.5554245283018868,6.745623370148797,1.0,0.0447592267859005,2.0641298400053745,0.9407623689715122,0.4224215246636771,0.5155343522394907,0.5968179552078541,2,3
"northern, tz_Central","late_aircraft_dominant, region_Midwest",0.09461117929264755,0.08233850273345977,0.05254936963070401,0.5554245283018868,6.745623370148797,1.0,0.0447592267859005,2.0641298400053745,0.9407623689715122,0.4224215246636771,0.5155343522394907,0.5968179552078541,2,2
"hub_Large, many_runways, northern, tz_Central","late_aircraft_dominant, region_Midwest",0.09461117929264755,0.08233850273345977,0.05254936963070401,0.5554245283018868,6.745623370148797,1.0,0.0447592267859005,2.0641298400053745,0.9407623689715122,0.4224215246636771,0.5155343522394907,0.5968179552078541,4,2
"hub_Large, northern, tz_Central","late_aircraft_dominant, many_runways, region_Midwest",0.09461117929264755,0.08233850273345977,0.05254936963070401,0.5554245283018868,6.745623370148797,1.0,0.0447592267859005,2.0641298400053745,0.9407623689715122,0.4224215246636771,0.5155343522394907,0.5968179552078541,3,3
"many_runways, northern, tz_Central","hub_Large, late_aircraft_dominant, region_Midwest",0.09461117929264755,0.08233850273345977,0.05254936963070401,0.5554245283018868,6.745623370148797,1.0,0.0447592267859005,2.0641298400053745,0.9407623689715122,0.4224215246636771,0.5155343522394907,0.5968179552078541,3,3
"northern, tz_Central","hub_Large, late_aircraft_dominant, many_runways, region_Midwest",0.09461117929264755,0.08233850273345977,0.05254936963070401,0.5554245283018868,6.745623370148797,1.0,0.0447592267859005,2.0641298400053745,0.9407623689715122,0.4224215246636771,0.5155343522394907,0.5968179552078541,2,4
"hub_Large, nas_dominant, northern, tz_Eastern",slot_controlled,0.08211536315965637,0.1238424634608948,0.054111346647327904,0.6589673913043478,5.321013268703486,1.0,0.04394197778565005,2.5691312625210414,0.8847145243408991,0.35635562086700956,0.6107633679181038,0.5479521641206424,4,1
"nas_dominant, northern, tz_Eastern","hub_Large, slot_controlled",0.08211536315965637,0.1238424634608948,0.054111346647327904,0.6589673913043478,5.321013268703486,1.0,0.04394197778565005,2.5691312625210414,0.8847145243408991,0.35635562086700956,0.6107633679181038,0.5479521641206424,3,2
"nas_dominant, northern, tz_Eastern",slot_controlled,0.08211536315965637,0.1238424634608948,0.054111346647327904,0.6589673913043478,5.321013268703486,1.0,0.04394197778565005,2.5691312625210414,0.8847145243408991,0.35635562086700956,0.6107633679181038,0.5479521641206424,3,1
"hub_Large, slot_controlled","nas_dominant, northern, tz_Eastern",0.1238424634608948,0.08211536315965637,0.054111346647327904,0.4369369369369369,5.321013268703486,1.0,0.04394197778565005,1.6301631150284501,0.9268491521396379,0.35635562086700956,0.38656445432913156,0.5479521641206424,2,3
slot_controlled,"hub_Large, nas_dominant, northern, tz_Eastern",0.1238424634608948,0.08211536315965637,0.054111346647327904,0.4369369369369369,5.321013268703486,1.0,0.04394197778565005,1.6301631150284501,0.9268491521396379,0.35635562086700956,0.38656445432913156,0.5479521641206424,1,4
slot_controlled,"nas_dominant, northern, tz_Eastern",0.1238424634608948,0.08211536315965637,0.054111346647327904,0.4369369369369369,5.321013268703486,1.0,0.04394197778565005,1.6301631150284501,0.9268491521396379,0.35635562086700956,0.38656445432913156,0.5479521641206424,1,3
"hub_Large, nas_dominant, northern, tz_Eastern",region_Northeast,0.08211536315965637,0.16423072631931274,0.0572353006805757,0.6970108695652174,4.2440953966800565,1.0,0.0437494349468912,2.7584133875739276,0.8327610011347129,0.30265486725663715,0.637472757163669,0.5227581521739131,4,1
"nas_dominant, northern, tz_Eastern","hub_Large, region_Northeast",0.08211536315965637,0.16423072631931274,0.0572353006805757,0.6970108695652174,4.2440953966800565,1.0,0.0437494349468912,2.7584133875739276,0.8327610011347129,0.30265486725663715,0.637472757163669,0.5227581521739131,3,2
"nas_dominant, northern, tz_Eastern",region_Northeast,0.08211536315965637,0.16423072631931274,0.0572353006805757,0.6970108695652174,4.2440953966800565,1.0,0.0437494349468912,2.7584133875739276,0.8327610011347129,0.30265486725663715,0.637472757163669,0.5227581521739131,3,1
"hub_Large, region_Northeast","nas_dominant, northern, tz_Eastern",0.16423072631931274,0.08211536315965637,0.0572353006805757,0.3485054347826087,4.2440953966800565,1.0,0.0437494349468912,1.4088907043055117,0.9145807978020668,0.30265486725663715,0.29022173477045365,0.5227581521739131,2,3
region_Northeast,"hub_Large, nas_dominant, northern, tz_Eastern",0.16423072631931274,0.08211536315965637,0.0572353006805757,0.3485054347826087,4.2440953966800565,1.0,0.0437494349468912,1.4088907043055117,0.9145807978020668,0.30265486725663715,0.29022173477045365,0.5227581521739131,1,4
region_Northeast,"nas_dominant, northern, tz_Eastern",0.16423072631931274,0.08211536315965637,0.0572353006805757,0.3485054347826087,4.2440953966800565,1.0,0.0437494349468912,1.4088907043055117,0.9145807978020668,0.30265486725663715,0.29022173477045365,0.5227581521739131,1,3
"hub_Large, tz_Mountain","late_aircraft_dominant, region_West",0.09762356353899364,0.13555729108557402,0.05310721856521254,0.544,4.013063374485597,1.0,0.03987363274574615,1.8957076949877765,0.8320405684529004,0.29491945477075593,0.4724925141972122,0.4678847736625515,2,2
tz_Mountain,"hub_Large, late_aircraft_dominant, region_West",0.09762356353899364,0.13555729108557402,0.05310721856521254,0.544,4.013063374485597,1.0,0.03987363274574615,1.8957076949877765,0.8320405684529004,0.29491945477075593,0.4724925141972122,0.4678847736625515,1,3
tz_Mountain,"late_aircraft_dominant, region_West",0.09762356353899364,0.13555729108557402,0.05310721856521254,0.544,4.013063374485597,1.0,0.03987363274574615,1.8957076949877765,0.8320405684529004,0.29491945477075593,0.4724925141972122,0.4678847736625515,1,2
"hub_Large, late_aircraft_dominant, region_West",tz_Mountain,0.13555729108557402,0.09762356353899364,0.05310721856521254,0.39176954732510294,4.013063374485597,1.0,0.03987363274574615,1.4836094320705318,0.8685524158036989,0.29491945477075593,0.3259681568589141,0.4678847736625515,3,1
"late_aircraft_dominant, region_West","hub_Large, tz_Mountain",0.13555729108557402,0.09762356353899364,0.05310721856521254,0.39176954732510294,4.013063374485597,1.0,0.03987363274574615,1.4836094320705318,0.8685524158036989,0.29491945477075593,0.3259681568589141,0.4678847736625515,2,2
"late_aircraft_dominant, region_West",tz_Mountain,0.13555729108557402,0.09762356353899364,0.05310721856521254,0.39176954732510294,4.013063374485597,1.0,0.03987363274574615,1.4836094320705318,0.8685524158036989,0.29491945477075593,0.3259681568589141,0.4678847736625515,2,1
"late_aircraft_dominant, tz_Pacific",region_West,0.08245007252036149,0.2533749860537766,0.08245007252036149,1.0,3.9467195068251875,1.0,0.06155928654538202,inf,0.813715953307393,0.32540730955526204,1.0,0.662703654777631,2,1
"hub_Large, late_aircraft_dominant, tz_Pacific",region_West,0.08245007252036149,0.2533749860537766,0.08245007252036149,1.0,3.9467195068251875,1.0,0.06155928654538202,inf,0.813715953307393,0.32540730955526204,1.0,0.662703654777631,3,1
"late_aircraft_dominant, tz_Pacific","hub_Large, region_West",0.08245007252036149,0.2533749860537766,0.08245007252036149,1.0,3.9467195068251875,1.0,0.06155928654538202,inf,0.813715953307393,0.32540730955526204,1.0,0.662703654777631,2,2
"carrier_dominant, tz_Pacific",region_West,0.06225594109115252,0.2533749860537766,0.06225594109115252,1.0,3.9467195068251875,1.0,0.04648184288541701,inf,0.7961927424152291,0.24570673712021138,1.0,0.6228533685601056,2,1
"carrier_dominant, hub_Large, tz_Pacific",region_West,0.06225594109115252,0.2533749860537766,0.06225594109115252,1.0,3.9467195068251875,1.0,0.04648184288541701,inf,0.7961927424152291,0.24570673712021138,1.0,0.6228533685601056,3,1
"carrier_dominant, tz_Pacific","hub_Large, region_West",0.06225594109115252,0.2533749860537766,0.06225594109115252,1.0,3.9467195068251875,1.0,0.04648184288541701,inf,0.7961927424152291,0.24570673712021138,1.0,0.6228533685601056,2,2
"hub_Large, late_aircraft_dominant, tz_Mountain",region_West,0.05310721856521254,0.2533749860537766,0.05310721856521254,1.0,3.9467195068251875,1.0,0.03965117780189695,inf,0.7885000589136326,0.20959929546455308,1.0,0.6047996477322766,3,1
"late_aircraft_dominant, tz_Mountain","hub_Large, region_West",0.05310721856521254,0.2533749860537766,0.05310721856521254,1.0,3.9467195068251875,1.0,0.03965117780189695,inf,0.7885000589136326,0.20959929546455308,1.0,0.6047996477322766,2,2
"late_aircraft_dominant, tz_Mountain",region_West,0.05310721856521254,0.2533749860537766,0.05310721856521254,1.0,3.9467195068251875,1.0,0.03965117780189695,inf,0.7885000589136326,0.20959929546455308,1.0,0.6047996477322766,2,1
region_West,"late_aircraft_dominant, tz_Pacific",0.2533749860537766,0.08245007252036149,0.08245007252036149,0.32540730955526204,3.9467195068251875,1.0,0.06155928654538202,1.360153972132023,0.9999999999999999,0.32540730955526204,0.264789119107954,0.662703654777631,1,2
"hub_Large, region_West","late_aircraft_dominant, tz_Pacific",0.2533749860537766,0.08245007252036149,0.08245007252036149,0.32540730955526204,3.9467195068251875,1.0,0.06155928654538202,1.360153972132023,0.9999999999999999,0.32540730955526204,0.264789119107954,0.662703654777631,2,2
region_West,"hub_Large, late_aircraft_dominant, tz_Pacific",0.2533749860537766,0.08245007252036149,0.08245007252036149,0.32540730955526204,3.9467195068251875,1.0,0.06155928654538202,1.360153972132023,0.9999999999999999,0.32540730955526204,0.264789119107954,0.662703654777631,1,3
"late_aircraft_dominant, region_West",tz_Pacific,0.13555729108557402,0.155751422514783,0.08245007252036149,0.6082304526748972,3.9051357788861774,1.0,0.061336831601532825,2.1549622303456695,0.8605856118615971,0.39476495726495725,0.5359547439308977,0.5688000400910302,2,1
"hub_Large, late_aircraft_dominant, region_West",tz_Pacific,0.13555729108557402,0.155751422514783,0.08245007252036149,0.6082304526748972,3.9051357788861774,1.0,0.061336831601532825,2.1549622303456695,0.8605856118615971,0.39476495726495725,0.5359547439308977,0.5688000400910302,3,1
"late_aircraft_dominant, region_West","hub_Large, tz_Pacific",0.13555729108557402,0.155751422514783,0.08245007252036149,0.6082304526748972,3.9051357788861774,1.0,0.061336831601532825,2.1549622303456695,0.8605856118615971,0.39476495726495725,0.5359547439308977,0.5688000400910302,2,2
tz_Pacific,"late_aircraft_dominant, region_West",0.155751422514783,0.13555729108557402,0.08245007252036149,0.5293696275071633,3.905135778886177,1.0,0.061336831601532825,1.8367762886522658,0.8811705194533705,0.39476495726495725,0.45556788478919785,0.5688000400910302,1,2
"hub_Large, tz_Pacific","late_aircraft_dominant, region_West",0.155751422514783,0.13555729108557402,0.08245007252036149,0.5293696275071633,3.905135778886177,1.0,0.061336831601532825,1.8367762886522658,0.8811705194533705,0.39476495726495725,0.45556788478919785,0.5688000400910302,2,2
tz_Pacific,"hub_Large, late_aircraft_dominant, region_West",0.155751422514783,0.13555729108557402,0.08245007252036149,0.5293696275071633,3.905135778886177,1.0,0.061336831601532825,1.8367762886522658,0.8811705194533705,0.39476495726495725,0.45556788478919785,0.5688000400910302,1,3
"hub_Large, nas_dominant, northern","slot_controlled, tz_Eastern",0.11592100859087359,0.1238424634608948,0.054111346647327904,0.4667949951876805,3.7692644521325946,1.0,0.03975540337656257,1.643190758960524,0.831030095182585,0.29146634615384615,0.39142793096487716,0.45186596606230867,3,2
"nas_dominant, northern","hub_Large, slot_controlled, tz_Eastern",0.11592100859087359,0.1238424634608948,0.054111346647327904,0.4667949951876805,3.7692644521325946,1.0,0.03975540337656257,1.643190758960524,0.831030095182585,0.29146634615384615,0.39142793096487716,0.45186596606230867,2,3
"hub_Large, nas_dominant, northern",slot_controlled,0.11592100859087359,0.1238424634608948,0.054111346647327904,0.4667949951876805,3.7692644521325946,1.0,0.03975540337656257,1.643190758960524,0.831030095182585,0.29146634615384615,0.39142793096487716,0.45186596606230867,3,1
"nas_dominant, northern","hub_Large, slot_controlled",0.11592100859087359,0.1238424634608948,0.054111346647327904,0.4667949951876805,3.7692644521325946,1.0,0.03975540337656257,1.643190758960524,0.831030095182585,0.29146634615384615,0.39142793096487716,0.45186596606230867,2,2
"nas_dominant, northern",slot_controlled,0.11592100859087359,0.1238424634608948,0.054111346647327904,0.4667949951876805,3.7692644521325946,1.0,0.03975540337656257,1.643190758960524,0.831030095182585,0.29146634615384615,0.39142793096487716,0.45186596606230867,2,1
"nas_dominant, northern","slot_controlled, tz_Eastern",0.11592100859087359,0.1238424634608948,0.054111346647327904,0.4667949951876805,3.7692644521325946,1.0,0.03975540337656257,1.643190758960524,0.831030095182585,0.29146634615384615,0.39142793096487716,0.45186596606230867,2,2
"hub_Large, slot_controlled, tz_Eastern","nas_dominant, northern",0.1238424634608948,0.11592100859087359,0.054111346647327904,0.4369369369369369,3.769264452132594,1.0,0.03975540337656257,1.5701242887426083,0.8385435469536232,0.29146634615384615,0.36310774429148984,0.45186596606230867,3,2
"slot_controlled, tz_Eastern","hub_Large, nas_dominant, northern",0.1238424634608948,0.11592100859087359,0.054111346647327904,0.4369369369369369,3.769264452132594,1.0,0.03975540337656257,1.5701242887426083,0.8385435469536232,0.29146634615384615,0.36310774429148984,0.45186596606230867,2,3
"hub_Large, slot_controlled","nas_dominant, northern",0.1238424634608948,0.11592100859087359,0.054111346647327904,0.4369369369369369,3.769264452132594,1.0,0.03975540337656257,1.5701242887426083,0.8385435469536232,0.29146634615384615,0.36310774429148984,0.45186596606230867,2,2
slot_controlled,"hub_Large, nas_dominant, northern",0.1238424634608948,0.11592100859087359,0.054111346647327904,0.4369369369369369,3.769264452132594,1.0,0.03975540337656257,1.5701242887426083,0.8385435469536232,0.29146634615384615,0.36310774429148984,0.45186596606230867,1,3
slot_controlled,"nas_dominant, northern",0.1238424634608948,0.11592100859087359,0.054111346647327904,0.4369369369369369,3.769264452132594,1.0,0.03975540337656257,1.5701242887426083,0.8385435469536232,0.29146634615384615,0.36310774429148984,0.45186596606230867,1,2
"slot_controlled, tz_Eastern","nas_dominant, northern",0.1238424634608948,0.11592100859087359,0.054111346647327904,0.4369369369369369,3.769264452132594,1.0,0.03975540337656257,1.5701242887426083,0.8385435469536232,0.29146634615384615,0.36310774429148984,0.45186596606230867,2,2
"hub_Large, nas_dominant, tz_Eastern","northern, slot_controlled",0.11670199709918554,0.1238424634608948,0.054111346647327904,0.4636711281070746,3.744039929030369,1.0,0.03965868383575857,1.633619934438332,0.8297412979247318,0.29024536205864754,0.3878625138448631,0.4503040325220058,3,2
"nas_dominant, tz_Eastern","hub_Large, northern, slot_controlled",0.11670199709918554,0.1238424634608948,0.054111346647327904,0.4636711281070746,3.744039929030369,1.0,0.03965868383575857,1.633619934438332,0.8297412979247318,0.29024536205864754,0.3878625138448631,0.4503040325220058,2,3
"hub_Large, nas_dominant, tz_Eastern",slot_controlled,0.11670199709918554,0.1238424634608948,0.054111346647327904,0.4636711281070746,3.744039929030369,1.0,0.03965868383575857,1.633619934438332,0.8297412979247318,0.29024536205864754,0.3878625138448631,0.4503040325220058,3,1
"nas_dominant, tz_Eastern","hub_Large, slot_controlled",0.11670199709918554,0.1238424634608948,0.054111346647327904,0.4636711281070746,3.744039929030369,1.0,0.03965868383575857,1.633619934438332,0.8297412979247318,0.29024536205864754,0.3878625138448631,0.4503040325220058,2,2
"nas_dominant, tz_Eastern","northern, slot_controlled",0.11670199709918554,0.1238424634608948,0.054111346647327904,0.4636711281070746,3.744039929030369,1.0,0.03965868383575857,1.633619934438332,0.8297412979247318,0.29024536205864754,0.3878625138448631,0.4503040325220058,2,2
"nas_dominant, tz_Eastern",slot_controlled,0.11670199709918554,0.1238424634608948,0.054111346647327904,0.4636711281070746,3.744039929030369,1.0,0.03965868383575857,1.633619934438332,0.8297412979247318,0.29024536205864754,0.3878625138448631,0.4503040325220058,2,1
"hub_Large, northern, slot_controlled","nas_dominant, tz_Eastern",0.1238424634608948,0.11670199709918554,0.054111346647327904,0.4369369369369369,3.7440399290303685,1.0,0.03965868383575857,1.5687372531518464,0.8365034834674777,0.29024536205864754,0.3625446211653108,0.4503040325220058,3,2
"northern, slot_controlled","hub_Large, nas_dominant, tz_Eastern",0.1238424634608948,0.11670199709918554,0.054111346647327904,0.4369369369369369,3.7440399290303685,1.0,0.03965868383575857,1.5687372531518464,0.8365034834674777,0.29024536205864754,0.3625446211653108,0.4503040325220058,2,3
"hub_Large, slot_controlled","nas_dominant, tz_Eastern",0.1238424634608948,0.11670199709918554,0.054111346647327904,0.4369369369369369,3.7440399290303685,1.0,0.03965868383575857,1.5687372531518464,0.8365034834674777,0.29024536205864754,0.3625446211653108,0.4503040325220058,2,2
slot_controlled,"hub_Large, nas_dominant, tz_Eastern",0.1238424634608948,0.11670199709918554,0.054111346647327904,0.4369369369369369,3.7440399290303685,1.0,0.03965868383575857,1.5687372531518464,0.8365034834674777,0.29024536205864754,0.3625446211653108,0.4503040325220058,1,3
"northern, slot_controlled","nas_dominant, tz_Eastern",0.1238424634608948,0.11670199709918554,0.054111346647327904,0.4369369369369369,3.7440399290303685,1.0,0.03965868383575857,1.5687372531518464,0.8365034834674777,0.29024536205864754,0.3625446211653108,0.4503040325220058,2,2
slot_controlled,"nas_dominant, tz_Eastern",0.1238424634608948,0.11670199709918554,0.054111346647327904,0.4369369369369369,3.7440399290303685,1.0,0.03965868383575857,1.5687372531518464,0.8365034834674777,0.29024536205864754,0.3625446211653108,0.4503040325220058,1,2
tz_Pacific,"carrier_dominant, region_West",0.155751422514783,0.10799955372085239,0.06225594109115252,0.39971346704871064,3.7010659144190017,1.0,0.045434856968168034,1.4859577840163367,0.8644463106878434,0.3089700996677741,0.3270333715018878,0.4880798740202231,1,2
"hub_Large, tz_Pacific","carrier_dominant, region_West",0.155751422514783,0.10799955372085239,0.06225594109115252,0.39971346704871064,3.7010659144190017,1.0,0.045434856968168034,1.4859577840163367,0.8644463106878434,0.3089700996677741,0.3270333715018878,0.4880798740202231,2,2
tz_Pacific,"carrier_dominant, hub_Large, region_West",0.155751422514783,0.10799955372085239,0.06225594109115252,0.39971346704871064,3.7010659144190017,1.0,0.045434856968168034,1.4859577840163367,0.8644463106878434,0.3089700996677741,0.3270333715018878,0.4880798740202231,1,3
"carrier_dominant, region_West",tz_Pacific,0.10799955372085239,0.155751422514783,0.06225594109115252,0.5764462809917356,3.7010659144190012,1.0,0.045434856968168034,1.9932503000138782,0.8181695100656549,0.3089700996677741,0.49830686091303367,0.4880798740202231,2,1
"carrier_dominant, hub_Large, region_West",tz_Pacific,0.10799955372085239,0.155751422514783,0.06225594109115252,0.5764462809917356,3.7010659144190012,1.0,0.045434856968168034,1.9932503000138782,0.8181695100656549,0.3089700996677741,0.49830686091303367,0.4880798740202231,3,1
"carrier_dominant, region_West","hub_Large, tz_Pacific",0.10799955372085239,0.155751422514783,0.06225594109115252,0.5764462809917356,3.7010659144190012,1.0,0.045434856968168034,1.9932503000138782,0.8181695100656549,0.3089700996677741,0.49830686091303367,0.4880798740202231,2,2
"high_cancel, hub_Large, northern, tz_Eastern",region_Northeast,0.09963181970322436,0.16423072631931274,0.0572353006805757,0.574468085106383,3.497933048103608,1.0,0.04087269456620035,1.9640577931496153,0.7931387397310569,0.27699784017278617,0.4908500129233095,0.46148675994449584,4,1
"high_cancel, northern, tz_Eastern","hub_Large, region_Northeast",0.09963181970322436,0.16423072631931274,0.0572353006805757,0.574468085106383,3.497933048103608,1.0,0.04087269456620035,1.9640577931496153,0.7931387397310569,0.27699784017278617,0.4908500129233095,0.46148675994449584,3,2
"high_cancel, northern, tz_Eastern",region_Northeast,0.09963181970322436,0.16423072631931274,0.0572353006805757,0.574468085106383,3.497933048103608,1.0,0.04087269456620035,1.9640577931496153,0.7931387397310569,0.27699784017278617,0.4908500129233095,0.46148675994449584,3,1
"hub_Large, region_Northeast","high_cancel, northern, tz_Eastern",0.16423072631931274,0.09963181970322436,0.0572353006805757,0.3485054347826087,3.497933048103608,1.0,0.04087269456620035,1.3820041307579287,0.8544426150887238,0.27699784017278617,0.2764131613329023,0.46148675994449584,2,3
region_Northeast,"high_cancel, hub_Large, northern, tz_Eastern",0.16423072631931274,0.09963181970322436,0.0572353006805757,0.3485054347826087,3.497933048103608,1.0,0.04087269456620035,1.3820041307579287,0.8544426150887238,0.27699784017278617,0.2764131613329023,0.46148675994449584,1,4
region_Northeast,"high_cancel, northern, tz_Eastern",0.16423072631931274,0.09963181970322436,0.0572353006805757,0.3485054347826087,3.497933048103608,1.0,0.04087269456620035,1.3820041307579287,0.8544426150887238,0.27699784017278617,0.2764131613329023,0.46148675994449584,1,3
"late_aircraft_dominant, many_runways, tz_Central","northern, region_Midwest",0.11424746178734799,0.13879281490572354,0.05254936963070401,0.4599609375,3.314011159817122,1.0,0.0366926428134039,1.5947127622722226,0.7883137051653679,0.2621035058430718,0.3729278252121389,0.41928915042202575,3,2
"late_aircraft_dominant, many_runways, tz_Central",region_Midwest,0.11424746178734799,0.13879281490572354,0.05254936963070401,0.4599609375,3.314011159817122,1.0,0.0366926428134039,1.5947127622722226,0.7883137051653679,0.2621035058430718,0.3729278252121389,0.41928915042202575,3,1
"hub_Large, late_aircraft_dominant, many_runways, tz_Central",region_Midwest,0.11424746178734799,0.13879281490572354,0.05254936963070401,0.4599609375,3.314011159817122,1.0,0.0366926428134039,1.5947127622722226,0.7883137051653679,0.2621035058430718,0.3729278252121389,0.41928915042202575,4,1
"late_aircraft_dominant, many_runways, tz_Central","hub_Large, region_Midwest",0.11424746178734799,0.13879281490572354,0.05254936963070401,0.4599609375,3.314011159817122,1.0,0.0366926428134039,1.5947127622722226,0.7883137051653679,0.2621035058430718,0.3729278252121389,0.41928915042202575,3,2
"hub_Large, late_aircraft_dominant, many_runways, tz_Central","northern, region_Midwest",0.11424746178734799,0.13879281490572354,0.05254936963070401,0.4599609375,3.314011159817122,1.0,0.0366926428134039,1.5947127622722226,0.7883137051653679,0.2621035058430718,0.3729278252121389,0.41928915042202575,4,2
"late_aircraft_dominant, many_runways, tz_Central","hub_Large, northern, region_Midwest",0.11424746178734799,0.13879281490572354,0.05254936963070401,0.4599609375,3.314011159817122,1.0,0.0366926428134039,1.5947127622722226,0.7883137051653679,0.2621035058430718,0.3729278252121389,0.41928915042202575,3,3
"northern, region_Midwest","late_aircraft_dominant, many_runways, tz_Central",0.13879281490572354,0.11424746178734799,0.05254936963070401,0.37861736334405144,3.314011159817122,1.0,0.0366926428134039,1.4254542788312279,0.8107815138370069,0.2621035058430718,0.2984692565376916,0.41928915042202575,2,3
region_Midwest,"late_aircraft_dominant, many_runways, tz_Central",0.13879281490572354,0.11424746178734799,0.05254936963070401,0.37861736334405144,3.314011159817122,1.0,0.0366926428134039,1.4254542788312279,0.8107815138370069,0.2621035058430718,0.2984692565376916,0.41928915042202575,1,3
"hub_Large, region_Midwest","late_aircraft_dominant, many_runways, tz_Central",0.13879281490572354,0.11424746178734799,0.05254936963070401,0.37861736334405144,3.314011159817122,1.0,0.0366926428134039,1.4254542788312279,0.8107815138370069,0.2621035058430718,0.2984692565376916,0.41928915042202575,2,3
region_Midwest,"hub_Large, late_aircraft_dominant, many_runways, tz_Central",0.13879281490572354,0.11424746178734799,0.05254936963070401,0.37861736334405144,3.314011159817122,1.0,0.0366926428134039,1.4254542788312279,0.8107815138370069,0.2621035058430718,0.2984692565376916,0.41928915042202575,1,4
"hub_Large, northern, region_Midwest","late_aircraft_dominant, many_runways, tz_Central",0.13879281490572354,0.11424746178734799,0.05254936963070401,0.37861736334405144,3.314011159817122,1.0,0.0366926428134039,1.4254542788312279,0.8107815138370069,0.2621035058430718,0.2984692565376916,0.41928915042202575,3,3
"northern, region_Midwest","hub_Large, late_aircraft_dominant, many_runways, tz_Central",0.13879281490572354,0.11424746178734799,0.05254936963070401,0.37861736334405144,3.314011159817122,1.0,0.0366926428134039,1.4254542788312279,0.8107815138370069,0.2621035058430718,0.2984692565376916,0.41928915042202575,2,4
"hub_Large, late_aircraft_dominant, region_Northeast","northern, tz_Eastern",0.06939640745286177,0.3144036594890104,0.06939640745286177,1.0,3.1806245564229947,1.0,0.047577922994291595,inf,0.7367222155616834,0.2207239176721079,1.0,0.6103619588360539,3,2
"late_aircraft_dominant, region_Northeast","hub_Large, northern, tz_Eastern",0.06939640745286177,0.3144036594890104,0.06939640745286177,1.0,3.1806245564229947,1.0,0.047577922994291595,inf,0.7367222155616834,0.2207239176721079,1.0,0.6103619588360539,2,3
"late_aircraft_dominant, region_Northeast","northern, tz_Eastern",0.06939640745286177,0.3144036594890104,0.06939640745286177,1.0,3.1806245564229947,1.0,0.047577922994291595,inf,0.7367222155616834,0.2207239176721079,1.0,0.6103619588360539,2,2
"high_cancel, hub_Large, region_Northeast","northern, tz_Eastern",0.0572353006805757,0.3144036594890104,0.0572353006805757,1.0,3.1806245564229947,1.0,0.03924031269464885,inf,0.7272189349112425,0.18204400283889283,1.0,0.5910220014194464,3,2
"high_cancel, region_Northeast","hub_Large, northern, tz_Eastern",0.0572353006805757,0.3144036594890104,0.0572353006805757,1.0,3.1806245564229947,1.0,0.03924031269464885,inf,0.7272189349112425,0.18204400283889283,1.0,0.5910220014194464,2,3
"high_cancel, region_Northeast","northern, tz_Eastern",0.0572353006805757,0.3144036594890104,0.0572353006805757,1.0,3.1806245564229947,1.0,0.03924031269464885,inf,0.7272189349112425,0.18204400283889283,1.0,0.5910220014194464,2,2
"hub_Large, nas_dominant, region_Northeast","northern, tz_Eastern",0.0572353006805757,0.3144036594890104,0.0572353006805757,1.0,3.1806245564229947,1.0,0.03924031269464885,inf,0.7272189349112425,0.18204400283889283,1.0,0.5910220014194464,3,2
"nas_dominant, region_Northeast","hub_Large, northern, tz_Eastern",0.0572353006805757,0.3144036594890104,0.0572353006805757,1.0,3.1806245564229947,1.0,0.03924031269464885,inf,0.7272189349112425,0.18204400283889283,1.0,0.5910220014194464,2,3
"nas_dominant, region_Northeast","northern, tz_Eastern",0.0572353006805757,0.3144036594890104,0.0572353006805757,1.0,3.1806245564229947,1.0,0.03924031269464885,inf,0.7272189349112425,0.18204400283889283,1.0,0.5910220014194464,2,2
"hub_Large, nas_dominant, slot_controlled","northern, tz_Eastern",0.054111346647327904,0.3144036594890104,0.054111346647327904,1.0,3.1806245564229947,1.0,0.037098541241529615,inf,0.7248171738617597,0.17210787792760823,1.0,0.5860539389638041,3,2
"nas_dominant, slot_controlled","hub_Large, northern, tz_Eastern",0.054111346647327904,0.3144036594890104,0.054111346647327904,1.0,3.1806245564229947,1.0,0.037098541241529615,inf,0.7248171738617597,0.17210787792760823,1.0,0.5860539389638041,2,3
"nas_dominant, slot_controlled","northern, tz_Eastern",0.054111346647327904,0.3144036594890104,0.054111346647327904,1.0,3.1806245564229947,1.0,0.037098541241529615,inf,0.7248171738617597,0.17210787792760823,1.0,0.5860539389638041,2,2
"carrier_dominant, hub_Large, region_Northeast","northern, tz_Eastern",0.050987392614080106,0.3144036594890104,0.050987392614080106,1.0,3.1806245564229947,1.0,0.03495676978841038,inf,0.7224312250176346,0.1621717530163236,1.0,0.5810858765081618,3,2
"carrier_dominant, region_Northeast","hub_Large, northern, tz_Eastern",0.050987392614080106,0.3144036594890104,0.050987392614080106,1.0,3.1806245564229947,1.0,0.03495676978841038,inf,0.7224312250176346,0.1621717530163236,1.0,0.5810858765081618,2,3
"carrier_dominant, region_Northeast","northern, tz_Eastern",0.050987392614080106,0.3144036594890104,0.050987392614080106,1.0,3.1806245564229947,1.0,0.03495676978841038,inf,0.7224312250176346,0.1621717530163236,1.0,0.5810858765081618,2,2
"hub_Large, region_Midwest","late_aircraft_dominant, many_runways, northern",0.13879281490572354,0.18978020751980365,0.08233850273345977,0.5932475884244373,3.1259718606985483,1.0,0.05599837351839386,1.9919237585876763,0.7897048461351306,0.3343905754417761,0.49797275338036784,0.5135550111434355,2,3
region_Midwest,"hub_Large, late_aircraft_dominant, many_runways, northern",0.13879281490572354,0.18978020751980365,0.08233850273345977,0.5932475884244373,3.1259718606985483,1.0,0.05599837351839386,1.9919237585876763,0.7897048461351306,0.3343905754417761,0.49797275338036784,0.5135550111434355,1,4
region_Midwest,"late_aircraft_dominant, many_runways, northern",0.13879281490572354,0.18978020751980365,0.08233850273345977,0.5932475884244373,3.1259718606985483,1.0,0.05599837351839386,1.9919237585876763,0.7897048461351306,0.3343905754417761,0.49797275338036784,0.5135550111434355,1,3
"hub_Large, late_aircraft_dominant, many_runways, northern",region_Midwest,0.18978020751980365,0.13879281490572354,0.08233850273345977,0.4338624338624338,3.125971860698548,1.0,0.05599837351839386,1.5211977381571795,0.8394012265652812,0.3343905754417761,0.34262326657714653,0.5135550111434355,4,1
"late_aircraft_dominant, many_runways, northern","hub_Large, region_Midwest",0.18978020751980365,0.13879281490572354,0.08233850273345977,0.4338624338624338,3.125971860698548,1.0,0.05599837351839386,1.5211977381571795,0.8394012265652812,0.3343905754417761,0.34262326657714653,0.5135550111434355,3,2
"late_aircraft_dominant, many_runways, northern",region_Midwest,0.18978020751980365,0.13879281490572354,0.08233850273345977,0.4338624338624338,3.125971860698548,1.0,0.05599837351839386,1.5211977381571795,0.8394012265652812,0.3343905754417761,0.34262326657714653,0.5135550111434355,3,1
"late_aircraft_dominant, northern, region_Midwest","many_runways, tz_Central",0.08233850273345977,0.20751980363717507,0.05254936963070401,0.6382113821138212,3.075423988110849,1.0,0.035462499711677434,2.1904508798343256,0.7353927167831491,0.2214386459802539,0.5434729857646318,0.4457185942827171,3,2
"late_aircraft_dominant, region_Midwest","many_runways, tz_Central",0.08233850273345977,0.20751980363717507,0.05254936963070401,0.6382113821138212,3.075423988110849,1.0,0.035462499711677434,2.1904508798343256,0.7353927167831491,0.2214386459802539,0.5434729857646318,0.4457185942827171,2,2
"hub_Large, late_aircraft_dominant, region_Midwest","many_runways, tz_Central",0.08233850273345977,0.20751980363717507,0.05254936963070401,0.6382113821138212,3.075423988110849,1.0,0.035462499711677434,2.1904508798343256,0.7353927167831491,0.2214386459802539,0.5434729857646318,0.4457185942827171,3,2
"late_aircraft_dominant, region_Midwest","hub_Large, many_runways, tz_Central",0.08233850273345977,0.20751980363717507,0.05254936963070401,0.6382113821138212,3.075423988110849,1.0,0.035462499711677434,2.1904508798343256,0.7353927167831491,0.2214386459802539,0.5434729857646318,0.4457185942827171,2,3
"hub_Large, late_aircraft_dominant, northern, region_Midwest","many_runways, tz_Central",0.08233850273345977,0.20751980363717507,0.05254936963070401,0.6382113821138212,3.075423988110849,1.0,0.035462499711677434,2.1904508798343256,0.7353927167831491,0.2214386459802539,0.5434729857646318,0.4457185942827171,4,2
"late_aircraft_dominant, northern, region_Midwest","hub_Large, many_runways, tz_Central",0.08233850273345977,0.20751980363717507,0.05254936963070401,0.6382113821138212,3.075423988110849,1.0,0.035462499711677434,2.1904508798343256,0.7353927167831491,0.2214386459802539,0.5434729857646318,0.4457185942827171,3,3
"hub_Large, nas_dominant, northern",region_Northeast,0.11592100859087359,0.16423072631931274,0.0572353006805757,0.4937439846005775,3.0064044388416957,1.0,0.038197509244029246,1.6508826527647036,0.7548836264197991,0.2567567567567568,0.3942634273094348,0.4211247096915931,3,1
"nas_dominant, northern","hub_Large, region_Northeast",0.11592100859087359,0.16423072631931274,0.0572353006805757,0.4937439846005775,3.0064044388416957,1.0,0.038197509244029246,1.6508826527647036,0.7548836264197991,0.2567567567567568,0.3942634273094348,0.4211247096915931,2,2
"nas_dominant, northern",region_Northeast,0.11592100859087359,0.16423072631931274,0.0572353006805757,0.4937439846005775,3.0064044388416957,1.0,0.038197509244029246,1.6508826527647036,0.7548836264197991,0.2567567567567568,0.3942634273094348,0.4211247096915931,2,1
"hub_Large, nas_dominant, northern","region_Northeast, tz_Eastern",0.11592100859087359,0.16423072631931274,0.0572353006805757,0.4937439846005775,3.0064044388416957,1.0,0.038197509244029246,1.6508826527647036,0.7548836264197991,0.2567567567567568,0.3942634273094348,0.4211247096915931,3,2
"nas_dominant, northern","hub_Large, region_Northeast, tz_Eastern",0.11592100859087359,0.16423072631931274,0.0572353006805757,0.4937439846005775,3.0064044388416957,1.0,0.038197509244029246,1.6508826527647036,0.7548836264197991,0.2567567567567568,0.3942634273094348,0.4211247096915931,2,3
"nas_dominant, northern","region_Northeast, tz_Eastern",0.11592100859087359,0.16423072631931274,0.0572353006805757,0.4937439846005775,3.0064044388416957,1.0,0.038197509244029246,1.6508826527647036,0.7548836264197991,0.2567567567567568,0.3942634273094348,0.4211247096915931,2,2
"hub_Large, region_Northeast","nas_dominant, northern",0.16423072631931274,0.11592100859087359,0.0572353006805757,0.3485054347826087,3.0064044388416957,1.0,0.038197509244029246,1.3570013298792847,0.7985179356228125,0.2567567567567568,0.2630810464357044,0.4211247096915931,2,2
region_Northeast,"hub_Large, nas_dominant, northern",0.16423072631931274,0.11592100859087359,0.0572353006805757,0.3485054347826087,3.0064044388416957,1.0,0.038197509244029246,1.3570013298792847,0.7985179356228125,0.2567567567567568,0.2630810464357044,0.4211247096915931,1,3
region_Northeast,"nas_dominant, northern",0.16423072631931274,0.11592100859087359,0.0572353006805757,0.3485054347826087,3.0064044388416957,1.0,0.038197509244029246,1.3570013298792847,0.7985179356228125,0.2567567567567568,0.2630810464357044,0.4211247096915931,1,2
"hub_Large, region_Northeast, tz_Eastern","nas_dominant, northern",0.16423072631931274,0.11592100859087359,0.0572353006805757,0.3485054347826087,3.0064044388416957,1.0,0.038197509244029246,1.3570013298792847,0.7985179356228125,0.2567567567567568,0.2630810464357044,0.4211247096915931,3,2
"region_Northeast, tz_Eastern","hub_Large, nas_dominant, northern",0.16423072631931274,0.11592100859087359,0.0572353006805757,0.3485054347826087,3.0064044388416957,1.0,0.038197509244029246,1.3570013298792847,0.7985179356228125,0.2567567567567568,0.2630810464357044,0.4211247096915931,2,3
"region_Northeast, tz_Eastern","nas_dominant, northern",0.16423072631931274,0.11592100859087359,0.0572353006805757,0.3485054347826087,3.0064044388416957,1.0,0.038197509244029246,1.3570013298792847,0.7985179356228125,0.2567567567567568,0.2630810464357044,0.4211247096915931,2,2
"nas_dominant, tz_Eastern",region_Northeast,0.11670199709918554,0.16423072631931274,0.0572353006805757,0.49043977055449334,2.9862850974727744,1.0,0.038069246934062134,1.6401775990056267,0.753014031295943,0.25586034912718203,0.39030992704310824,0.419472602668551,2,1
"hub_Large, nas_dominant, tz_Eastern",region_Northeast,0.11670199709918554,0.16423072631931274,0.0572353006805757,0.49043977055449334,2.9862850974727744,1.0,0.038069246934062134,1.6401775990056267,0.753014031295943,0.25586034912718203,0.39030992704310824,0.419472602668551,3,1
"nas_dominant, tz_Eastern","hub_Large, region_Northeast",0.11670199709918554,0.16423072631931274,0.0572353006805757,0.49043977055449334,2.9862850974727744,1.0,0.038069246934062134,1.6401775990056267,0.753014031295943,0.25586034912718203,0.39030992704310824,0.419472602668551,2,2
"hub_Large, nas_dominant, tz_Eastern","northern, region_Northeast",0.11670199709918554,0.16423072631931274,0.0572353006805757,0.49043977055449334,2.9862850974727744,1.0,0.038069246934062134,1.6401775990056267,0.753014031295943,0.25586034912718203,0.39030992704310824,0.419472602668551,3,2
"nas_dominant, tz_Eastern","hub_Large, northern, region_Northeast",0.11670199709918554,0.16423072631931274,0.0572353006805757,0.49043977055449334,2.9862850974727744,1.0,0.038069246934062134,1.6401775990056267,0.753014031295943,0.25586034912718203,0.39030992704310824,0.419472602668551,2,3
"nas_dominant, tz_Eastern","northern, region_Northeast",0.11670199709918554,0.16423072631931274,0.0572353006805757,0.49043977055449334,2.9862850974727744,1.0,0.038069246934062134,1.6401775990056267,0.753014031295943,0.25586034912718203,0.39030992704310824,0.419472602668551,2,2
region_Northeast,"nas_dominant, tz_Eastern",0.16423072631931274,0.11670199709918554,0.0572353006805757,0.3485054347826087,2.9862850974727744,1.0,0.038069246934062134,1.3558025654535963,0.7958366153744468,0.25586034912718203,0.2624294823741975,0.419472602668551,1,2
"hub_Large, region_Northeast","nas_dominant, tz_Eastern",0.16423072631931274,0.11670199709918554,0.0572353006805757,0.3485054347826087,2.9862850974727744,1.0,0.038069246934062134,1.3558025654535963,0.7958366153744468,0.25586034912718203,0.2624294823741975,0.419472602668551,2,2
region_Northeast,"hub_Large, nas_dominant, tz_Eastern",0.16423072631931274,0.11670199709918554,0.0572353006805757,0.3485054347826087,2.9862850974727744,1.0,0.038069246934062134,1.3558025654535963,0.7958366153744468,0.25586034912718203,0.2624294823741975,0.419472602668551,1,3
"hub_Large, northern, region_Northeast","nas_dominant, tz_Eastern",0.16423072631931274,0.11670199709918554,0.0572353006805757,0.3485054347826087,2.9862850974727744,1.0,0.038069246934062134,1.3558025654535963,0.7958366153744468,0.25586034912718203,0.2624294823741975,0.419472602668551,3,2
"northern, region_Northeast","hub_Large, nas_dominant, tz_Eastern",0.16423072631931274,0.11670199709918554,0.0572353006805757,0.3485054347826087,2.9862850974727744,1.0,0.038069246934062134,1.3558025654535963,0.7958366153744468,0.25586034912718203,0.2624294823741975,0.419472602668551,2,3
"northern, region_Northeast","nas_dominant, tz_Eastern",0.16423072631931274,0.11670199709918554,0.0572353006805757,0.3485054347826087,2.9862850974727744,1.0,0.038069246934062134,1.3558025654535963,0.7958366153744468,0.25586034912718203,0.2624294823741975,0.419472602668551,2,2
"hub_Large, region_Midwest","carrier_dominant, many_runways, northern",0.13879281490572354,0.13589200044627914,0.05623117259846034,0.40514469453376206,2.981372657722586,1.0,0.03737033933335142,1.4526356100605793,0.7716889061622836,0.2574055158324821,0.3115961132480451,0.409468898991019,2,3
region_Midwest,"carrier_dominant, hub_Large, many_runways, northern",0.13879281490572354,0.13589200044627914,0.05623117259846034,0.40514469453376206,2.981372657722586,1.0,0.03737033933335142,1.4526356100605793,0.7716889061622836,0.2574055158324821,0.3115961132480451,0.409468898991019,1,4
region_Midwest,"carrier_dominant, many_runways, northern",0.13879281490572354,0.13589200044627914,0.05623117259846034,0.40514469453376206,2.981372657722586,1.0,0.03737033933335142,1.4526356100605793,0.7716889061622836,0.2574055158324821,0.3115961132480451,0.409468898991019,1,3
"carrier_dominant, hub_Large, many_runways, northern",region_Midwest,0.13589200044627914,0.13879281490572354,0.05623117259846034,0.4137931034482759,2.9813726577225856,1.0,0.03737033933335142,1.4691181392784716,0.7690983430170002,0.2574055158324821,0.31931954737749674,0.409468898991019,4,1
"carrier_dominant, many_runways, northern","hub_Large, region_Midwest",0.13589200044627914,0.13879281490572354,0.05623117259846034,0.4137931034482759,2.9813726577225856,1.0,0.03737033933335142,1.4691181392784716,0.7690983430170002,0.2574055158324821,0.31931954737749674,0.409468898991019,3,2
"carrier_dominant, many_runways, northern",region_Midwest,0.13589200044627914,0.13879281490572354,0.05623117259846034,0.4137931034482759,2.9813726577225856,1.0,0.03737033933335142,1.4691181392784716,0.7690983430170002,0.2574055158324821,0.31931954737749674,0.409468898991019,3,1
"hub_Large, late_aircraft_dominant, region_Midwest","many_runways, northern",0.08233850273345977,0.33794488452527055,0.08233850273345977,1.0,2.959062396830637,1.0,0.05451262693521704,inf,0.7214589665653496,0.24364476724991746,1.0,0.6218223836249588,3,2
"late_aircraft_dominant, region_Midwest","hub_Large, many_runways, northern",0.08233850273345977,0.33794488452527055,0.08233850273345977,1.0,2.959062396830637,1.0,0.05451262693521704,inf,0.7214589665653496,0.24364476724991746,1.0,0.6218223836249588,2,3
"late_aircraft_dominant, region_Midwest","many_runways, northern",0.08233850273345977,0.33794488452527055,0.08233850273345977,1.0,2.959062396830637,1.0,0.05451262693521704,inf,0.7214589665653496,0.24364476724991746,1.0,0.6218223836249588,2,2
"carrier_dominant, hub_Large, region_Midwest","many_runways, northern",0.05623117259846034,0.33794488452527055,0.05623117259846034,1.0,2.959062396830637,1.0,0.0372281354679531,inf,0.7015013594987587,0.1663915483657973,1.0,0.5831957741828987,3,2
"carrier_dominant, region_Midwest","hub_Large, many_runways, northern",0.05623117259846034,0.33794488452527055,0.05623117259846034,1.0,2.959062396830637,1.0,0.0372281354679531,inf,0.7015013594987587,0.1663915483657973,1.0,0.5831957741828987,2,3
"carrier_dominant, region_Midwest","many_runways, northern",0.05623117259846034,0.33794488452527055,0.05623117259846034,1.0,2.959062396830637,1.0,0.0372281354679531,inf,0.7015013594987587,0.1663915483657973,1.0,0.5831957741828987,2,2
"late_aircraft_dominant, region_Midwest, tz_Central","many_runways, northern",0.05254936963070401,0.33794488452527055,0.05254936963070401,1.0,2.959062396830637,1.0,0.03479057897897998,inf,0.6987753179463023,0.1554968636513701,1.0,0.577748431825685,3,2
"hub_Large, late_aircraft_dominant, region_Midwest, tz_Central","many_runways, northern",0.05254936963070401,0.33794488452527055,0.05254936963070401,1.0,2.959062396830637,1.0,0.03479057897897998,inf,0.6987753179463023,0.1554968636513701,1.0,0.577748431825685,4,2
"late_aircraft_dominant, region_Midwest, tz_Central","hub_Large, many_runways, northern",0.05254936963070401,0.33794488452527055,0.05254936963070401,1.0,2.959062396830637,1.0,0.03479057897897998,inf,0.6987753179463023,0.1554968636513701,1.0,0.577748431825685,3,3
"region_Midwest, tz_Central","late_aircraft_dominant, many_runways, northern",0.09461117929264755,0.18978020751980365,0.05254936963070401,0.5554245283018868,2.92667257329207,1.0,0.03459404039085201,1.8224572520509459,0.7271075424530338,0.22666025024061598,0.4512902846557163,0.4161602359322485,2,3
"hub_Large, region_Midwest, tz_Central","late_aircraft_dominant, many_runways, northern",0.09461117929264755,0.18978020751980365,0.05254936963070401,0.5554245283018868,2.92667257329207,1.0,0.03459404039085201,1.8224572520509459,0.7271075424530338,0.22666025024061598,0.4512902846557163,0.4161602359322485,3,3
"region_Midwest, tz_Central","hub_Large, late_aircraft_dominant, many_runways, northern",0.09461117929264755,0.18978020751980365,0.05254936963070401,0.5554245283018868,2.92667257329207,1.0,0.03459404039085201,1.8224572520509459,0.7271075424530338,0.22666025024061598,0.4512902846557163,0.4161602359322485,2,4
"hub_Large, region_Northeast","carrier_dominant, northern, tz_Eastern",0.16423072631931274,0.10688385585183532,0.050987392614080106,0.31046195652173914,2.904666509712263,1.0,0.033433779335724466,1.295238388360688,0.7845782553944384,0.2316269640141916,0.22794135119354753,0.39374872356358354,2,3
region_Northeast,"carrier_dominant, hub_Large, northern, tz_Eastern",0.16423072631931274,0.10688385585183532,0.050987392614080106,0.31046195652173914,2.904666509712263,1.0,0.033433779335724466,1.295238388360688,0.7845782553944384,0.2316269640141916,0.22794135119354753,0.39374872356358354,1,4
region_Northeast,"carrier_dominant, northern, tz_Eastern",0.16423072631931274,0.10688385585183532,0.050987392614080106,0.31046195652173914,2.904666509712263,1.0,0.033433779335724466,1.295238388360688,0.7845782553944384,0.2316269640141916,0.22794135119354753,0.39374872356358354,1,3
"carrier_dominant, hub_Large, northern, tz_Eastern",region_Northeast,0.10688385585183532,0.16423072631931274,0.050987392614080106,0.47703549060542794,2.9046665097122624,1.0,0.033433779335724466,1.5981376530660645,0.7342005885271378,0.2316269640141916,0.3742716729804366,0.39374872356358354,4,1
"carrier_dominant, northern, tz_Eastern","hub_Large, region_Northeast",0.10688385585183532,0.16423072631931274,0.050987392614080106,0.47703549060542794,2.9046665097122624,1.0,0.033433779335724466,1.5981376530660645,0.7342005885271378,0.2316269640141916,0.3742716729804366,0.39374872356358354,3,2
"carrier_dominant, northern, tz_Eastern",region_Northeast,0.10688385585183532,0.16423072631931274,0.050987392614080106,0.47703549060542794,2.9046665097122624,1.0,0.033433779335724466,1.5981376530660645,0.7342005885271378,0.2316269640141916,0.3742716729804366,0.39374872356358354,3,1
"late_aircraft_dominant, tz_Central",region_Midwest,0.13209862769162112,0.13879281490572354,0.05254936963070401,0.39780405405405406,2.8661718138958894,1.0,0.03421502924820075,1.4301112302266805,0.7502034029775303,0.2406745017884517,0.3007536904374254,0.3882107086990527,2,1
"late_aircraft_dominant, tz_Central","many_runways, northern, region_Midwest",0.13209862769162112,0.13879281490572354,0.05254936963070401,0.39780405405405406,2.8661718138958894,1.0,0.03421502924820075,1.4301112302266805,0.7502034029775303,0.2406745017884517,0.3007536904374254,0.3882107086990527,2,3
"hub_Large, late_aircraft_dominant, tz_Central","northern, region_Midwest",0.13209862769162112,0.13879281490572354,0.05254936963070401,0.39780405405405406,2.8661718138958894,1.0,0.03421502924820075,1.4301112302266805,0.7502034029775303,0.2406745017884517,0.3007536904374254,0.3882107086990527,3,2
"late_aircraft_dominant, tz_Central","hub_Large, northern, region_Midwest",0.13209862769162112,0.13879281490572354,0.05254936963070401,0.39780405405405406,2.8661718138958894,1.0,0.03421502924820075,1.4301112302266805,0.7502034029775303,0.2406745017884517,0.3007536904374254,0.3882107086990527,2,3
"late_aircraft_dominant, tz_Central","many_runways, region_Midwest",0.13209862769162112,0.13879281490572354,0.05254936963070401,0.39780405405405406,2.8661718138958894,1.0,0.03421502924820075,1.4301112302266805,0.7502034029775303,0.2406745017884517,0.3007536904374254,0.3882107086990527,2,2
"hub_Large, late_aircraft_dominant, tz_Central",region_Midwest,0.13209862769162112,0.13879281490572354,0.05254936963070401,0.39780405405405406,2.8661718138958894,1.0,0.03421502924820075,1.4301112302266805,0.7502034029775303,0.2406745017884517,0.3007536904374254,0.3882107086990527,3,1
"late_aircraft_dominant, tz_Central","hub_Large, region_Midwest",0.13209862769162112,0.13879281490572354,0.05254936963070401,0.39780405405405406,2.8661718138958894,1.0,0.03421502924820075,1.4301112302266805,0.7502034029775303,0.2406745017884517,0.3007536904374254,0.3882107086990527,2,2
"late_aircraft_dominant, tz_Central","northern, region_Midwest",0.13209862769162112,0.13879281490572354,0.05254936963070401,0.39780405405405406,2.8661718138958894,1.0,0.03421502924820075,1.4301112302266805,0.7502034029775303,0.2406745017884517,0.3007536904374254,0.3882107086990527,2,2
"hub_Large, late_aircraft_dominant, tz_Central","many_runways, region_Midwest",0.13209862769162112,0.13879281490572354,0.05254936963070401,0.39780405405405406,2.8661718138958894,1.0,0.03421502924820075,1.4301112302266805,0.7502034029775303,0.2406745017884517,0.3007536904374254,0.3882107086990527,3,2
"late_aircraft_dominant, tz_Central","hub_Large, many_runways, region_Midwest",0.13209862769162112,0.13879281490572354,0.05254936963070401,0.39780405405405406,2.8661718138958894,1.0,0.03421502924820075,1.4301112302266805,0.7502034029775303,0.2406745017884517,0.3007536904374254,0.3882107086990527,2,3
"hub_Large, late_aircraft_dominant, tz_Central","many_runways, northern, region_Midwest",0.13209862769162112,0.13879281490572354,0.05254936963070401,0.39780405405405406,2.8661718138958894,1.0,0.03421502924820075,1.4301112302266805,0.7502034029775303,0.2406745017884517,0.3007536904374254,0.3882107086990527,3,3
"late_aircraft_dominant, tz_Central","hub_Large, many_runways, northern, region_Midwest",0.13209862769162112,0.13879281490572354,0.05254936963070401,0.39780405405405406,2.8661718138958894,1.0,0.03421502924820075,1.4301112302266805,0.7502034029775303,0.2406745017884517,0.3007536904374254,0.3882107086990527,2,4
region_Midwest,"late_aircraft_dominant, tz_Central",0.13879281490572354,0.13209862769162112,0.05254936963070401,0.37861736334405144,2.8661718138958894,1.0,0.03421502924820075,1.3967261412052048,0.7560347547301733,0.2406745017884517,0.2840400344070874,0.3882107086990527,1,2
"many_runways, northern, region_Midwest","late_aircraft_dominant, tz_Central",0.13879281490572354,0.13209862769162112,0.05254936963070401,0.37861736334405144,2.8661718138958894,1.0,0.03421502924820075,1.3967261412052048,0.7560347547301733,0.2406745017884517,0.2840400344070874,0.3882107086990527,3,2
"hub_Large, northern, region_Midwest","late_aircraft_dominant, tz_Central",0.13879281490572354,0.13209862769162112,0.05254936963070401,0.37861736334405144,2.8661718138958894,1.0,0.03421502924820075,1.3967261412052048,0.7560347547301733,0.2406745017884517,0.2840400344070874,0.3882107086990527,3,2
"northern, region_Midwest","hub_Large, late_aircraft_dominant, tz_Central",0.13879281490572354,0.13209862769162112,0.05254936963070401,0.37861736334405144,2.8661718138958894,1.0,0.03421502924820075,1.3967261412052048,0.7560347547301733,0.2406745017884517,0.2840400344070874,0.3882107086990527,2,3
"many_runways, region_Midwest","late_aircraft_dominant, tz_Central",0.13879281490572354,0.13209862769162112,0.05254936963070401,0.37861736334405144,2.8661718138958894,1.0,0.03421502924820075,1.3967261412052048,0.7560347547301733,0.2406745017884517,0.2840400344070874,0.3882107086990527,2,2
"hub_Large, region_Midwest","late_aircraft_dominant, tz_Central",0.13879281490572354,0.13209862769162112,0.05254936963070401,0.37861736334405144,2.8661718138958894,1.0,0.03421502924820075,1.3967261412052048,0.7560347547301733,0.2406745017884517,0.2840400344070874,0.3882107086990527,2,2
region_Midwest,"hub_Large, late_aircraft_dominant, tz_Central",0.13879281490572354,0.13209862769162112,0.05254936963070401,0.37861736334405144,2.8661718138958894,1.0,0.03421502924820075,1.3967261412052048,0.7560347547301733,0.2406745017884517,0.2840400344070874,0.3882107086990527,1,3
"northern, region_Midwest","late_aircraft_dominant, tz_Central",0.13879281490572354,0.13209862769162112,0.05254936963070401,0.37861736334405144,2.8661718138958894,1.0,0.03421502924820075,1.3967261412052048,0.7560347547301733,0.2406745017884517,0.2840400344070874,0.3882107086990527,2,2
"hub_Large, many_runways, region_Midwest","late_aircraft_dominant, tz_Central",0.13879281490572354,0.13209862769162112,0.05254936963070401,0.37861736334405144,2.8661718138958894,1.0,0.03421502924820075,1.3967261412052048,0.7560347547301733,0.2406745017884517,0.2840400344070874,0.3882107086990527,3,2
"many_runways, region_Midwest","hub_Large, late_aircraft_dominant, tz_Central",0.13879281490572354,0.13209862769162112,0.05254936963070401,0.37861736334405144,2.8661718138958894,1.0,0.03421502924820075,1.3967261412052048,0.7560347547301733,0.2406745017884517,0.2840400344070874,0.3882107086990527,2,3
"hub_Large, many_runways, northern, region_Midwest","late_aircraft_dominant, tz_Central",0.13879281490572354,0.13209862769162112,0.05254936963070401,0.37861736334405144,2.8661718138958894,1.0,0.03421502924820075,1.3967261412052048,0.7560347547301733,0.2406745017884517,0.2840400344070874,0.3882107086990527,4,2
"many_runways, northern, region_Midwest","hub_Large, late_aircraft_dominant, tz_Central",0.13879281490572354,0.13209862769162112,0.05254936963070401,0.37861736334405144,2.8661718138958894,1.0,0.03421502924820075,1.3967261412052048,0.7560347547301733,0.2406745017884517,0.2840400344070874,0.3882107086990527,3,3
"hub_Large, late_aircraft_dominant, northern, tz_Eastern",region_Northeast,0.16289188887649225,0.16423072631931274,0.06939640745286177,0.426027397260274,2.5940785065515186,1.0,0.04264455423115067,1.4561135317109823,0.7340827870352397,0.2692640692640693,0.313240363321831,0.4242908725431805,4,1
"late_aircraft_dominant, northern, tz_Eastern","hub_Large, region_Northeast",0.16289188887649225,0.16423072631931274,0.06939640745286177,0.426027397260274,2.5940785065515186,1.0,0.04264455423115067,1.4561135317109823,0.7340827870352397,0.2692640692640693,0.313240363321831,0.4242908725431805,3,2
"late_aircraft_dominant, northern, tz_Eastern",region_Northeast,0.16289188887649225,0.16423072631931274,0.06939640745286177,0.426027397260274,2.5940785065515186,1.0,0.04264455423115067,1.4561135317109823,0.7340827870352397,0.2692640692640693,0.313240363321831,0.4242908725431805,3,1
"hub_Large, region_Northeast","late_aircraft_dominant, northern, tz_Eastern",0.16423072631931274,0.16289188887649225,0.06939640745286177,0.422554347826087,2.5940785065515186,1.0,0.04264455423115067,1.4496742818515331,0.7352587306268058,0.2692640692640693,0.31018987332603193,0.4242908725431805,2,3
region_Northeast,"hub_Large, late_aircraft_dominant, northern, tz_Eastern",0.16423072631931274,0.16289188887649225,0.06939640745286177,0.422554347826087,2.5940785065515186,1.0,0.04264455423115067,1.4496742818515331,0.7352587306268058,0.2692640692640693,0.31018987332603193,0.4242908725431805,1,4
region_Northeast,"late_aircraft_dominant, northern, tz_Eastern",0.16423072631931274,0.16289188887649225,0.06939640745286177,0.422554347826087,2.5940785065515186,1.0,0.04264455423115067,1.4496742818515331,0.7352587306268058,0.2692640692640693,0.31018987332603193,0.4242908725431805,1,3
"high_cancel, hub_Large, northern","region_Northeast, tz_Eastern",0.13444159321655696,0.16423072631931274,0.0572353006805757,0.42572614107883816,2.592244159300018,1.0,0.035155860179094965,1.4553496745451273,0.7096388460481214,0.23706099815157117,0.31287990955675166,0.38711578793072343,3,2
"high_cancel, northern","hub_Large, region_Northeast, tz_Eastern",0.13444159321655696,0.16423072631931274,0.0572353006805757,0.42572614107883816,2.592244159300018,1.0,0.035155860179094965,1.4553496745451273,0.7096388460481214,0.23706099815157117,0.31287990955675166,0.38711578793072343,2,3
"high_cancel, northern",region_Northeast,0.13444159321655696,0.16423072631931274,0.0572353006805757,0.42572614107883816,2.592244159300018,1.0,0.035155860179094965,1.4553496745451273,0.7096388460481214,0.23706099815157117,0.31287990955675166,0.38711578793072343,2,1
"high_cancel, hub_Large, northern",region_Northeast,0.13444159321655696,0.16423072631931274,0.0572353006805757,0.42572614107883816,2.592244159300018,1.0,0.035155860179094965,1.4553496745451273,0.7096388460481214,0.23706099815157117,0.31287990955675166,0.38711578793072343,3,1
"high_cancel, northern","hub_Large, region_Northeast",0.13444159321655696,0.16423072631931274,0.0572353006805757,0.42572614107883816,2.592244159300018,1.0,0.035155860179094965,1.4553496745451273,0.7096388460481214,0.23706099815157117,0.31287990955675166,0.38711578793072343,2,2
"high_cancel, northern","region_Northeast, tz_Eastern",0.13444159321655696,0.16423072631931274,0.0572353006805757,0.42572614107883816,2.592244159300018,1.0,0.035155860179094965,1.4553496745451273,0.7096388460481214,0.23706099815157117,0.31287990955675166,0.38711578793072343,2,2
"hub_Large, region_Northeast, tz_Eastern","high_cancel, northern",0.16423072631931274,0.13444159321655696,0.0572353006805757,0.3485054347826087,2.592244159300018,1.0,0.035155860179094965,1.3285734877843878,0.7349323411615707,0.23706099815157117,0.24731299458062928,0.38711578793072343,3,2
"region_Northeast, tz_Eastern","high_cancel, hub_Large, northern",0.16423072631931274,0.13444159321655696,0.0572353006805757,0.3485054347826087,2.592244159300018,1.0,0.035155860179094965,1.3285734877843878,0.7349323411615707,0.23706099815157117,0.24731299458062928,0.38711578793072343,2,3
region_Northeast,"high_cancel, northern",0.16423072631931274,0.13444159321655696,0.0572353006805757,0.3485054347826087,2.592244159300018,1.0,0.035155860179094965,1.3285734877843878,0.7349323411615707,0.23706099815157117,0.24731299458062928,0.38711578793072343,1,2
"hub_Large, region_Northeast","high_cancel, northern",0.16423072631931274,0.13444159321655696,0.0572353006805757,0.3485054347826087,2.592244159300018,1.0,0.035155860179094965,1.3285734877843878,0.7349323411615707,0.23706099815157117,0.24731299458062928,0.38711578793072343,2,2
region_Northeast,"high_cancel, hub_Large, northern",0.16423072631931274,0.13444159321655696,0.0572353006805757,0.3485054347826087,2.592244159300018,1.0,0.035155860179094965,1.3285734877843878,0.7349323411615707,0.23706099815157117,0.24731299458062928,0.38711578793072343,1,3
"region_Northeast, tz_Eastern","high_cancel, northern",0.16423072631931274,0.13444159321655696,0.0572353006805757,0.3485054347826087,2.592244159300018,1.0,0.035155860179094965,1.3285734877843878,0.7349323411615707,0.23706099815157117,0.24731299458062928,0.38711578793072343,2,2
"late_aircraft_dominant, region_Midwest",tz_Central,0.08233850273345977,0.24757335713488787,0.05254936963070401,0.6382113821138212,2.5778677863389725,1.0,0.032164550087521226,2.0797410578069395,0.6670024974348053,0.18946098149637974,0.5191709101254716,0.4252345779428953,2,1
"late_aircraft_dominant, many_runways, northern, region_Midwest",tz_Central,0.08233850273345977,0.24757335713488787,0.05254936963070401,0.6382113821138212,2.5778677863389725,1.0,0.032164550087521226,2.0797410578069395,0.6670024974348053,0.18946098149637974,0.5191709101254716,0.4252345779428953,4,1
"hub_Large, late_aircraft_dominant, northern, region_Midwest",tz_Central,0.08233850273345977,0.24757335713488787,0.05254936963070401,0.6382113821138212,2.5778677863389725,1.0,0.032164550087521226,2.0797410578069395,0.6670024974348053,0.18946098149637974,0.5191709101254716,0.4252345779428953,4,1
"late_aircraft_dominant, northern, region_Midwest","hub_Large, tz_Central",0.08233850273345977,0.24757335713488787,0.05254936963070401,0.6382113821138212,2.5778677863389725,1.0,0.032164550087521226,2.0797410578069395,0.6670024974348053,0.18946098149637974,0.5191709101254716,0.4252345779428953,3,2
"late_aircraft_dominant, many_runways, region_Midwest",tz_Central,0.08233850273345977,0.24757335713488787,0.05254936963070401,0.6382113821138212,2.5778677863389725,1.0,0.032164550087521226,2.0797410578069395,0.6670024974348053,0.18946098149637974,0.5191709101254716,0.4252345779428953,3,1
"hub_Large, late_aircraft_dominant, region_Midwest",tz_Central,0.08233850273345977,0.24757335713488787,0.05254936963070401,0.6382113821138212,2.5778677863389725,1.0,0.032164550087521226,2.0797410578069395,0.6670024974348053,0.18946098149637974,0.5191709101254716,0.4252345779428953,3,1
"late_aircraft_dominant, region_Midwest","hub_Large, tz_Central",0.08233850273345977,0.24757335713488787,0.05254936963070401,0.6382113821138212,2.5778677863389725,1.0,0.032164550087521226,2.0797410578069395,0.6670024974348053,0.18946098149637974,0.5191709101254716,0.4252345779428953,2,2
"late_aircraft_dominant, northern, region_Midwest",tz_Central,0.08233850273345977,0.24757335713488787,0.05254936963070401,0.6382113821138212,2.5778677863389725,1.0,0.032164550087521226,2.0797410578069395,0.6670024974348053,0.18946098149637974,0.5191709101254716,0.4252345779428953,3,1
"hub_Large, late_aircraft_dominant, many_runways, region_Midwest",tz_Central,0.08233850273345977,0.24757335713488787,0.05254936963070401,0.6382113821138212,2.5778677863389725,1.0,0.032164550087521226,2.0797410578069395,0.6670024974348053,0.18946098149637974,0.5191709101254716,0.4252345779428953,4,1
"late_aircraft_dominant, many_runways, region_Midwest","hub_Large, tz_Central",0.08233850273345977,0.24757335713488787,0.05254936963070401,0.6382113821138212,2.5778677863389725,1.0,0.032164550087521226,2.0797410578069395,0.6670024974348053,0.18946098149637974,0.5191709101254716,0.4252345779428953,3,2
"hub_Large, late_aircraft_dominant, many_runways, northern, region_Midwest",tz_Central,0.08233850273345977,0.24757335713488787,0.05254936963070401,0.6382113821138212,2.5778677863389725,1.0,0.032164550087521226,2.0797410578069395,0.6670024974348053,0.18946098149637974,0.5191709101254716,0.4252345779428953,5,1
"late_aircraft_dominant, many_runways, northern, region_Midwest","hub_Large, tz_Central",0.08233850273345977,0.24757335713488787,0.05254936963070401,0.6382113821138212,2.5778677863389725,1.0,0.032164550087521226,2.0797410578069395,0.6670024974348053,0.18946098149637974,0.5191709101254716,0.4252345779428953,4,2
carrier_DL,carrier_dominant,0.08367734017628026,0.37096954144817584,0.07464018743724199,0.892,2.4045100751879698,1.0,0.04359844292244428,5.8243560977020765,0.6374554395061095,0.1964180857310628,0.8283072011351543,0.5466015037593985,1,1
"carrier_DL, hub_Large",carrier_dominant,0.08367734017628026,0.37096954144817584,0.07464018743724199,0.892,2.4045100751879698,1.0,0.04359844292244428,5.8243560977020765,0.6374554395061095,0.1964180857310628,0.8283072011351543,0.5466015037593985,2,1
carrier_DL,"carrier_dominant, hub_Large",0.08367734017628026,0.37096954144817584,0.07464018743724199,0.892,2.4045100751879698,1.0,0.04359844292244428,5.8243560977020765,0.6374554395061095,0.1964180857310628,0.8283072011351543,0.5466015037593985,1,2
"high_cancel, hub_Large, is_summer",high_delay,0.09159879504630146,0.2500278924467254,0.05388820707352449,0.5883069427527406,2.3529652511793016,1.0,0.030985953397438187,1.821677811542126,0.6329850129151657,0.18728189220628153,0.4510555084636737,0.40191786227329135,3,1
"high_cancel, is_summer","high_delay, hub_Large",0.09159879504630146,0.2500278924467254,0.05388820707352449,0.5883069427527406,2.3529652511793016,1.0,0.030985953397438187,1.821677811542126,0.6329850129151657,0.18728189220628153,0.4510555084636737,0.40191786227329135,2,2
"high_cancel, is_summer",high_delay,0.09159879504630146,0.2500278924467254,0.05388820707352449,0.5883069427527406,2.3529652511793016,1.0,0.030985953397438187,1.821677811542126,0.6329850129151657,0.18728189220628153,0.4510555084636737,0.40191786227329135,2,1
"high_cancel, hub_Large, tz_Eastern",region_Northeast,0.15363159656365055,0.16423072631931274,0.0572353006805757,0.3725490196078432,2.2684489556692244,1.0,0.03200427199133174,1.3320072799285954,0.6606699321464748,0.21960616438356165,0.24925335238887983,0.36052722719522595,3,1
"high_cancel, tz_Eastern","hub_Large, region_Northeast",0.15363159656365055,0.16423072631931274,0.0572353006805757,0.3725490196078432,2.2684489556692244,1.0,0.03200427199133174,1.3320072799285954,0.6606699321464748,0.21960616438356165,0.24925335238887983,0.36052722719522595,2,2
"high_cancel, tz_Eastern",region_Northeast,0.15363159656365055,0.16423072631931274,0.0572353006805757,0.3725490196078432,2.2684489556692244,1.0,0.03200427199133174,1.3320072799285954,0.6606699321464748,0.21960616438356165,0.24925335238887983,0.36052722719522595,2,1
"high_cancel, hub_Large, tz_Eastern","northern, region_Northeast",0.15363159656365055,0.16423072631931274,0.0572353006805757,0.3725490196078432,2.2684489556692244,1.0,0.03200427199133174,1.3320072799285954,0.6606699321464748,0.21960616438356165,0.24925335238887983,0.36052722719522595,3,2
"high_cancel, tz_Eastern","hub_Large, northern, region_Northeast",0.15363159656365055,0.16423072631931274,0.0572353006805757,0.3725490196078432,2.2684489556692244,1.0,0.03200427199133174,1.3320072799285954,0.6606699321464748,0.21960616438356165,0.24925335238887983,0.36052722719522595,2,3
"high_cancel, tz_Eastern","northern, region_Northeast",0.15363159656365055,0.16423072631931274,0.0572353006805757,0.3725490196078432,2.2684489556692244,1.0,0.03200427199133174,1.3320072799285954,0.6606699321464748,0.21960616438356165,0.24925335238887983,0.36052722719522595,2,2
"hub_Large, region_Northeast","high_cancel, tz_Eastern",0.16423072631931274,0.15363159656365055,0.0572353006805757,0.3485054347826087,2.2684489556692244,1.0,0.03200427199133174,1.2991181333246156,0.6690484722017298,0.21960616438356165,0.23024706195050382,0.36052722719522595,2,2
region_Northeast,"high_cancel, hub_Large, tz_Eastern",0.16423072631931274,0.15363159656365055,0.0572353006805757,0.3485054347826087,2.2684489556692244,1.0,0.03200427199133174,1.2991181333246156,0.6690484722017298,0.21960616438356165,0.23024706195050382,0.36052722719522595,1,3
region_Northeast,"high_cancel, tz_Eastern",0.16423072631931274,0.15363159656365055,0.0572353006805757,0.3485054347826087,2.2684489556692244,1.0,0.03200427199133174,1.2991181333246156,0.6690484722017298,0.21960616438356165,0.23024706195050382,0.36052722719522595,1,2
"hub_Large, northern, region_Northeast","high_cancel, tz_Eastern",0.16423072631931274,0.15363159656365055,0.0572353006805757,0.3485054347826087,2.2684489556692244,1.0,0.03200427199133174,1.2991181333246156,0.6690484722017298,0.21960616438356165,0.23024706195050382,0.36052722719522595,3,2
"northern, region_Northeast","high_cancel, hub_Large, tz_Eastern",0.16423072631931274,0.15363159656365055,0.0572353006805757,0.3485054347826087,2.2684489556692244,1.0,0.03200427199133174,1.2991181333246156,0.6690484722017298,0.21960616438356165,0.23024706195050382,0.36052722719522595,2,3
"northern, region_Northeast","high_cancel, tz_Eastern",0.16423072631931274,0.15363159656365055,0.0572353006805757,0.3485054347826087,2.2684489556692244,1.0,0.03200427199133174,1.2991181333246156,0.6690484722017298,0.21960616438356165,0.23024706195050382,0.36052722719522595,2,2
"hub_Large, many_runways, region_Midwest","late_aircraft_dominant, northern",0.13879281490572354,0.2652013834653576,0.08233850273345977,0.5932475884244373,2.2369701872310603,1.0,0.04553045620541059,1.8065009465792392,0.6420833258727716,0.25598335067637873,0.446443688892838,0.45186148878520976,3,2
"many_runways, region_Midwest","hub_Large, late_aircraft_dominant, northern",0.13879281490572354,0.2652013834653576,0.08233850273345977,0.5932475884244373,2.2369701872310603,1.0,0.04553045620541059,1.8065009465792392,0.6420833258727716,0.25598335067637873,0.446443688892838,0.45186148878520976,2,3
region_Midwest,"late_aircraft_dominant, northern",0.13879281490572354,0.2652013834653576,0.08233850273345977,0.5932475884244373,2.2369701872310603,1.0,0.04553045620541059,1.8065009465792392,0.6420833258727716,0.25598335067637873,0.446443688892838,0.45186148878520976,1,2
"hub_Large, region_Midwest","late_aircraft_dominant, northern",0.13879281490572354,0.2652013834653576,0.08233850273345977,0.5932475884244373,2.2369701872310603,1.0,0.04553045620541059,1.8065009465792392,0.6420833258727716,0.25598335067637873,0.446443688892838,0.45186148878520976,2,2
region_Midwest,"hub_Large, late_aircraft_dominant, northern",0.13879281490572354,0.2652013834653576,0.08233850273345977,0.5932475884244373,2.2369701872310603,1.0,0.04553045620541059,1.8065009465792392,0.6420833258727716,0.25598335067637873,0.446443688892838,0.45186148878520976,1,3
"many_runways, region_Midwest","late_aircraft_dominant, northern",0.13879281490572354,0.2652013834653576,0.08233850273345977,0.5932475884244373,2.2369701872310603,1.0,0.04553045620541059,1.8065009465792392,0.6420833258727716,0.25598335067637873,0.446443688892838,0.45186148878520976,2,2
"hub_Large, late_aircraft_dominant, northern","many_runways, region_Midwest",0.2652013834653576,0.13879281490572354,0.08233850273345977,0.3104753891459823,2.2369701872310603,1.0,0.04553045620541059,1.2489868694137247,0.7525419362909086,0.25598335067637873,0.1993510704644953,0.45186148878520976,3,2
"late_aircraft_dominant, northern","hub_Large, many_runways, region_Midwest",0.2652013834653576,0.13879281490572354,0.08233850273345977,0.3104753891459823,2.2369701872310603,1.0,0.04553045620541059,1.2489868694137247,0.7525419362909086,0.25598335067637873,0.1993510704644953,0.45186148878520976,2,3
"late_aircraft_dominant, northern",region_Midwest,0.2652013834653576,0.13879281490572354,0.08233850273345977,0.3104753891459823,2.2369701872310603,1.0,0.04553045620541059,1.2489868694137247,0.7525419362909086,0.25598335067637873,0.1993510704644953,0.45186148878520976,2,1
"hub_Large, late_aircraft_dominant, northern",region_Midwest,0.2652013834653576,0.13879281490572354,0.08233850273345977,0.3104753891459823,2.2369701872310603,1.0,0.04553045620541059,1.2489868694137247,0.7525419362909086,0.25598335067637873,0.1993510704644953,0.45186148878520976,3,1
"late_aircraft_dominant, northern","hub_Large, region_Midwest",0.2652013834653576,0.13879281490572354,0.08233850273345977,0.3104753891459823,2.2369701872310603,1.0,0.04553045620541059,1.2489868694137247,0.7525419362909086,0.25598335067637873,0.1993510704644953,0.45186148878520976,2,2
"late_aircraft_dominant, northern","many_runways, region_Midwest",0.2652013834653576,0.13879281490572354,0.08233850273345977,0.3104753891459823,2.2369701872310603,1.0,0.04553045620541059,1.2489868694137247,0.7525419362909086,0.25598335067637873,0.1993510704644953,0.45186148878520976,2,2
"hub_Large, many_runways, region_Midwest","carrier_dominant, northern",0.13879281490572354,0.18431328796162,0.05623117259846034,0.40514469453376206,2.1981306883208895,1.0,0.030649812537737894,1.371235499696952,0.6329115746138677,0.21070234113712374,0.27073066572371896,0.355114720148237,3,2
"many_runways, region_Midwest","carrier_dominant, hub_Large, northern",0.13879281490572354,0.18431328796162,0.05623117259846034,0.40514469453376206,2.1981306883208895,1.0,0.030649812537737894,1.371235499696952,0.6329115746138677,0.21070234113712374,0.27073066572371896,0.355114720148237,2,3
"hub_Large, region_Midwest","carrier_dominant, northern",0.13879281490572354,0.18431328796162,0.05623117259846034,0.40514469453376206,2.1981306883208895,1.0,0.030649812537737894,1.371235499696952,0.6329115746138677,0.21070234113712374,0.27073066572371896,0.355114720148237,2,2
region_Midwest,"carrier_dominant, hub_Large, northern",0.13879281490572354,0.18431328796162,0.05623117259846034,0.40514469453376206,2.1981306883208895,1.0,0.030649812537737894,1.371235499696952,0.6329115746138677,0.21070234113712374,0.27073066572371896,0.355114720148237,1,3
"many_runways, region_Midwest","carrier_dominant, northern",0.13879281490572354,0.18431328796162,0.05623117259846034,0.40514469453376206,2.1981306883208895,1.0,0.030649812537737894,1.371235499696952,0.6329115746138677,0.21070234113712374,0.27073066572371896,0.355114720148237,2,2
region_Midwest,"carrier_dominant, northern",0.13879281490572354,0.18431328796162,0.05623117259846034,0.40514469453376206,2.1981306883208895,1.0,0.030649812537737894,1.371235499696952,0.6329115746138677,0.21070234113712374,0.27073066572371896,0.355114720148237,1,2
"carrier_dominant, hub_Large, northern","many_runways, region_Midwest",0.18431328796162,0.13879281490572354,0.05623117259846034,0.3050847457627119,2.1981306883208895,1.0,0.030649812537737894,1.2392981444039588,0.668232040000608,0.21070234113712374,0.19309166683134948,0.355114720148237,3,2
"carrier_dominant, northern","hub_Large, many_runways, region_Midwest",0.18431328796162,0.13879281490572354,0.05623117259846034,0.3050847457627119,2.1981306883208895,1.0,0.030649812537737894,1.2392981444039588,0.668232040000608,0.21070234113712374,0.19309166683134948,0.355114720148237,2,3
"carrier_dominant, hub_Large, northern",region_Midwest,0.18431328796162,0.13879281490572354,0.05623117259846034,0.3050847457627119,2.1981306883208895,1.0,0.030649812537737894,1.2392981444039588,0.668232040000608,0.21070234113712374,0.19309166683134948,0.355114720148237,3,1
"carrier_dominant, northern","hub_Large, region_Midwest",0.18431328796162,0.13879281490572354,0.05623117259846034,0.3050847457627119,2.1981306883208895,1.0,0.030649812537737894,1.2392981444039588,0.668232040000608,0.21070234113712374,0.19309166683134948,0.355114720148237,2,2
"carrier_dominant, northern","many_runways, region_Midwest",0.18431328796162,0.13879281490572354,0.05623117259846034,0.3050847457627119,2.1981306883208895,1.0,0.030649812537737894,1.2392981444039588,0.668232040000608,0.21070234113712374,0.19309166683134948,0.355114720148237,2,2
"carrier_dominant, northern",region_Midwest,0.18431328796162,0.13879281490572354,0.05623117259846034,0.3050847457627119,2.1981306883208895,1.0,0.030649812537737894,1.2392981444039588,0.668232040000608,0.21070234113712374,0.19309166683134948,0.355114720148237,2,1
"northern, region_South","late_aircraft_dominant, tz_Eastern",0.10599129755662166,0.2734575476960839,0.06370634832087471,0.6010526315789474,2.1979741888380686,1.0,0.03472222801391502,1.8211486271470194,0.6096535773850855,0.20176678445229682,0.45089599767231353,0.41700938392492864,2,2
"hub_Large, northern, region_South","late_aircraft_dominant, tz_Eastern",0.10599129755662166,0.2734575476960839,0.06370634832087471,0.6010526315789474,2.1979741888380686,1.0,0.03472222801391502,1.8211486271470194,0.6096535773850855,0.20176678445229682,0.45089599767231353,0.41700938392492864,3,2
"northern, region_South","hub_Large, late_aircraft_dominant, tz_Eastern",0.10599129755662166,0.2734575476960839,0.06370634832087471,0.6010526315789474,2.1979741888380686,1.0,0.03472222801391502,1.8211486271470194,0.6096535773850855,0.20176678445229682,0.45089599767231353,0.41700938392492864,2,3
"many_runways, region_Midwest, tz_Central","late_aircraft_dominant, northern",0.09461117929264755,0.2652013834653576,0.05254936963070401,0.5554245283018868,2.09435004087918,1.0,0.027458353991004887,1.6528096202158535,0.5771276226955142,0.1710239651416122,0.39496963971603577,0.37678672776053534,3,2
"hub_Large, region_Midwest, tz_Central","late_aircraft_dominant, northern",0.09461117929264755,0.2652013834653576,0.05254936963070401,0.5554245283018868,2.09435004087918,1.0,0.027458353991004887,1.6528096202158535,0.5771276226955142,0.1710239651416122,0.39496963971603577,0.37678672776053534,3,2
"region_Midwest, tz_Central","hub_Large, late_aircraft_dominant, northern",0.09461117929264755,0.2652013834653576,0.05254936963070401,0.5554245283018868,2.09435004087918,1.0,0.027458353991004887,1.6528096202158535,0.5771276226955142,0.1710239651416122,0.39496963971603577,0.37678672776053534,2,3
"region_Midwest, tz_Central","late_aircraft_dominant, northern",0.09461117929264755,0.2652013834653576,0.05254936963070401,0.5554245283018868,2.09435004087918,1.0,0.027458353991004887,1.6528096202158535,0.5771276226955142,0.1710239651416122,0.39496963971603577,0.37678672776053534,2,2
"hub_Large, many_runways, region_Midwest, tz_Central","late_aircraft_dominant, northern",0.09461117929264755,0.2652013834653576,0.05254936963070401,0.5554245283018868,2.09435004087918,1.0,0.027458353991004887,1.6528096202158535,0.5771276226955142,0.1710239651416122,0.39496963971603577,0.37678672776053534,4,2
"many_runways, region_Midwest, tz_Central","hub_Large, late_aircraft_dominant, northern",0.09461117929264755,0.2652013834653576,0.05254936963070401,0.5554245283018868,2.09435004087918,1.0,0.027458353991004887,1.6528096202158535,0.5771276226955142,0.1710239651416122,0.39496963971603577,0.37678672776053534,3,3
"hub_Large, slot_controlled",nas_dominant,0.1238424634608948,0.21521811893339285,0.054111346647327904,0.4369369369369369,2.030205166286037,1.0,0.02745820461719669,1.3937726207742942,0.5791640465722601,0.18989819890368048,0.28252285552541445,0.3441812730304177,2,1
slot_controlled,"hub_Large, nas_dominant",0.1238424634608948,0.21521811893339285,0.054111346647327904,0.4369369369369369,2.030205166286037,1.0,0.02745820461719669,1.3937726207742942,0.5791640465722601,0.18989819890368048,0.28252285552541445,0.3441812730304177,1,2
"hub_Large, northern, slot_controlled, tz_Eastern",nas_dominant,0.1238424634608948,0.21521811893339285,0.054111346647327904,0.4369369369369369,2.030205166286037,1.0,0.02745820461719669,1.3937726207742942,0.5791640465722601,0.18989819890368048,0.28252285552541445,0.3441812730304177,4,1
"northern, slot_controlled, tz_Eastern","hub_Large, nas_dominant",0.1238424634608948,0.21521811893339285,0.054111346647327904,0.4369369369369369,2.030205166286037,1.0,0.02745820461719669,1.3937726207742942,0.5791640465722601,0.18989819890368048,0.28252285552541445,0.3441812730304177,3,2
"hub_Large, northern, slot_controlled",nas_dominant,0.1238424634608948,0.21521811893339285,0.054111346647327904,0.4369369369369369,2.030205166286037,1.0,0.02745820461719669,1.3937726207742942,0.5791640465722601,0.18989819890368048,0.28252285552541445,0.3441812730304177,3,1
"northern, slot_controlled","hub_Large, nas_dominant",0.1238424634608948,0.21521811893339285,0.054111346647327904,0.4369369369369369,2.030205166286037,1.0,0.02745820461719669,1.3937726207742942,0.5791640465722601,0.18989819890368048,0.28252285552541445,0.3441812730304177,2,2
slot_controlled,nas_dominant,0.1238424634608948,0.21521811893339285,0.054111346647327904,0.4369369369369369,2.030205166286037,1.0,0.02745820461719669,1.3937726207742942,0.5791640465722601,0.18989819890368048,0.28252285552541445,0.3441812730304177,1,1
"hub_Large, slot_controlled, tz_Eastern",nas_dominant,0.1238424634608948,0.21521811893339285,0.054111346647327904,0.4369369369369369,2.030205166286037,1.0,0.02745820461719669,1.3937726207742942,0.5791640465722601,0.18989819890368048,0.28252285552541445,0.3441812730304177,3,1
"slot_controlled, tz_Eastern","hub_Large, nas_dominant",0.1238424634608948,0.21521811893339285,0.054111346647327904,0.4369369369369369,2.030205166286037,1.0,0.02745820461719669,1.3937726207742942,0.5791640465722601,0.18989819890368048,0.28252285552541445,0.3441812730304177,2,2
"northern, slot_controlled",nas_dominant,0.1238424634608948,0.21521811893339285,0.054111346647327904,0.4369369369369369,2.030205166286037,1.0,0.02745820461719669,1.3937726207742942,0.5791640465722601,0.18989819890368048,0.28252285552541445,0.3441812730304177,2,1
"northern, slot_controlled, tz_Eastern",nas_dominant,0.1238424634608948,0.21521811893339285,0.054111346647327904,0.4369369369369369,2.030205166286037,1.0,0.02745820461719669,1.3937726207742942,0.5791640465722601,0.18989819890368048,0.28252285552541445,0.3441812730304177,3,1
"slot_controlled, tz_Eastern",nas_dominant,0.1238424634608948,0.21521811893339285,0.054111346647327904,0.4369369369369369,2.030205166286037,1.0,0.02745820461719669,1.3937726207742942,0.5791640465722601,0.18989819890368048,0.28252285552541445,0.3441812730304177,2,1
"hub_Large, late_aircraft_dominant, northern, region_Northeast",tz_Eastern,0.06939640745286177,0.4990516568113355,0.06939640745286177,1.0,2.00380058126537,1.0,0.03476401533675659,inf,0.5383047596211485,0.13905656159177288,1.0,0.5695282807958865,4,1
"late_aircraft_dominant, northern, region_Northeast","hub_Large, tz_Eastern",0.06939640745286177,0.4990516568113355,0.06939640745286177,1.0,2.00380058126537,1.0,0.03476401533675659,inf,0.5383047596211485,0.13905656159177288,1.0,0.5695282807958865,3,2
"late_aircraft_dominant, northern, region_Northeast",tz_Eastern,0.06939640745286177,0.4990516568113355,0.06939640745286177,1.0,2.00380058126537,1.0,0.03476401533675659,inf,0.5383047596211485,0.13905656159177288,1.0,0.5695282807958865,3,1
"hub_Large, late_aircraft_dominant, region_Northeast",tz_Eastern,0.06939640745286177,0.4990516568113355,0.06939640745286177,1.0,2.00380058126537,1.0,0.03476401533675659,inf,0.5383047596211485,0.13905656159177288,1.0,0.5695282807958865,3,1
"late_aircraft_dominant, region_Northeast","hub_Large, tz_Eastern",0.06939640745286177,0.4990516568113355,0.06939640745286177,1.0,2.00380058126537,1.0,0.03476401533675659,inf,0.5383047596211485,0.13905656159177288,1.0,0.5695282807958865,2,2
"late_aircraft_dominant, region_Northeast",tz_Eastern,0.06939640745286177,0.4990516568113355,0.06939640745286177,1.0,2.00380058126537,1.0,0.03476401533675659,inf,0.5383047596211485,0.13905656159177288,1.0,0.5695282807958865,2,1
"late_aircraft_dominant, northern, region_South",tz_Eastern,0.06370634832087471,0.4990516568113355,0.06370634832087471,1.0,2.00380058126537,1.0,0.031913589641942144,inf,0.5350333651096282,0.12765481779566287,1.0,0.5638274088978315,3,1
"hub_Large, late_aircraft_dominant, northern, region_South",tz_Eastern,0.06370634832087471,0.4990516568113355,0.06370634832087471,1.0,2.00380058126537,1.0,0.031913589641942144,inf,0.5350333651096282,0.12765481779566287,1.0,0.5638274088978315,4,1
"late_aircraft_dominant, northern, region_South","hub_Large, tz_Eastern",0.06370634832087471,0.4990516568113355,0.06370634832087471,1.0,2.00380058126537,1.0,0.031913589641942144,inf,0.5350333651096282,0.12765481779566287,1.0,0.5638274088978315,3,2
"high_cancel, hub_Large, region_Northeast",tz_Eastern,0.0572353006805757,0.4990516568113355,0.0572353006805757,1.0,2.00380058126537,1.0,0.02867192904783944,inf,0.5313609467455621,0.1146881287726358,1.0,0.5573440643863179,3,1
"high_cancel, region_Northeast","hub_Large, tz_Eastern",0.0572353006805757,0.4990516568113355,0.0572353006805757,1.0,2.00380058126537,1.0,0.02867192904783944,inf,0.5313609467455621,0.1146881287726358,1.0,0.5573440643863179,2,2
"high_cancel, region_Northeast",tz_Eastern,0.0572353006805757,0.4990516568113355,0.0572353006805757,1.0,2.00380058126537,1.0,0.02867192904783944,inf,0.5313609467455621,0.1146881287726358,1.0,0.5573440643863179,2,1
"high_cancel, hub_Large, northern, region_Northeast",tz_Eastern,0.0572353006805757,0.4990516568113355,0.0572353006805757,1.0,2.00380058126537,1.0,0.02867192904783944,inf,0.5313609467455621,0.1146881287726358,1.0,0.5573440643863179,4,1
"high_cancel, northern, region_Northeast","hub_Large, tz_Eastern",0.0572353006805757,0.4990516568113355,0.0572353006805757,1.0,2.00380058126537,1.0,0.02867192904783944,inf,0.5313609467455621,0.1146881287726358,1.0,0.5573440643863179,3,2
"nas_dominant, region_Northeast",tz_Eastern,0.0572353006805757,0.4990516568113355,0.0572353006805757,1.0,2.00380058126537,1.0,0.02867192904783944,inf,0.5313609467455621,0.1146881287726358,1.0,0.5573440643863179,2,1
"hub_Large, nas_dominant, region_Northeast",tz_Eastern,0.0572353006805757,0.4990516568113355,0.0572353006805757,1.0,2.00380058126537,1.0,0.02867192904783944,inf,0.5313609467455621,0.1146881287726358,1.0,0.5573440643863179,3,1
"nas_dominant, region_Northeast","hub_Large, tz_Eastern",0.0572353006805757,0.4990516568113355,0.0572353006805757,1.0,2.00380058126537,1.0,0.02867192904783944,inf,0.5313609467455621,0.1146881287726358,1.0,0.5573440643863179,2,2
"high_cancel, northern, region_Northeast",tz_Eastern,0.0572353006805757,0.4990516568113355,0.0572353006805757,1.0,2.00380058126537,1.0,0.02867192904783944,inf,0.5313609467455621,0.1146881287726358,1.0,0.5573440643863179,3,1
"hub_Large, nas_dominant, northern, region_Northeast",tz_Eastern,0.0572353006805757,0.4990516568113355,0.0572353006805757,1.0,2.00380058126537,1.0,0.02867192904783944,inf,0.5313609467455621,0.1146881287726358,1.0,0.5573440643863179,4,1
"nas_dominant, northern, region_Northeast","hub_Large, tz_Eastern",0.0572353006805757,0.4990516568113355,0.0572353006805757,1.0,2.00380058126537,1.0,0.02867192904783944,inf,0.5313609467455621,0.1146881287726358,1.0,0.5573440643863179,3,2
"nas_dominant, northern, region_Northeast",tz_Eastern,0.0572353006805757,0.4990516568113355,0.0572353006805757,1.0,2.00380058126537,1.0,0.02867192904783944,inf,0.5313609467455621,0.1146881287726358,1.0,0.5573440643863179,3,1
"hub_Large, nas_dominant, northern, slot_controlled",tz_Eastern,0.054111346647327904,0.4990516568113355,0.054111346647327904,1.0,2.00380058126537,1.0,0.02710698945068641,inf,0.5296060391601792,0.10842834786496758,1.0,0.5542141739324837,4,1
"nas_dominant, northern, slot_controlled","hub_Large, tz_Eastern",0.054111346647327904,0.4990516568113355,0.054111346647327904,1.0,2.00380058126537,1.0,0.02710698945068641,inf,0.5296060391601792,0.10842834786496758,1.0,0.5542141739324837,3,2
"hub_Large, nas_dominant, slot_controlled",tz_Eastern,0.054111346647327904,0.4990516568113355,0.054111346647327904,1.0,2.00380058126537,1.0,0.02710698945068641,inf,0.5296060391601792,0.10842834786496758,1.0,0.5542141739324837,3,1
"nas_dominant, slot_controlled","hub_Large, tz_Eastern",0.054111346647327904,0.4990516568113355,0.054111346647327904,1.0,2.00380058126537,1.0,0.02710698945068641,inf,0.5296060391601792,0.10842834786496758,1.0,0.5542141739324837,2,2
"nas_dominant, northern, slot_controlled",tz_Eastern,0.054111346647327904,0.4990516568113355,0.054111346647327904,1.0,2.00380058126537,1.0,0.02710698945068641,inf,0.5296060391601792,0.10842834786496758,1.0,0.5542141739324837,3,1
"nas_dominant, slot_controlled",tz_Eastern,0.054111346647327904,0.4990516568113355,0.054111346647327904,1.0,2.00380058126537,1.0,0.02710698945068641,inf,0.5296060391601792,0.10842834786496758,1.0,0.5542141739324837,2,1
"carrier_dominant, hub_Large, northern, region_Northeast",tz_Eastern,0.050987392614080106,0.4990516568113355,0.050987392614080106,1.0,2.00380058126537,1.0,0.025542049853533377,inf,0.5278626851634141,0.10216856695729934,1.0,0.5510842834786497,4,1
"carrier_dominant, northern, region_Northeast","hub_Large, tz_Eastern",0.050987392614080106,0.4990516568113355,0.050987392614080106,1.0,2.00380058126537,1.0,0.025542049853533377,inf,0.5278626851634141,0.10216856695729934,1.0,0.5510842834786497,3,2
"carrier_dominant, hub_Large, region_Northeast",tz_Eastern,0.050987392614080106,0.4990516568113355,0.050987392614080106,1.0,2.00380058126537,1.0,0.025542049853533377,inf,0.5278626851634141,0.10216856695729934,1.0,0.5510842834786497,3,1
"carrier_dominant, region_Northeast","hub_Large, tz_Eastern",0.050987392614080106,0.4990516568113355,0.050987392614080106,1.0,2.00380058126537,1.0,0.025542049853533377,inf,0.5278626851634141,0.10216856695729934,1.0,0.5510842834786497,2,2
"carrier_dominant, northern, region_Northeast",tz_Eastern,0.050987392614080106,0.4990516568113355,0.050987392614080106,1.0,2.00380058126537,1.0,0.025542049853533377,inf,0.5278626851634141,0.10216856695729934,1.0,0.5510842834786497,3,1
"carrier_dominant, region_Northeast",tz_Eastern,0.050987392614080106,0.4990516568113355,0.050987392614080106,1.0,2.00380058126537,1.0,0.025542049853533377,inf,0.5278626851634141,0.10216856695729934,1.0,0.5510842834786497,2,1
"hub_Large, late_aircraft_dominant, many_runways, region_Midwest",northern,0.08233850273345977,0.5009483431886645,0.08233850273345977,1.0,1.9962138084632515,1.0,0.04109116620849777,inf,0.5438297872340425,0.16436525612472158,1.0,0.5821826280623608,4,1
"late_aircraft_dominant, many_runways, region_Midwest","hub_Large, northern",0.08233850273345977,0.5009483431886645,0.08233850273345977,1.0,1.9962138084632515,1.0,0.04109116620849777,inf,0.5438297872340425,0.16436525612472158,1.0,0.5821826280623608,3,2
"late_aircraft_dominant, region_Midwest",northern,0.08233850273345977,0.5009483431886645,0.08233850273345977,1.0,1.9962138084632515,1.0,0.04109116620849777,inf,0.5438297872340425,0.16436525612472158,1.0,0.5821826280623608,2,1
"hub_Large, late_aircraft_dominant, region_Midwest",northern,0.08233850273345977,0.5009483431886645,0.08233850273345977,1.0,1.9962138084632515,1.0,0.04109116620849777,inf,0.5438297872340425,0.16436525612472158,1.0,0.5821826280623608,3,1
"late_aircraft_dominant, region_Midwest","hub_Large, northern",0.08233850273345977,0.5009483431886645,0.08233850273345977,1.0,1.9962138084632515,1.0,0.04109116620849777,inf,0.5438297872340425,0.16436525612472158,1.0,0.5821826280623608,2,2
"late_aircraft_dominant, many_runways, region_Midwest",northern,0.08233850273345977,0.5009483431886645,0.08233850273345977,1.0,1.9962138084632515,1.0,0.04109116620849777,inf,0.5438297872340425,0.16436525612472158,1.0,0.5821826280623608,3,1
"hub_Large, late_aircraft_dominant, region_Northeast, tz_Eastern",northern,0.06939640745286177,0.5009483431886645,0.06939640745286177,1.0,1.9962138084632515,1.0,0.03463239211610517,inf,0.5362666346960796,0.13853006681514476,1.0,0.5692650334075724,4,1
"late_aircraft_dominant, region_Northeast, tz_Eastern","hub_Large, northern",0.06939640745286177,0.5009483431886645,0.06939640745286177,1.0,1.9962138084632515,1.0,0.03463239211610517,inf,0.5362666346960796,0.13853006681514476,1.0,0.5692650334075724,3,2
"late_aircraft_dominant, region_Northeast",northern,0.06939640745286177,0.5009483431886645,0.06939640745286177,1.0,1.9962138084632515,1.0,0.03463239211610517,inf,0.5362666346960796,0.13853006681514476,1.0,0.5692650334075724,2,1
"late_aircraft_dominant, region_Northeast, tz_Eastern",northern,0.06939640745286177,0.5009483431886645,0.06939640745286177,1.0,1.9962138084632515,1.0,0.03463239211610517,inf,0.5362666346960796,0.13853006681514476,1.0,0.5692650334075724,3,1
"hub_Large, late_aircraft_dominant, region_Northeast",northern,0.06939640745286177,0.5009483431886645,0.06939640745286177,1.0,1.9962138084632515,1.0,0.03463239211610517,inf,0.5362666346960796,0.13853006681514476,1.0,0.5692650334075724,3,1
"late_aircraft_dominant, region_Northeast","hub_Large, northern",0.06939640745286177,0.5009483431886645,0.06939640745286177,1.0,1.9962138084632515,1.0,0.03463239211610517,inf,0.5362666346960796,0.13853006681514476,1.0,0.5692650334075724,2,2
"high_cancel, hub_Large, region_Northeast, tz_Eastern",northern,0.0572353006805757,0.5009483431886645,0.0572353006805757,1.0,1.9962138084632515,1.0,0.02856337163273626,inf,0.5293491124260354,0.11425389755011135,1.0,0.5571269487750556,4,1
"high_cancel, region_Northeast, tz_Eastern","hub_Large, northern",0.0572353006805757,0.5009483431886645,0.0572353006805757,1.0,1.9962138084632515,1.0,0.02856337163273626,inf,0.5293491124260354,0.11425389755011135,1.0,0.5571269487750556,3,2
"hub_Large, nas_dominant, region_Northeast",northern,0.0572353006805757,0.5009483431886645,0.0572353006805757,1.0,1.9962138084632515,1.0,0.02856337163273626,inf,0.5293491124260354,0.11425389755011135,1.0,0.5571269487750556,3,1
"nas_dominant, region_Northeast","hub_Large, northern",0.0572353006805757,0.5009483431886645,0.0572353006805757,1.0,1.9962138084632515,1.0,0.02856337163273626,inf,0.5293491124260354,0.11425389755011135,1.0,0.5571269487750556,2,2
"nas_dominant, region_Northeast",northern,0.0572353006805757,0.5009483431886645,0.0572353006805757,1.0,1.9962138084632515,1.0,0.02856337163273626,inf,0.5293491124260354,0.11425389755011135,1.0,0.5571269487750556,2,1
"high_cancel, region_Northeast",northern,0.0572353006805757,0.5009483431886645,0.0572353006805757,1.0,1.9962138084632515,1.0,0.02856337163273626,inf,0.5293491124260354,0.11425389755011135,1.0,0.5571269487750556,2,1
"high_cancel, hub_Large, region_Northeast",northern,0.0572353006805757,0.5009483431886645,0.0572353006805757,1.0,1.9962138084632515,1.0,0.02856337163273626,inf,0.5293491124260354,0.11425389755011135,1.0,0.5571269487750556,3,1
"high_cancel, region_Northeast","hub_Large, northern",0.0572353006805757,0.5009483431886645,0.0572353006805757,1.0,1.9962138084632515,1.0,0.02856337163273626,inf,0.5293491124260354,0.11425389755011135,1.0,0.5571269487750556,2,2
"high_cancel, region_Northeast, tz_Eastern",northern,0.0572353006805757,0.5009483431886645,0.0572353006805757,1.0,1.9962138084632515,1.0,0.02856337163273626,inf,0.5293491124260354,0.11425389755011135,1.0,0.5571269487750556,3,1
"hub_Large, nas_dominant, region_Northeast, tz_Eastern",northern,0.0572353006805757,0.5009483431886645,0.0572353006805757,1.0,1.9962138084632515,1.0,0.02856337163273626,inf,0.5293491124260354,0.11425389755011135,1.0,0.5571269487750556,4,1
"nas_dominant, region_Northeast, tz_Eastern","hub_Large, northern",0.0572353006805757,0.5009483431886645,0.0572353006805757,1.0,1.9962138084632515,1.0,0.02856337163273626,inf,0.5293491124260354,0.11425389755011135,1.0,0.5571269487750556,3,2
"nas_dominant, region_Northeast, tz_Eastern",northern,0.0572353006805757,0.5009483431886645,0.0572353006805757,1.0,1.9962138084632515,1.0,0.02856337163273626,inf,0.5293491124260354,0.11425389755011135,1.0,0.5571269487750556,3,1
"carrier_dominant, hub_Large, many_runways, region_Midwest",northern,0.05623117259846034,0.5009483431886645,0.05623117259846034,1.0,1.9962138084632515,1.0,0.028062259849705798,inf,0.5287859084998225,0.11224944320712694,1.0,0.5561247216035635,4,1
"carrier_dominant, many_runways, region_Midwest","hub_Large, northern",0.05623117259846034,0.5009483431886645,0.05623117259846034,1.0,1.9962138084632515,1.0,0.028062259849705798,inf,0.5287859084998225,0.11224944320712694,1.0,0.5561247216035635,3,2
"carrier_dominant, hub_Large, region_Midwest",northern,0.05623117259846034,0.5009483431886645,0.05623117259846034,1.0,1.9962138084632515,1.0,0.028062259849705798,inf,0.5287859084998225,0.11224944320712694,1.0,0.5561247216035635,3,1
"carrier_dominant, region_Midwest","hub_Large, northern",0.05623117259846034,0.5009483431886645,0.05623117259846034,1.0,1.9962138084632515,1.0,0.028062259849705798,inf,0.5287859084998225,0.11224944320712694,1.0,0.5561247216035635,2,2
"carrier_dominant, many_runways, region_Midwest",northern,0.05623117259846034,0.5009483431886645,0.05623117259846034,1.0,1.9962138084632515,1.0,0.028062259849705798,inf,0.5287859084998225,0.11224944320712694,1.0,0.5561247216035635,3,1
"carrier_dominant, region_Midwest",northern,0.05623117259846034,0.5009483431886645,0.05623117259846034,1.0,1.9962138084632515,1.0,0.028062259849705798,inf,0.5287859084998225,0.11224944320712694,1.0,0.5561247216035635,2,1
"hub_Large, nas_dominant, slot_controlled, tz_Eastern",northern,0.054111346647327904,0.5009483431886645,0.054111346647327904,1.0,1.9962138084632515,1.0,0.02700435719664149,inf,0.5276008492569001,0.10801781737193764,1.0,0.5540089086859689,4,1
"nas_dominant, slot_controlled, tz_Eastern","hub_Large, northern",0.054111346647327904,0.5009483431886645,0.054111346647327904,1.0,1.9962138084632515,1.0,0.02700435719664149,inf,0.5276008492569001,0.10801781737193764,1.0,0.5540089086859689,3,2
"hub_Large, nas_dominant, slot_controlled",northern,0.054111346647327904,0.5009483431886645,0.054111346647327904,1.0,1.9962138084632515,1.0,0.02700435719664149,inf,0.5276008492569001,0.10801781737193764,1.0,0.5540089086859689,3,1
"nas_dominant, slot_controlled","hub_Large, northern",0.054111346647327904,0.5009483431886645,0.054111346647327904,1.0,1.9962138084632515,1.0,0.02700435719664149,inf,0.5276008492569001,0.10801781737193764,1.0,0.5540089086859689,2,2
"nas_dominant, slot_controlled",northern,0.054111346647327904,0.5009483431886645,0.054111346647327904,1.0,1.9962138084632515,1.0,0.02700435719664149,inf,0.5276008492569001,0.10801781737193764,1.0,0.5540089086859689,2,1
"nas_dominant, slot_controlled, tz_Eastern",northern,0.054111346647327904,0.5009483431886645,0.054111346647327904,1.0,1.9962138084632515,1.0,0.02700435719664149,inf,0.5276008492569001,0.10801781737193764,1.0,0.5540089086859689,3,1
"late_aircraft_dominant, many_runways, region_Midwest, tz_Central",northern,0.05254936963070401,0.5009483431886645,0.05254936963070401,1.0,1.9962138084632515,1.0,0.02622484997859411,inf,0.5267310409797455,0.10489977728285078,1.0,0.5524498886414254,4,1
"hub_Large, late_aircraft_dominant, region_Midwest, tz_Central",northern,0.05254936963070401,0.5009483431886645,0.05254936963070401,1.0,1.9962138084632515,1.0,0.02622484997859411,inf,0.5267310409797455,0.10489977728285078,1.0,0.5524498886414254,4,1
"late_aircraft_dominant, region_Midwest, tz_Central","hub_Large, northern",0.05254936963070401,0.5009483431886645,0.05254936963070401,1.0,1.9962138084632515,1.0,0.02622484997859411,inf,0.5267310409797455,0.10489977728285078,1.0,0.5524498886414254,3,2
"late_aircraft_dominant, region_Midwest, tz_Central",northern,0.05254936963070401,0.5009483431886645,0.05254936963070401,1.0,1.9962138084632515,1.0,0.02622484997859411,inf,0.5267310409797455,0.10489977728285078,1.0,0.5524498886414254,3,1
"hub_Large, late_aircraft_dominant, many_runways, region_Midwest, tz_Central",northern,0.05254936963070401,0.5009483431886645,0.05254936963070401,1.0,1.9962138084632515,1.0,0.02622484997859411,inf,0.5267310409797455,0.10489977728285078,1.0,0.5524498886414254,5,1
"late_aircraft_dominant, many_runways, region_Midwest, tz_Central","hub_Large, northern",0.05254936963070401,0.5009483431886645,0.05254936963070401,1.0,1.9962138084632515,1.0,0.02622484997859411,inf,0.5267310409797455,0.10489977728285078,1.0,0.5524498886414254,4,2
"carrier_dominant, hub_Large, region_Northeast, tz_Eastern",northern,0.050987392614080106,0.5009483431886645,0.050987392614080106,1.0,1.9962138084632515,1.0,0.025445342760546726,inf,0.5258640959322831,0.1017817371937639,1.0,0.550890868596882,4,1
"carrier_dominant, region_Northeast, tz_Eastern","hub_Large, northern",0.050987392614080106,0.5009483431886645,0.050987392614080106,1.0,1.9962138084632515,1.0,0.025445342760546726,inf,0.5258640959322831,0.1017817371937639,1.0,0.550890868596882,3,2
"carrier_dominant, region_Northeast",northern,0.050987392614080106,0.5009483431886645,0.050987392614080106,1.0,1.9962138084632515,1.0,0.025445342760546726,inf,0.5258640959322831,0.1017817371937639,1.0,0.550890868596882,2,1
"carrier_dominant, hub_Large, region_Northeast",northern,0.050987392614080106,0.5009483431886645,0.050987392614080106,1.0,1.9962138084632515,1.0,0.025445342760546726,inf,0.5258640959322831,0.1017817371937639,1.0,0.550890868596882,3,1
"carrier_dominant, region_Northeast","hub_Large, northern",0.050987392614080106,0.5009483431886645,0.050987392614080106,1.0,1.9962138084632515,1.0,0.025445342760546726,inf,0.5258640959322831,0.1017817371937639,1.0,0.550890868596882,2,2
"carrier_dominant, region_Northeast, tz_Eastern",northern,0.050987392614080106,0.5009483431886645,0.050987392614080106,1.0,1.9962138084632515,1.0,0.025445342760546726,inf,0.5258640959322831,0.1017817371937639,1.0,0.550890868596882,3,1
"hub_Large, late_aircraft_dominant, tz_Central","many_runways, region_South",0.13209862769162112,0.24534196139685374,0.06169809215664398,0.46706081081081074,1.903713527647702,1.0,0.029288755740948913,1.4160302974740493,0.5469640872502519,0.19540636042402823,0.2938004209487428,0.3592693776655236,3,2
"late_aircraft_dominant, tz_Central","hub_Large, many_runways, region_South",0.13209862769162112,0.24534196139685374,0.06169809215664398,0.46706081081081074,1.903713527647702,1.0,0.029288755740948913,1.4160302974740493,0.5469640872502519,0.19540636042402823,0.2938004209487428,0.3592693776655236,2,3
"late_aircraft_dominant, tz_Central","many_runways, region_South",0.13209862769162112,0.24534196139685374,0.06169809215664398,0.46706081081081074,1.903713527647702,1.0,0.029288755740948913,1.4160302974740493,0.5469640872502519,0.19540636042402823,0.2938004209487428,0.3592693776655236,2,2
"high_delay, hub_Large, tz_Eastern",high_cancel,0.1303135111011938,0.2500278924467254,0.0619212317304474,0.47517123287671237,1.9004728961508135,1.0,0.02933921919248296,1.4289843745876425,0.5448114695837597,0.19446391030133148,0.3002022850749737,0.36141426436338964,3,1
"high_delay, tz_Eastern","high_cancel, hub_Large",0.1303135111011938,0.2500278924467254,0.0619212317304474,0.47517123287671237,1.9004728961508135,1.0,0.02933921919248296,1.4289843745876425,0.5448114695837597,0.19446391030133148,0.3002022850749737,0.36141426436338964,2,2
"high_delay, tz_Eastern",high_cancel,0.1303135111011938,0.2500278924467254,0.0619212317304474,0.47517123287671237,1.9004728961508135,1.0,0.02933921919248296,1.4289843745876425,0.5448114695837597,0.19446391030133148,0.3002022850749737,0.36141426436338964,2,1
"hub_Large, is_summer, late_aircraft_dominant",high_delay,0.15921008590873592,0.2500278924467254,0.07564431551935735,0.4751226348983882,1.9002785259233617,1.0,0.03583735328333402,1.4288520660594428,0.5634717368430943,0.22675585284280936,0.30013748536064466,0.3888330711305863,3,1
"is_summer, late_aircraft_dominant","high_delay, hub_Large",0.15921008590873592,0.2500278924467254,0.07564431551935735,0.4751226348983882,1.9002785259233617,1.0,0.03583735328333402,1.4288520660594428,0.5634717368430943,0.22675585284280936,0.30013748536064466,0.3888330711305863,2,2
"is_summer, late_aircraft_dominant",high_delay,0.15921008590873592,0.2500278924467254,0.07564431551935735,0.4751226348983882,1.9002785259233617,1.0,0.03583735328333402,1.4288520660594428,0.5634717368430943,0.22675585284280936,0.30013748536064466,0.3888330711305863,2,1
"high_delay, hub_Large","is_summer, late_aircraft_dominant",0.2500278924467254,0.15921008590873592,0.07564431551935735,0.30254350736278446,1.9002785259233617,1.0,0.03583735328333402,1.2055087635819082,0.631705297359351,0.22675585284280936,0.1704747155643096,0.3888330711305863,2,2
high_delay,"hub_Large, is_summer, late_aircraft_dominant",0.2500278924467254,0.15921008590873592,0.07564431551935735,0.30254350736278446,1.9002785259233617,1.0,0.03583735328333402,1.2055087635819082,0.631705297359351,0.22675585284280936,0.1704747155643096,0.3888330711305863,1,3
high_delay,"is_summer, late_aircraft_dominant",0.2500278924467254,0.15921008590873592,0.07564431551935735,0.30254350736278446,1.9002785259233617,1.0,0.03583735328333402,1.2055087635819082,0.631705297359351,0.22675585284280936,0.1704747155643096,0.3888330711305863,1,2
"high_cancel, high_delay, hub_Large",is_summer,0.10197478522816021,0.28070958384469485,0.05388820707352449,0.5284463894967177,1.882537753998045,1.0,0.025262907549475504,1.5253629706866563,0.5220367382288659,0.16389548693586697,0.34441833241183206,0.36020888632228576,3,1
"high_cancel, high_delay","hub_Large, is_summer",0.10197478522816021,0.28070958384469485,0.05388820707352449,0.5284463894967177,1.882537753998045,1.0,0.025262907549475504,1.5253629706866563,0.5220367382288659,0.16389548693586697,0.34441833241183206,0.36020888632228576,2,2
"high_cancel, high_delay",is_summer,0.10197478522816021,0.28070958384469485,0.05388820707352449,0.5284463894967177,1.882537753998045,1.0,0.025262907549475504,1.5253629706866563,0.5220367382288659,0.16389548693586697,0.34441833241183206,0.36020888632228576,2,1
"high_delay, hub_Large, late_aircraft_dominant",is_summer,0.14381345531630035,0.28070958384469485,0.07564431551935735,0.525989138867339,1.8737840427933066,1.0,0.03527450032625106,1.5174555587957255,0.544648327917198,0.21682123440997758,0.3410021175225624,0.3977322482889954,3,1
"high_delay, late_aircraft_dominant","hub_Large, is_summer",0.14381345531630035,0.28070958384469485,0.07564431551935735,0.525989138867339,1.8737840427933066,1.0,0.03527450032625106,1.5174555587957255,0.544648327917198,0.21682123440997758,0.3410021175225624,0.3977322482889954,2,2
"high_delay, late_aircraft_dominant",is_summer,0.14381345531630035,0.28070958384469485,0.07564431551935735,0.525989138867339,1.8737840427933066,1.0,0.03527450032625106,1.5174555587957255,0.544648327917198,0.21682123440997758,0.3410021175225624,0.3977322482889954,2,1
"hub_Large, northern, region_Northeast","carrier_dominant, tz_Eastern",0.16423072631931274,0.16780095950016735,0.050987392614080106,0.31046195652173914,1.850179864564061,1.0,0.02342931915829004,1.2068935838578854,0.5498072522913711,0.1814211988884478,0.17142653389252552,0.3071591697502313,3,2
"northern, region_Northeast","carrier_dominant, hub_Large, tz_Eastern",0.16423072631931274,0.16780095950016735,0.050987392614080106,0.31046195652173914,1.850179864564061,1.0,0.02342931915829004,1.2068935838578854,0.5498072522913711,0.1814211988884478,0.17142653389252552,0.3071591697502313,2,3
"hub_Large, region_Northeast","carrier_dominant, tz_Eastern",0.16423072631931274,0.16780095950016735,0.050987392614080106,0.31046195652173914,1.850179864564061,1.0,0.02342931915829004,1.2068935838578854,0.5498072522913711,0.1814211988884478,0.17142653389252552,0.3071591697502313,2,2
region_Northeast,"carrier_dominant, hub_Large, tz_Eastern",0.16423072631931274,0.16780095950016735,0.050987392614080106,0.31046195652173914,1.850179864564061,1.0,0.02342931915829004,1.2068935838578854,0.5498072522913711,0.1814211988884478,0.17142653389252552,0.3071591697502313,1,3
"northern, region_Northeast","carrier_dominant, tz_Eastern",0.16423072631931274,0.16780095950016735,0.050987392614080106,0.31046195652173914,1.850179864564061,1.0,0.02342931915829004,1.2068935838578854,0.5498072522913711,0.1814211988884478,0.17142653389252552,0.3071591697502313,2,2
region_Northeast,"carrier_dominant, tz_Eastern",0.16423072631931274,0.16780095950016735,0.050987392614080106,0.31046195652173914,1.850179864564061,1.0,0.02342931915829004,1.2068935838578854,0.5498072522913711,0.1814211988884478,0.17142653389252552,0.3071591697502313,1,2
"carrier_dominant, hub_Large, tz_Eastern","northern, region_Northeast",0.16780095950016735,0.16423072631931274,0.050987392614080106,0.3038563829787234,1.850179864564061,1.0,0.02342931915829004,1.2005701887447504,0.5521659910061216,0.1814211988884478,0.1670624430167265,0.3071591697502313,3,2
"carrier_dominant, tz_Eastern","hub_Large, northern, region_Northeast",0.16780095950016735,0.16423072631931274,0.050987392614080106,0.3038563829787234,1.850179864564061,1.0,0.02342931915829004,1.2005701887447504,0.5521659910061216,0.1814211988884478,0.1670624430167265,0.3071591697502313,2,3
"carrier_dominant, hub_Large, tz_Eastern",region_Northeast,0.16780095950016735,0.16423072631931274,0.050987392614080106,0.3038563829787234,1.850179864564061,1.0,0.02342931915829004,1.2005701887447504,0.5521659910061216,0.1814211988884478,0.1670624430167265,0.3071591697502313,3,1
"carrier_dominant, tz_Eastern","hub_Large, region_Northeast",0.16780095950016735,0.16423072631931274,0.050987392614080106,0.3038563829787234,1.850179864564061,1.0,0.02342931915829004,1.2005701887447504,0.5521659910061216,0.1814211988884478,0.1670624430167265,0.3071591697502313,2,2
"carrier_dominant, tz_Eastern","northern, region_Northeast",0.16780095950016735,0.16423072631931274,0.050987392614080106,0.3038563829787234,1.850179864564061,1.0,0.02342931915829004,1.2005701887447504,0.5521659910061216,0.1814211988884478,0.1670624430167265,0.3071591697502313,2,2
"carrier_dominant, tz_Eastern",region_Northeast,0.16780095950016735,0.16423072631931274,0.050987392614080106,0.3038563829787234,1.850179864564061,1.0,0.02342931915829004,1.2005701887447504,0.5521659910061216,0.1814211988884478,0.1670624430167265,0.3071591697502313,2,1
"high_delay, hub_Large, region_South",high_cancel,0.11045408903268995,0.2500278924467254,0.05042954367957157,0.45656565656565656,1.8260588932610353,1.0,0.022812940586605136,1.3800601979140183,0.5085432138778111,0.162648434688737,0.2753939273725052,0.32913066407042313,3,1
"high_delay, region_South","high_cancel, hub_Large",0.11045408903268995,0.2500278924467254,0.05042954367957157,0.45656565656565656,1.8260588932610353,1.0,0.022812940586605136,1.3800601979140183,0.5085432138778111,0.162648434688737,0.2753939273725052,0.32913066407042313,2,2
"high_delay, region_South",high_cancel,0.11045408903268995,0.2500278924467254,0.05042954367957157,0.45656565656565656,1.8260588932610353,1.0,0.022812940586605136,1.3800601979140183,0.5085432138778111,0.162648434688737,0.2753939273725052,0.32913066407042313,2,1
"high_delay, hub_Large, is_summer",high_cancel,0.11971438134553163,0.2500278924467254,0.05388820707352449,0.4501397949673812,1.8003583142760544,1.0,0.02395627261013764,1.3639323244146841,0.505012241299231,0.17061109148710704,0.266825793259839,0.33283428838061163,3,1
"high_delay, is_summer","high_cancel, hub_Large",0.11971438134553163,0.2500278924467254,0.05388820707352449,0.4501397949673812,1.8003583142760544,1.0,0.02395627261013764,1.3639323244146841,0.505012241299231,0.17061109148710704,0.266825793259839,0.33283428838061163,2,2
"high_delay, is_summer",high_cancel,0.11971438134553163,0.2500278924467254,0.05388820707352449,0.4501397949673812,1.8003583142760544,1.0,0.02395627261013764,1.3639323244146841,0.505012241299231,0.17061109148710704,0.266825793259839,0.33283428838061163,2,1
"hub_Large, late_aircraft_dominant, many_runways, region_South",tz_Central,0.14013165234854402,0.24757335713488787,0.06169809215664398,0.44028662420382164,1.7784087484176896,1.0,0.02700522854385594,1.3443070603678249,0.509030915508341,0.18925393566050647,0.2561223328497707,0.3447489903353493,4,1
"late_aircraft_dominant, many_runways, region_South","hub_Large, tz_Central",0.14013165234854402,0.24757335713488787,0.06169809215664398,0.44028662420382164,1.7784087484176896,1.0,0.02700522854385594,1.3443070603678249,0.509030915508341,0.18925393566050647,0.2561223328497707,0.3447489903353493,3,2
"late_aircraft_dominant, many_runways, region_South",tz_Central,0.14013165234854402,0.24757335713488787,0.06169809215664398,0.44028662420382164,1.7784087484176896,1.0,0.02700522854385594,1.3443070603678249,0.509030915508341,0.18925393566050647,0.2561223328497707,0.3447489903353493,3,1
"hub_Large, is_summer, region_South",high_delay,0.1239540332477965,0.2500278924467254,0.054780765368738146,0.44194419441944194,1.7675795692019003,1.0,0.023788799675520257,1.3439016314382066,0.49569842493461,0.1716183152743796,0.25589791945573614,0.33052140555421006,3,1
"is_summer, region_South","high_delay, hub_Large",0.1239540332477965,0.2500278924467254,0.054780765368738146,0.44194419441944194,1.7675795692019003,1.0,0.023788799675520257,1.3439016314382066,0.49569842493461,0.1716183152743796,0.25589791945573614,0.33052140555421006,2,2
"is_summer, region_South",high_delay,0.1239540332477965,0.2500278924467254,0.054780765368738146,0.44194419441944194,1.7675795692019003,1.0,0.023788799675520257,1.3439016314382066,0.49569842493461,0.1716183152743796,0.25589791945573614,0.33052140555421006,2,1
"high_delay, hub_Large, region_South",is_summer,0.11045408903268995,0.28070958384469485,0.054780765368738146,0.49595959595959593,1.7668067800420741,1.0,0.023775244002426876,1.427049122231968,0.4878974175316234,0.16285240464344944,0.29925327417184094,0.34555531467296174,3,1
"high_delay, region_South","hub_Large, is_summer",0.11045408903268995,0.28070958384469485,0.054780765368738146,0.49595959595959593,1.7668067800420741,1.0,0.023775244002426876,1.427049122231968,0.4878974175316234,0.16285240464344944,0.29925327417184094,0.34555531467296174,2,2
"high_delay, region_South",is_summer,0.11045408903268995,0.28070958384469485,0.054780765368738146,0.49595959595959593,1.7668067800420741,1.0,0.023775244002426876,1.427049122231968,0.4878974175316234,0.16285240464344944,0.29925327417184094,0.34555531467296174,2,1
"hub_Large, is_winter, tz_Eastern",high_cancel,0.12216891665736919,0.2500278924467254,0.05377663728662278,0.44018264840182647,1.7605341711849938,1.0,0.02323100053228112,1.3396728511759148,0.49211127799564186,0.16888577435178698,0.25354910407997183,0.32763260041688824,3,1
"is_winter, tz_Eastern","high_cancel, hub_Large",0.12216891665736919,0.2500278924467254,0.05377663728662278,0.44018264840182647,1.7605341711849938,1.0,0.02323100053228112,1.3396728511759148,0.49211127799564186,0.16888577435178698,0.25354910407997183,0.32763260041688824,2,2
"is_winter, tz_Eastern",high_cancel,0.12216891665736919,0.2500278924467254,0.05377663728662278,0.44018264840182647,1.7605341711849938,1.0,0.02323100053228112,1.3396728511759148,0.49211127799564186,0.16888577435178698,0.25354910407997183,0.32763260041688824,2,1
"high_delay, hub_Large, many_runways",is_summer,0.1555282829409796,0.28070958384469485,0.07664844360147272,0.49282639885222373,1.7556450766742773,1.0,0.03299016402103038,1.4182331543429916,0.5096781613041628,0.21315544523735647,0.29489731858422236,0.3829394315405793,3,1
"high_delay, many_runways","hub_Large, is_summer",0.1555282829409796,0.28070958384469485,0.07664844360147272,0.49282639885222373,1.7556450766742773,1.0,0.03299016402103038,1.4182331543429916,0.5096781613041628,0.21315544523735647,0.29489731858422236,0.3829394315405793,2,2
"high_delay, many_runways",is_summer,0.1555282829409796,0.28070958384469485,0.07664844360147272,0.49282639885222373,1.7556450766742773,1.0,0.03299016402103038,1.4182331543429916,0.5096781613041628,0.21315544523735647,0.29489731858422236,0.3829394315405793,2,1
"hub_Large, is_summer, tz_Eastern",high_delay,0.13845810554501842,0.2500278924467254,0.060470824500725204,0.4367445608380338,1.7467833551054428,1.0,0.02585243617913798,1.3314955443113214,0.49622562076436616,0.18435374149659867,0.24896481683893146,0.3393004374917523,3,1
"is_summer, tz_Eastern","high_delay, hub_Large",0.13845810554501842,0.2500278924467254,0.060470824500725204,0.4367445608380338,1.7467833551054428,1.0,0.02585243617913798,1.3314955443113214,0.49622562076436616,0.18435374149659867,0.24896481683893146,0.3393004374917523,2,2
"is_summer, tz_Eastern",high_delay,0.13845810554501842,0.2500278924467254,0.060470824500725204,0.4367445608380338,1.7467833551054428,1.0,0.02585243617913798,1.3314955443113214,0.49622562076436616,0.18435374149659867,0.24896481683893146,0.3393004374917523,2,1
"high_delay, northern",high_cancel,0.13142920897021088,0.2500278924467254,0.05667745174606716,0.431239388794567,1.7247651235009838,1.0,0.023816483621305083,1.3186076756682947,0.48379581165071134,0.17451047749914117,0.24162431445488014,0.3289619523178547,2,1
"high_delay, hub_Large, northern",high_cancel,0.13142920897021088,0.2500278924467254,0.05667745174606716,0.431239388794567,1.7247651235009838,1.0,0.023816483621305083,1.3186076756682947,0.48379581165071134,0.17451047749914117,0.24162431445488014,0.3289619523178547,3,1
"high_delay, northern","high_cancel, hub_Large",0.13142920897021088,0.2500278924467254,0.05667745174606716,0.431239388794567,1.7247651235009838,1.0,0.023816483621305083,1.3186076756682947,0.48379581165071134,0.17451047749914117,0.24162431445488014,0.3289619523178547,2,2
"is_summer, northern",high_delay,0.14046636170924914,0.2500278924467254,0.060470824500725204,0.43050039714058774,1.7218094866448408,1.0,0.025350316122902228,1.3168966295809938,0.4877245443015178,0.1832319134550372,0.24063895560414877,0.3361783556430293,2,1
"hub_Large, is_summer, northern",high_delay,0.14046636170924914,0.2500278924467254,0.060470824500725204,0.43050039714058774,1.7218094866448408,1.0,0.025350316122902228,1.3168966295809938,0.4877245443015178,0.1832319134550372,0.24063895560414877,0.3361783556430293,3,1
"is_summer, northern","high_delay, hub_Large",0.14046636170924914,0.2500278924467254,0.060470824500725204,0.43050039714058774,1.7218094866448408,1.0,0.025350316122902228,1.3168966295809938,0.4877245443015178,0.1832319134550372,0.24063895560414877,0.3361783556430293,2,2
"high_delay, late_aircraft_dominant",high_cancel,0.14381345531630035,0.2500278924467254,0.06180966194354569,0.4297905352986811,1.718970356038411,1.0,0.02585228680532979,1.3152572063077153,0.48851083267707834,0.18615591397849462,0.23969243794734885,0.33850080089342804,2,1
"high_delay, hub_Large, late_aircraft_dominant",high_cancel,0.14381345531630035,0.2500278924467254,0.06180966194354569,0.4297905352986811,1.718970356038411,1.0,0.02585228680532979,1.3152572063077153,0.48851083267707834,0.18615591397849462,0.23969243794734885,0.33850080089342804,3,1
"high_delay, late_aircraft_dominant","high_cancel, hub_Large",0.14381345531630035,0.2500278924467254,0.06180966194354569,0.4297905352986811,1.718970356038411,1.0,0.02585228680532979,1.3152572063077153,0.48851083267707834,0.18615591397849462,0.23969243794734885,0.33850080089342804,2,2
"hub_Large, is_summer, many_runways",high_delay,0.17895793819033806,0.2500278924467254,0.07664844360147272,0.4283042394014962,1.713025835678541,1.0,0.031903967479131136,1.3118377977267746,0.5069626296054321,0.2175427485750475,0.23771063638137616,0.3674319055106544,3,1
"is_summer, many_runways","high_delay, hub_Large",0.17895793819033806,0.2500278924467254,0.07664844360147272,0.4283042394014962,1.713025835678541,1.0,0.031903967479131136,1.3118377977267746,0.5069626296054321,0.2175427485750475,0.23771063638137616,0.3674319055106544,2,2
"is_summer, many_runways",high_delay,0.17895793819033806,0.2500278924467254,0.07664844360147272,0.4283042394014962,1.713025835678541,1.0,0.031903967479131136,1.3118377977267746,0.5069626296054321,0.2175427485750475,0.23771063638137616,0.3674319055106544,2,1
"high_delay, hub_Large","is_summer, many_runways",0.2500278924467254,0.17895793819033806,0.07664844360147272,0.30655957161981257,1.713025835678541,1.0,0.031903967479131136,1.1840123941540877,0.5550041641276964,0.2175427485750475,0.155414246559095,0.3674319055106544,2,2
high_delay,"hub_Large, is_summer, many_runways",0.2500278924467254,0.17895793819033806,0.07664844360147272,0.30655957161981257,1.713025835678541,1.0,0.031903967479131136,1.1840123941540877,0.5550041641276964,0.2175427485750475,0.155414246559095,0.3674319055106544,1,3
high_delay,"is_summer, many_runways",0.2500278924467254,0.17895793819033806,0.07664844360147272,0.30655957161981257,1.713025835678541,1.0,0.031903967479131136,1.1840123941540877,0.5550041641276964,0.2175427485750475,0.155414246559095,0.3674319055106544,1,2
"high_delay, hub_Large",is_summer,0.2500278924467254,0.28070958384469485,0.11971438134553163,0.4788041053101294,1.7056920492427226,1.0,0.04952915570724521,1.3800769029144166,0.551657450061045,0.29125950054288813,0.27540269829295644,0.4526373467727117,2,1
high_delay,"hub_Large, is_summer",0.2500278924467254,0.28070958384469485,0.11971438134553163,0.4788041053101294,1.7056920492427226,1.0,0.04952915570724521,1.3800769029144166,0.551657450061045,0.29125950054288813,0.27540269829295644,0.4526373467727117,1,2
high_delay,is_summer,0.2500278924467254,0.28070958384469485,0.11971438134553163,0.4788041053101294,1.7056920492427226,1.0,0.04952915570724521,1.3800769029144166,0.551657450061045,0.29125950054288813,0.27540269829295644,0.4526373467727117,1,1
"hub_Large, is_summer",high_delay,0.28070958384469485,0.2500278924467254,0.11971438134553163,0.4264705882352941,1.7056920492427226,1.0,0.04952915570724521,1.3076436747082738,0.5751886736947953,0.29125950054288813,0.23526567723191627,0.4526373467727117,2,1
is_summer,"high_delay, hub_Large",0.28070958384469485,0.2500278924467254,0.11971438134553163,0.4264705882352941,1.7056920492427226,1.0,0.04952915570724521,1.3076436747082738,0.5751886736947953,0.29125950054288813,0.23526567723191627,0.4526373467727117,1,2
is_summer,high_delay,0.28070958384469485,0.2500278924467254,0.11971438134553163,0.4264705882352941,1.7056920492427226,1.0,0.04952915570724521,1.3076436747082738,0.5751886736947953,0.29125950054288813,0.23526567723191627,0.4526373467727117,1,1
"high_cancel, late_aircraft_dominant",high_delay,0.14504072297221912,0.2500278924467254,0.06180966194354569,0.42615384615384616,1.7044252222565477,1.0,0.025545435659852393,1.3069219032429717,0.48340542086287397,0.18547037161031135,0.2348433387499142,0.33668245632101057,2,1
"high_cancel, hub_Large, late_aircraft_dominant",high_delay,0.14504072297221912,0.2500278924467254,0.06180966194354569,0.42615384615384616,1.7044252222565477,1.0,0.025545435659852393,1.3069219032429717,0.48340542086287397,0.18547037161031135,0.2348433387499142,0.33668245632101057,3,1
"high_cancel, late_aircraft_dominant","high_delay, hub_Large",0.14504072297221912,0.2500278924467254,0.06180966194354569,0.42615384615384616,1.7044252222565477,1.0,0.025545435659852393,1.3069219032429717,0.48340542086287397,0.18547037161031135,0.2348433387499142,0.33668245632101057,2,2
"hub_Large, is_summer, tz_Eastern",high_cancel,0.13845810554501842,0.2500278924467254,0.05857413812339619,0.4230459307010475,1.6919949472884825,1.0,0.023955749801808965,1.2998818232871698,0.4747089947089947,0.17754480892796753,0.23069929736291117,0.328658172847177,3,1
"is_summer, tz_Eastern","high_cancel, hub_Large",0.13845810554501842,0.2500278924467254,0.05857413812339619,0.4230459307010475,1.6919949472884825,1.0,0.023955749801808965,1.2998818232871698,0.4747089947089947,0.17754480892796753,0.23069929736291117,0.328658172847177,2,2
"is_summer, tz_Eastern",high_cancel,0.13845810554501842,0.2500278924467254,0.05857413812339619,0.4230459307010475,1.6919949472884825,1.0,0.023955749801808965,1.2998818232871698,0.4747089947089947,0.17754480892796753,0.23069929736291117,0.328658172847177,2,1
carrier_AA,late_aircraft_dominant,0.08088809550373759,0.5411134664732791,0.07397076871583175,0.9144827586206896,1.6900018485602557,1.0,0.030201130961382647,5.366011883981815,0.4442164973633205,0.1349755700325733,0.8136418588663362,0.5255918947742624,1,1
"carrier_AA, hub_Large",late_aircraft_dominant,0.08088809550373759,0.5411134664732791,0.07397076871583175,0.9144827586206896,1.6900018485602557,1.0,0.030201130961382647,5.366011883981815,0.4442164973633205,0.1349755700325733,0.8136418588663362,0.5255918947742624,2,1
carrier_AA,"hub_Large, late_aircraft_dominant",0.08088809550373759,0.5411134664732791,0.07397076871583175,0.9144827586206896,1.6900018485602557,1.0,0.030201130961382647,5.366011883981815,0.4442164973633205,0.1349755700325733,0.8136418588663362,0.5255918947742624,1,2
"high_cancel, northern",high_delay,0.13444159321655696,0.2500278924467254,0.05667745174606716,0.4215767634854771,1.68611893401175,1.0,0.02306330353695145,1.2965801859421748,0.4701265952544795,0.17290673927842068,0.2287403348884754,0.32413063966330974,2,1
"high_cancel, hub_Large, northern",high_delay,0.13444159321655696,0.2500278924467254,0.05667745174606716,0.4215767634854771,1.68611893401175,1.0,0.02306330353695145,1.2965801859421748,0.4701265952544795,0.17290673927842068,0.2287403348884754,0.32413063966330974,3,1
"high_cancel, northern","high_delay, hub_Large",0.13444159321655696,0.2500278924467254,0.05667745174606716,0.4215767634854771,1.68611893401175,1.0,0.02306330353695145,1.2965801859421748,0.4701265952544795,0.17290673927842068,0.2287403348884754,0.32413063966330974,2,2
"hub_Large, region_Northeast, tz_Eastern","carrier_dominant, northern",0.16423072631931274,0.18431328796162,0.050987392614080106,0.31046195652173914,1.6844252520002105,1.0,0.020717487461842612,1.1829466405128033,0.48616969101068613,0.17135358080239968,0.15465333282784133,0.2935481695441625,3,2
"region_Northeast, tz_Eastern","carrier_dominant, hub_Large, northern",0.16423072631931274,0.18431328796162,0.050987392614080106,0.31046195652173914,1.6844252520002105,1.0,0.020717487461842612,1.1829466405128033,0.48616969101068613,0.17135358080239968,0.15465333282784133,0.2935481695441625,2,3
region_Northeast,"carrier_dominant, northern",0.16423072631931274,0.18431328796162,0.050987392614080106,0.31046195652173914,1.6844252520002105,1.0,0.020717487461842612,1.1829466405128033,0.48616969101068613,0.17135358080239968,0.15465333282784133,0.2935481695441625,1,2
"hub_Large, region_Northeast","carrier_dominant, northern",0.16423072631931274,0.18431328796162,0.050987392614080106,0.31046195652173914,1.6844252520002105,1.0,0.020717487461842612,1.1829466405128033,0.48616969101068613,0.17135358080239968,0.15465333282784133,0.2935481695441625,2,2
region_Northeast,"carrier_dominant, hub_Large, northern",0.16423072631931274,0.18431328796162,0.050987392614080106,0.31046195652173914,1.6844252520002105,1.0,0.020717487461842612,1.1829466405128033,0.48616969101068613,0.17135358080239968,0.15465333282784133,0.2935481695441625,1,3
"region_Northeast, tz_Eastern","carrier_dominant, northern",0.16423072631931274,0.18431328796162,0.050987392614080106,0.31046195652173914,1.6844252520002105,1.0,0.020717487461842612,1.1829466405128033,0.48616969101068613,0.17135358080239968,0.15465333282784133,0.2935481695441625,2,2
"hub_Large, northern, region_Midwest","late_aircraft_dominant, many_runways",0.13879281490572354,0.35244895682249244,0.08233850273345977,0.5932475884244373,1.6832156172992185,1.0,0.03342111990548023,1.5920029599067576,0.4713140524331788,0.20136425648021827,0.37186046434325143,0.41343291102133545,3,2
"northern, region_Midwest","hub_Large, late_aircraft_dominant, many_runways",0.13879281490572354,0.35244895682249244,0.08233850273345977,0.5932475884244373,1.6832156172992185,1.0,0.03342111990548023,1.5920029599067576,0.4713140524331788,0.20136425648021827,0.37186046434325143,0.41343291102133545,2,3
"hub_Large, region_Midwest","late_aircraft_dominant, many_runways",0.13879281490572354,0.35244895682249244,0.08233850273345977,0.5932475884244373,1.6832156172992185,1.0,0.03342111990548023,1.5920029599067576,0.4713140524331788,0.20136425648021827,0.37186046434325143,0.41343291102133545,2,2
region_Midwest,"hub_Large, late_aircraft_dominant, many_runways",0.13879281490572354,0.35244895682249244,0.08233850273345977,0.5932475884244373,1.6832156172992185,1.0,0.03342111990548023,1.5920029599067576,0.4713140524331788,0.20136425648021827,0.37186046434325143,0.41343291102133545,1,3
region_Midwest,"late_aircraft_dominant, many_runways",0.13879281490572354,0.35244895682249244,0.08233850273345977,0.5932475884244373,1.6832156172992185,1.0,0.03342111990548023,1.5920029599067576,0.4713140524331788,0.20136425648021827,0.37186046434325143,0.41343291102133545,1,2
"northern, region_Midwest","late_aircraft_dominant, many_runways",0.13879281490572354,0.35244895682249244,0.08233850273345977,0.5932475884244373,1.6832156172992185,1.0,0.03342111990548023,1.5920029599067576,0.4713140524331788,0.20136425648021827,0.37186046434325143,0.41343291102133545,2,2
"high_delay, hub_Large, tz_Eastern",is_summer,0.1303135111011938,0.28070958384469485,0.060470824500725204,0.464041095890411,1.6531002950976763,1.0,0.023890573030168068,1.342062629503828,0.45427407577475387,0.1725015913430936,0.25487829106029997,0.3397311997735044,3,1
"high_delay, tz_Eastern","hub_Large, is_summer",0.1303135111011938,0.28070958384469485,0.060470824500725204,0.464041095890411,1.6531002950976763,1.0,0.023890573030168068,1.342062629503828,0.45427407577475387,0.1725015913430936,0.25487829106029997,0.3397311997735044,2,2
"high_delay, tz_Eastern",is_summer,0.1303135111011938,0.28070958384469485,0.060470824500725204,0.464041095890411,1.6531002950976763,1.0,0.023890573030168068,1.342062629503828,0.45427407577475387,0.1725015913430936,0.25487829106029997,0.3397311997735044,2,1
"high_delay, northern",is_summer,0.13142920897021088,0.28070958384469485,0.060470824500725204,0.46010186757215615,1.6390671856316517,1.0,0.023577385945659876,1.3322706135706752,0.4488947664043115,0.17195431472081218,0.2494017432990904,0.33776158561437697,2,1
"high_delay, hub_Large, northern",is_summer,0.13142920897021088,0.28070958384469485,0.060470824500725204,0.46010186757215615,1.6390671856316517,1.0,0.023577385945659876,1.3322706135706752,0.4488947664043115,0.17195431472081218,0.2494017432990904,0.33776158561437697,3,1
"high_delay, northern","hub_Large, is_summer",0.13142920897021088,0.28070958384469485,0.060470824500725204,0.46010186757215615,1.6390671856316517,1.0,0.023577385945659876,1.3322706135706752,0.4488947664043115,0.17195431472081218,0.2494017432990904,0.33776158561437697,2,2
"high_cancel, hub_Large",high_delay,0.2500278924467254,0.2500278924467254,0.10197478522816021,0.4078536367692994,1.631232550809117,1.0,0.03946083822680892,1.2665316450843167,0.5159746858188632,0.25616591928251126,0.21044215209212003,0.4078536367692994,2,1
"high_delay, hub_Large",high_cancel,0.2500278924467254,0.2500278924467254,0.10197478522816021,0.4078536367692994,1.631232550809117,1.0,0.03946083822680892,1.2665316450843167,0.5159746858188632,0.25616591928251126,0.21044215209212003,0.4078536367692994,2,1
high_cancel,"high_delay, hub_Large",0.2500278924467254,0.2500278924467254,0.10197478522816021,0.4078536367692994,1.631232550809117,1.0,0.03946083822680892,1.2665316450843167,0.5159746858188632,0.25616591928251126,0.21044215209212003,0.4078536367692994,1,2
high_delay,"high_cancel, hub_Large",0.2500278924467254,0.2500278924467254,0.10197478522816021,0.4078536367692994,1.631232550809117,1.0,0.03946083822680892,1.2665316450843167,0.5159746858188632,0.25616591928251126,0.21044215209212003,0.4078536367692994,1,2
high_cancel,high_delay,0.2500278924467254,0.2500278924467254,0.10197478522816021,0.4078536367692994,1.631232550809117,1.0,0.03946083822680892,1.2665316450843167,0.5159746858188632,0.25616591928251126,0.21044215209212003,0.4078536367692994,1,1
high_delay,high_cancel,0.2500278924467254,0.2500278924467254,0.10197478522816021,0.4078536367692994,1.631232550809117,1.0,0.03946083822680892,1.2665316450843167,0.5159746858188632,0.25616591928251126,0.21044215209212003,0.4078536367692994,1,1
"hub_Large, region_Midwest","carrier_dominant, many_runways",0.13879281490572354,0.24880062479080664,0.05623117259846034,0.40514469453376206,1.6283909852493765,1.0,0.021699433533441545,1.2628270577841032,0.44808830817381157,0.1696969696969697,0.20812593154702352,0.31557683157181377,2,2
region_Midwest,"carrier_dominant, hub_Large, many_runways",0.13879281490572354,0.24880062479080664,0.05623117259846034,0.40514469453376206,1.6283909852493765,1.0,0.021699433533441545,1.2628270577841032,0.44808830817381157,0.1696969696969697,0.20812593154702352,0.31557683157181377,1,3
"hub_Large, northern, region_Midwest","carrier_dominant, many_runways",0.13879281490572354,0.24880062479080664,0.05623117259846034,0.40514469453376206,1.6283909852493765,1.0,0.021699433533441545,1.2628270577841032,0.44808830817381157,0.1696969696969697,0.20812593154702352,0.31557683157181377,3,2
"northern, region_Midwest","carrier_dominant, hub_Large, many_runways",0.13879281490572354,0.24880062479080664,0.05623117259846034,0.40514469453376206,1.6283909852493765,1.0,0.021699433533441545,1.2628270577841032,0.44808830817381157,0.1696969696969697,0.20812593154702352,0.31557683157181377,2,3
"northern, region_Midwest","carrier_dominant, many_runways",0.13879281490572354,0.24880062479080664,0.05623117259846034,0.40514469453376206,1.6283909852493765,1.0,0.021699433533441545,1.2628270577841032,0.44808830817381157,0.1696969696969697,0.20812593154702352,0.31557683157181377,2,2
region_Midwest,"carrier_dominant, many_runways",0.13879281490572354,0.24880062479080664,0.05623117259846034,0.40514469453376206,1.6283909852493765,1.0,0.021699433533441545,1.2628270577841032,0.44808830817381157,0.1696969696969697,0.20812593154702352,0.31557683157181377,1,2
region_Northeast,nas_dominant,0.16423072631931274,0.21521811893339285,0.0572353006805757,0.3485054347826087,1.619312707079586,1.0,0.02188987269106836,1.2045869957560436,0.45760721833061263,0.1776315789473684,0.16983995051983533,0.3072231684021908,1,1
"hub_Large, region_Northeast",nas_dominant,0.16423072631931274,0.21521811893339285,0.0572353006805757,0.3485054347826087,1.619312707079586,1.0,0.02188987269106836,1.2045869957560436,0.45760721833061263,0.1776315789473684,0.16983995051983533,0.3072231684021908,2,1
region_Northeast,"hub_Large, nas_dominant",0.16423072631931274,0.21521811893339285,0.0572353006805757,0.3485054347826087,1.619312707079586,1.0,0.02188987269106836,1.2045869957560436,0.45760721833061263,0.1776315789473684,0.16983995051983533,0.3072231684021908,1,2
"region_Northeast, tz_Eastern",nas_dominant,0.16423072631931274,0.21521811893339285,0.0572353006805757,0.3485054347826087,1.619312707079586,1.0,0.02188987269106836,1.2045869957560436,0.45760721833061263,0.1776315789473684,0.16983995051983533,0.3072231684021908,2,1
"hub_Large, northern, region_Northeast",nas_dominant,0.16423072631931274,0.21521811893339285,0.0572353006805757,0.3485054347826087,1.619312707079586,1.0,0.02188987269106836,1.2045869957560436,0.45760721833061263,0.1776315789473684,0.16983995051983533,0.3072231684021908,3,1
"northern, region_Northeast","hub_Large, nas_dominant",0.16423072631931274,0.21521811893339285,0.0572353006805757,0.3485054347826087,1.619312707079586,1.0,0.02188987269106836,1.2045869957560436,0.45760721833061263,0.1776315789473684,0.16983995051983533,0.3072231684021908,2,2
"northern, region_Northeast",nas_dominant,0.16423072631931274,0.21521811893339285,0.0572353006805757,0.3485054347826087,1.619312707079586,1.0,0.02188987269106836,1.2045869957560436,0.45760721833061263,0.1776315789473684,0.16983995051983533,0.3072231684021908,2,1
"hub_Large, region_Northeast, tz_Eastern",nas_dominant,0.16423072631931274,0.21521811893339285,0.0572353006805757,0.3485054347826087,1.619312707079586,1.0,0.02188987269106836,1.2045869957560436,0.45760721833061263,0.1776315789473684,0.16983995051983533,0.3072231684021908,3,1
"region_Northeast, tz_Eastern","hub_Large, nas_dominant",0.16423072631931274,0.21521811893339285,0.0572353006805757,0.3485054347826087,1.619312707079586,1.0,0.02188987269106836,1.2045869957560436,0.45760721833061263,0.1776315789473684,0.16983995051983533,0.3072231684021908,2,2
"hub_Large, northern, region_Northeast, tz_Eastern",nas_dominant,0.16423072631931274,0.21521811893339285,0.0572353006805757,0.3485054347826087,1.619312707079586,1.0,0.02188987269106836,1.2045869957560436,0.45760721833061263,0.1776315789473684,0.16983995051983533,0.3072231684021908,4,1
"northern, region_Northeast, tz_Eastern","hub_Large, nas_dominant",0.16423072631931274,0.21521811893339285,0.0572353006805757,0.3485054347826087,1.619312707079586,1.0,0.02188987269106836,1.2045869957560436,0.45760721833061263,0.1776315789473684,0.16983995051983533,0.3072231684021908,3,2
"northern, region_Northeast, tz_Eastern",nas_dominant,0.16423072631931274,0.21521811893339285,0.0572353006805757,0.3485054347826087,1.619312707079586,1.0,0.02188987269106836,1.2045869957560436,0.45760721833061263,0.1776315789473684,0.16983995051983533,0.3072231684021908,3,1
"high_cancel, hub_Large, tz_Eastern",high_delay,0.15363159656365055,0.2500278924467254,0.0619212317304474,0.4030501089324619,1.6120205829369283,1.0,0.02350904742841227,1.256340136375741,0.4485759685337857,0.18119490695396673,0.20403721011033266,0.32535370239126443,3,1
"high_cancel, tz_Eastern","high_delay, hub_Large",0.15363159656365055,0.2500278924467254,0.0619212317304474,0.4030501089324619,1.6120205829369283,1.0,0.02350904742841227,1.256340136375741,0.4485759685337857,0.18119490695396673,0.20403721011033266,0.32535370239126443,2,2
"high_cancel, tz_Eastern",high_delay,0.15363159656365055,0.2500278924467254,0.0619212317304474,0.4030501089324619,1.6120205829369283,1.0,0.02350904742841227,1.256340136375741,0.4485759685337857,0.18119490695396673,0.20403721011033266,0.32535370239126443,2,1
"high_cancel, hub_Large, region_South","late_aircraft_dominant, tz_Eastern",0.1270779872810443,0.2734575476960839,0.05578489345085351,0.43898156277436345,1.6053005904310975,1.0,0.021034458682824997,1.2950420237467297,0.43195577709611455,0.16181229773462785,0.2278242854954883,0.32148996539370966,3,2
"high_cancel, region_South","hub_Large, late_aircraft_dominant, tz_Eastern",0.1270779872810443,0.2734575476960839,0.05578489345085351,0.43898156277436345,1.6053005904310975,1.0,0.021034458682824997,1.2950420237467297,0.43195577709611455,0.16181229773462785,0.2278242854954883,0.32148996539370966,2,3
"high_cancel, region_South","late_aircraft_dominant, tz_Eastern",0.1270779872810443,0.2734575476960839,0.05578489345085351,0.43898156277436345,1.6053005904310975,1.0,0.021034458682824997,1.2950420237467297,0.43195577709611455,0.16181229773462785,0.2278242854954883,0.32148996539370966,2,2
carrier_F9,late_aircraft_dominant,0.08311949124177173,0.5411134664732791,0.07207408233850274,0.8671140939597316,1.602462602919809,1.0,0.027097006301172274,3.4532370452263357,0.4100430452823109,0.13053142048898767,0.7104166360712556,0.5001549851241957,1,1
"carrier_F9, hub_Large",late_aircraft_dominant,0.08311949124177173,0.5411134664732791,0.07207408233850274,0.8671140939597316,1.602462602919809,1.0,0.027097006301172274,3.4532370452263357,0.4100430452823109,0.13053142048898767,0.7104166360712556,0.5001549851241957,2,1
carrier_F9,"hub_Large, late_aircraft_dominant",0.08311949124177173,0.5411134664732791,0.07207408233850274,0.8671140939597316,1.602462602919809,1.0,0.027097006301172274,3.4532370452263357,0.4100430452823109,0.13053142048898767,0.7104166360712556,0.5001549851241957,1,2
"hub_Large, region_Northeast, tz_Eastern","late_aircraft_dominant, northern",0.16423072631931274,0.2652013834653576,0.06939640745286177,0.422554347826087,1.5933338744489767,1.0,0.025842191625459518,1.2724983100458747,0.4455597520883582,0.1927486829872947,0.21414433944203118,0.3421143636480035,3,2
"region_Northeast, tz_Eastern","hub_Large, late_aircraft_dominant, northern",0.16423072631931274,0.2652013834653576,0.06939640745286177,0.422554347826087,1.5933338744489767,1.0,0.025842191625459518,1.2724983100458747,0.4455597520883582,0.1927486829872947,0.21414433944203118,0.3421143636480035,2,3
region_Northeast,"late_aircraft_dominant, northern",0.16423072631931274,0.2652013834653576,0.06939640745286177,0.422554347826087,1.5933338744489767,1.0,0.025842191625459518,1.2724983100458747,0.4455597520883582,0.1927486829872947,0.21414433944203118,0.3421143636480035,1,2
"region_Northeast, tz_Eastern","late_aircraft_dominant, northern",0.16423072631931274,0.2652013834653576,0.06939640745286177,0.422554347826087,1.5933338744489767,1.0,0.025842191625459518,1.2724983100458747,0.4455597520883582,0.1927486829872947,0.21414433944203118,0.3421143636480035,2,2
"hub_Large, region_Northeast","late_aircraft_dominant, northern",0.16423072631931274,0.2652013834653576,0.06939640745286177,0.422554347826087,1.5933338744489767,1.0,0.025842191625459518,1.2724983100458747,0.4455597520883582,0.1927486829872947,0.21414433944203118,0.3421143636480035,2,2
region_Northeast,"hub_Large, late_aircraft_dominant, northern",0.16423072631931274,0.2652013834653576,0.06939640745286177,0.422554347826087,1.5933338744489767,1.0,0.025842191625459518,1.2724983100458747,0.4455597520883582,0.1927486829872947,0.21414433944203118,0.3421143636480035,1,3
"high_cancel, hub_Large, region_South",high_delay,0.1270779872810443,0.2500278924467254,0.05042954367957157,0.3968393327480246,1.5871802496298726,1.0,0.018656502343320287,1.2434035378503345,0.4238085785511338,0.15437158469945356,0.19575586721519553,0.29926750216160714,3,1
"high_cancel, region_South","high_delay, hub_Large",0.1270779872810443,0.2500278924467254,0.05042954367957157,0.3968393327480246,1.5871802496298726,1.0,0.018656502343320287,1.2434035378503345,0.4238085785511338,0.15437158469945356,0.19575586721519553,0.29926750216160714,2,2
"high_cancel, region_South",high_delay,0.1270779872810443,0.2500278924467254,0.05042954367957157,0.3968393327480246,1.5871802496298726,1.0,0.018656502343320287,1.2434035378503345,0.4238085785511338,0.15437158469945356,0.19575586721519553,0.29926750216160714,2,1
carrier_WN,late_aircraft_dominant,0.07285507084681468,0.5411134664732791,0.06236751087805422,0.8560490045941807,1.582013861479926,1.0,0.022944650941977993,3.1877968765207303,0.39680342884943665,0.11306634304207121,0.6863037267633457,0.48565336827647176,1,1
"carrier_WN, hub_Large",late_aircraft_dominant,0.07285507084681468,0.5411134664732791,0.06236751087805422,0.8560490045941807,1.582013861479926,1.0,0.022944650941977993,3.1877968765207303,0.39680342884943665,0.11306634304207121,0.6863037267633457,0.48565336827647176,2,1
carrier_WN,"hub_Large, late_aircraft_dominant",0.07285507084681468,0.5411134664732791,0.06236751087805422,0.8560490045941807,1.582013861479926,1.0,0.022944650941977993,3.1877968765207303,0.39680342884943665,0.11306634304207121,0.6863037267633457,0.48565336827647176,1,2
"northern, region_Midwest, tz_Central","late_aircraft_dominant, many_runways",0.09461117929264755,0.35244895682249244,0.05254936963070401,0.5554245283018868,1.575900616388038,1.0,0.019203758185264583,1.4565604366433063,0.4036301415558984,0.13320135746606335,0.31345107635592895,0.35226117203318463,3,2
"hub_Large, northern, tz_Central","late_aircraft_dominant, many_runways",0.09461117929264755,0.35244895682249244,0.05254936963070401,0.5554245283018868,1.575900616388038,1.0,0.019203758185264583,1.4565604366433063,0.4036301415558984,0.13320135746606335,0.31345107635592895,0.35226117203318463,3,2
"northern, tz_Central","hub_Large, late_aircraft_dominant, many_runways",0.09461117929264755,0.35244895682249244,0.05254936963070401,0.5554245283018868,1.575900616388038,1.0,0.019203758185264583,1.4565604366433063,0.4036301415558984,0.13320135746606335,0.31345107635592895,0.35226117203318463,2,3
"region_Midwest, tz_Central","late_aircraft_dominant, many_runways",0.09461117929264755,0.35244895682249244,0.05254936963070401,0.5554245283018868,1.575900616388038,1.0,0.019203758185264583,1.4565604366433063,0.4036301415558984,0.13320135746606335,0.31345107635592895,0.35226117203318463,2,2
"hub_Large, region_Midwest, tz_Central","late_aircraft_dominant, many_runways",0.09461117929264755,0.35244895682249244,0.05254936963070401,0.5554245283018868,1.575900616388038,1.0,0.019203758185264583,1.4565604366433063,0.4036301415558984,0.13320135746606335,0.31345107635592895,0.35226117203318463,3,2
"region_Midwest, tz_Central","hub_Large, late_aircraft_dominant, many_runways",0.09461117929264755,0.35244895682249244,0.05254936963070401,0.5554245283018868,1.575900616388038,1.0,0.019203758185264583,1.4565604366433063,0.4036301415558984,0.13320135746606335,0.31345107635592895,0.35226117203318463,2,3
"hub_Large, northern, region_Midwest, tz_Central","late_aircraft_dominant, many_runways",0.09461117929264755,0.35244895682249244,0.05254936963070401,0.5554245283018868,1.575900616388038,1.0,0.019203758185264583,1.4565604366433063,0.4036301415558984,0.13320135746606335,0.31345107635592895,0.35226117203318463,4,2
"northern, region_Midwest, tz_Central","hub_Large, late_aircraft_dominant, many_runways",0.09461117929264755,0.35244895682249244,0.05254936963070401,0.5554245283018868,1.575900616388038,1.0,0.019203758185264583,1.4565604366433063,0.4036301415558984,0.13320135746606335,0.31345107635592895,0.35226117203318463,3,3
"northern, tz_Central","late_aircraft_dominant, many_runways",0.09461117929264755,0.35244895682249244,0.05254936963070401,0.5554245283018868,1.575900616388038,1.0,0.019203758185264583,1.4565604366433063,0.4036301415558984,0.13320135746606335,0.31345107635592895,0.35226117203318463,2,2
"hub_Large, late_aircraft_dominant, northern, region_Midwest",many_runways,0.08233850273345977,0.6392948789467812,0.08233850273345977,1.0,1.5642233856893544,1.0,0.029699919595813397,inf,0.3930699088145897,0.12879581151832462,1.0,0.5643979057591623,4,1
"late_aircraft_dominant, northern, region_Midwest","hub_Large, many_runways",0.08233850273345977,0.6392948789467812,0.08233850273345977,1.0,1.5642233856893544,1.0,0.029699919595813397,inf,0.3930699088145897,0.12879581151832462,1.0,0.5643979057591623,3,2
"hub_Large, late_aircraft_dominant, region_Midwest",many_runways,0.08233850273345977,0.6392948789467812,0.08233850273345977,1.0,1.5642233856893544,1.0,0.029699919595813397,inf,0.3930699088145897,0.12879581151832462,1.0,0.5643979057591623,3,1
"late_aircraft_dominant, region_Midwest","hub_Large, many_runways",0.08233850273345977,0.6392948789467812,0.08233850273345977,1.0,1.5642233856893544,1.0,0.029699919595813397,inf,0.3930699088145897,0.12879581151832462,1.0,0.5643979057591623,2,2
"late_aircraft_dominant, region_Midwest",many_runways,0.08233850273345977,0.6392948789467812,0.08233850273345977,1.0,1.5642233856893544,1.0,0.029699919595813397,inf,0.3930699088145897,0.12879581151832462,1.0,0.5643979057591623,2,1
"late_aircraft_dominant, northern, region_Midwest",many_runways,0.08233850273345977,0.6392948789467812,0.08233850273345977,1.0,1.5642233856893544,1.0,0.029699919595813397,inf,0.3930699088145897,0.12879581151832462,1.0,0.5643979057591623,3,1
"carrier_dominant, hub_Large, region_Midwest",many_runways,0.05623117259846034,0.6392948789467812,0.05623117259846034,1.0,1.5642233856893544,1.0,0.02028287191909208,inf,0.38219647712495575,0.08795811518324609,1.0,0.543979057591623,3,1
"carrier_dominant, region_Midwest","hub_Large, many_runways",0.05623117259846034,0.6392948789467812,0.05623117259846034,1.0,1.5642233856893544,1.0,0.02028287191909208,inf,0.38219647712495575,0.08795811518324609,1.0,0.543979057591623,2,2
"carrier_dominant, hub_Large, northern, region_Midwest",many_runways,0.05623117259846034,0.6392948789467812,0.05623117259846034,1.0,1.5642233856893544,1.0,0.02028287191909208,inf,0.38219647712495575,0.08795811518324609,1.0,0.543979057591623,4,1
"carrier_dominant, northern, region_Midwest","hub_Large, many_runways",0.05623117259846034,0.6392948789467812,0.05623117259846034,1.0,1.5642233856893544,1.0,0.02028287191909208,inf,0.38219647712495575,0.08795811518324609,1.0,0.543979057591623,3,2
"carrier_dominant, northern, region_Midwest",many_runways,0.05623117259846034,0.6392948789467812,0.05623117259846034,1.0,1.5642233856893544,1.0,0.02028287191909208,inf,0.38219647712495575,0.08795811518324609,1.0,0.543979057591623,3,1
"carrier_dominant, region_Midwest",many_runways,0.05623117259846034,0.6392948789467812,0.05623117259846034,1.0,1.5642233856893544,1.0,0.02028287191909208,inf,0.38219647712495575,0.08795811518324609,1.0,0.543979057591623,2,1
"late_aircraft_dominant, northern, region_Midwest, tz_Central",many_runways,0.05254936963070401,0.6392948789467812,0.05254936963070401,1.0,1.5642233856893544,1.0,0.01895482673391343,inf,0.3807112576542629,0.08219895287958116,1.0,0.5410994764397906,4,1
"hub_Large, late_aircraft_dominant, northern, tz_Central",many_runways,0.05254936963070401,0.6392948789467812,0.05254936963070401,1.0,1.5642233856893544,1.0,0.01895482673391343,inf,0.3807112576542629,0.08219895287958116,1.0,0.5410994764397906,4,1
"late_aircraft_dominant, northern, tz_Central","hub_Large, many_runways",0.05254936963070401,0.6392948789467812,0.05254936963070401,1.0,1.5642233856893544,1.0,0.01895482673391343,inf,0.3807112576542629,0.08219895287958116,1.0,0.5410994764397906,3,2
"late_aircraft_dominant, region_Midwest, tz_Central",many_runways,0.05254936963070401,0.6392948789467812,0.05254936963070401,1.0,1.5642233856893544,1.0,0.01895482673391343,inf,0.3807112576542629,0.08219895287958116,1.0,0.5410994764397906,3,1
"hub_Large, late_aircraft_dominant, region_Midwest, tz_Central",many_runways,0.05254936963070401,0.6392948789467812,0.05254936963070401,1.0,1.5642233856893544,1.0,0.01895482673391343,inf,0.3807112576542629,0.08219895287958116,1.0,0.5410994764397906,4,1
"late_aircraft_dominant, region_Midwest, tz_Central","hub_Large, many_runways",0.05254936963070401,0.6392948789467812,0.05254936963070401,1.0,1.5642233856893544,1.0,0.01895482673391343,inf,0.3807112576542629,0.08219895287958116,1.0,0.5410994764397906,3,2
"hub_Large, late_aircraft_dominant, northern, region_Midwest, tz_Central",many_runways,0.05254936963070401,0.6392948789467812,0.05254936963070401,1.0,1.5642233856893544,1.0,0.01895482673391343,inf,0.3807112576542629,0.08219895287958116,1.0,0.5410994764397906,5,1
"late_aircraft_dominant, northern, region_Midwest, tz_Central","hub_Large, many_runways",0.05254936963070401,0.6392948789467812,0.05254936963070401,1.0,1.5642233856893544,1.0,0.01895482673391343,inf,0.3807112576542629,0.08219895287958116,1.0,0.5410994764397906,4,2
"late_aircraft_dominant, northern, tz_Central",many_runways,0.05254936963070401,0.6392948789467812,0.05254936963070401,1.0,1.5642233856893544,1.0,0.01895482673391343,inf,0.3807112576542629,0.08219895287958116,1.0,0.5410994764397906,3,1
"hub_Large, northern, region_Northeast","late_aircraft_dominant, tz_Eastern",0.16423072631931274,0.2734575476960839,0.06939640745286177,0.422554347826087,1.5452283229560253,1.0,0.024486275777235805,1.2582005762251347,0.4221816447690069,0.18842774916691912,0.2052141614811452,0.3381641588171643,3,2
"northern, region_Northeast","hub_Large, late_aircraft_dominant, tz_Eastern",0.16423072631931274,0.2734575476960839,0.06939640745286177,0.422554347826087,1.5452283229560253,1.0,0.024486275777235805,1.2582005762251347,0.4221816447690069,0.18842774916691912,0.2052141614811452,0.3381641588171643,2,3
"northern, region_Northeast","late_aircraft_dominant, tz_Eastern",0.16423072631931274,0.2734575476960839,0.06939640745286177,0.422554347826087,1.5452283229560253,1.0,0.024486275777235805,1.2582005762251347,0.4221816447690069,0.18842774916691912,0.2052141614811452,0.3381641588171643,2,2
"hub_Large, region_Northeast","late_aircraft_dominant, tz_Eastern",0.16423072631931274,0.2734575476960839,0.06939640745286177,0.422554347826087,1.5452283229560253,1.0,0.024486275777235805,1.2582005762251347,0.4221816447690069,0.18842774916691912,0.2052141614811452,0.3381641588171643,2,2
region_Northeast,"hub_Large, late_aircraft_dominant, tz_Eastern",0.16423072631931274,0.2734575476960839,0.06939640745286177,0.422554347826087,1.5452283229560253,1.0,0.024486275777235805,1.2582005762251347,0.4221816447690069,0.18842774916691912,0.2052141614811452,0.3381641588171643,1,3
region_Northeast,"late_aircraft_dominant, tz_Eastern",0.16423072631931274,0.2734575476960839,0.06939640745286177,0.422554347826087,1.5452283229560253,1.0,0.024486275777235805,1.2582005762251347,0.4221816447690069,0.18842774916691912,0.2052141614811452,0.3381641588171643,1,2
"high_cancel, hub_Large, many_runways",high_delay,0.1541894454981591,0.2500278924467254,0.05935512663170813,0.38494934876989867,1.5396256193773326,1.0,0.02080346453627418,1.2193664148689711,0.4143852904917617,0.1721125849239728,0.17990196563888752,0.31117168464822464,3,1
"high_cancel, many_runways","high_delay, hub_Large",0.1541894454981591,0.2500278924467254,0.05935512663170813,0.38494934876989867,1.5396256193773326,1.0,0.02080346453627418,1.2193664148689711,0.4143852904917617,0.1721125849239728,0.17990196563888752,0.31117168464822464,2,2
"high_cancel, many_runways",high_delay,0.1541894454981591,0.2500278924467254,0.05935512663170813,0.38494934876989867,1.5396256193773326,1.0,0.02080346453627418,1.2193664148689711,0.4143852904917617,0.1721125849239728,0.17990196563888752,0.31117168464822464,2,1
"high_cancel, many_runways",tz_Central,0.1541894454981591,0.24757335713488787,0.05868570791029789,0.3806078147612156,1.5373536925213047,1.0,0.020512509253551817,1.2147822668686736,0.41325045653958786,0.17105691056910566,0.17680721288623596,0.3088257640728115,2,1
"high_cancel, hub_Large, many_runways",tz_Central,0.1541894454981591,0.24757335713488787,0.05868570791029789,0.3806078147612156,1.5373536925213047,1.0,0.020512509253551817,1.2147822668686736,0.41325045653958786,0.17105691056910566,0.17680721288623596,0.3088257640728115,3,1
"high_cancel, many_runways","hub_Large, tz_Central",0.1541894454981591,0.24757335713488787,0.05868570791029789,0.3806078147612156,1.5373536925213047,1.0,0.020512509253551817,1.2147822668686736,0.41325045653958786,0.17105691056910566,0.17680721288623596,0.3088257640728115,2,2
"high_delay, hub_Large, many_runways",high_cancel,0.1555282829409796,0.2500278924467254,0.05935512663170813,0.38163558106169293,1.5263720272449595,1.0,0.02046871783211701,1.2128319233518152,0.408363854543215,0.17144698678698034,0.1754834443701211,0.3095148007941218,3,1
"high_delay, many_runways","high_cancel, hub_Large",0.1555282829409796,0.2500278924467254,0.05935512663170813,0.38163558106169293,1.5263720272449595,1.0,0.02046871783211701,1.2128319233518152,0.408363854543215,0.17144698678698034,0.1754834443701211,0.3095148007941218,2,2
"high_delay, many_runways",high_cancel,0.1555282829409796,0.2500278924467254,0.05935512663170813,0.38163558106169293,1.5263720272449595,1.0,0.02046871783211701,1.2128319233518152,0.408363854543215,0.17144698678698034,0.1754834443701211,0.3095148007941218,2,1
"carrier_dominant, region_South",tz_Central,0.155751422514783,0.24757335713488787,0.05846256833649448,0.3753581661891118,1.5161492760491253,1.0,0.01990266578597529,1.2045729282565327,0.40323945779030484,0.1695244257521838,0.16983025556835837,0.3057502863392607,2,1
"carrier_dominant, hub_Large, region_South",tz_Central,0.155751422514783,0.24757335713488787,0.05846256833649448,0.3753581661891118,1.5161492760491253,1.0,0.01990266578597529,1.2045729282565327,0.40323945779030484,0.1695244257521838,0.16983025556835837,0.3057502863392607,3,1
"carrier_dominant, region_South","hub_Large, tz_Central",0.155751422514783,0.24757335713488787,0.05846256833649448,0.3753581661891118,1.5161492760491253,1.0,0.01990266578597529,1.2045729282565327,0.40323945779030484,0.1695244257521838,0.16983025556835837,0.3057502863392607,2,2
"is_summer, region_South","late_aircraft_dominant, tz_Eastern",0.1239540332477965,0.2734575476960839,0.05042954367957157,0.40684068406840684,1.4877654228091108,1.0,0.016533377720590298,1.2248689901512153,0.3742395263705996,0.14533762057877814,0.18358615652720067,0.2956276043761047,2,2
"hub_Large, is_summer, region_South","late_aircraft_dominant, tz_Eastern",0.1239540332477965,0.2734575476960839,0.05042954367957157,0.40684068406840684,1.4877654228091108,1.0,0.016533377720590298,1.2248689901512153,0.3742395263705996,0.14533762057877814,0.18358615652720067,0.2956276043761047,3,2
"is_summer, region_South","hub_Large, late_aircraft_dominant, tz_Eastern",0.1239540332477965,0.2734575476960839,0.05042954367957157,0.40684068406840684,1.4877654228091108,1.0,0.016533377720590298,1.2248689901512153,0.3742395263705996,0.14533762057877814,0.18358615652720067,0.2956276043761047,2,3
"high_cancel, northern",tz_Eastern,0.13444159321655696,0.4990516568113355,0.09963181970322436,0.7410788381742738,1.4849742066970748,1.0,0.03253851986414601,1.9347524151998097,0.37731437576845134,0.18662486938349004,0.4831380014601371,0.47036056820406064,2,1
"high_cancel, hub_Large, northern",tz_Eastern,0.13444159321655696,0.4990516568113355,0.09963181970322436,0.7410788381742738,1.4849742066970748,1.0,0.03253851986414601,1.9347524151998097,0.37731437576845134,0.18662486938349004,0.4831380014601371,0.47036056820406064,3,1
"high_cancel, northern","hub_Large, tz_Eastern",0.13444159321655696,0.4990516568113355,0.09963181970322436,0.7410788381742738,1.4849742066970748,1.0,0.03253851986414601,1.9347524151998097,0.37731437576845134,0.18662486938349004,0.4831380014601371,0.47036056820406064,2,2
"high_cancel, northern","late_aircraft_dominant, tz_Eastern",0.13444159321655696,0.2734575476960839,0.053999776860426195,0.40165975103734436,1.4688193996522716,1.0,0.01723570847107206,1.2142630444191662,0.36875744366252694,0.15258511979823455,0.17645521322907212,0.29956508563699125,2,2
"high_cancel, hub_Large, northern","late_aircraft_dominant, tz_Eastern",0.13444159321655696,0.2734575476960839,0.053999776860426195,0.40165975103734436,1.4688193996522716,1.0,0.01723570847107206,1.2142630444191662,0.36875744366252694,0.15258511979823455,0.17645521322907212,0.29956508563699125,3,2
"high_cancel, northern","hub_Large, late_aircraft_dominant, tz_Eastern",0.13444159321655696,0.2734575476960839,0.053999776860426195,0.40165975103734436,1.4688193996522716,1.0,0.01723570847107206,1.2142630444191662,0.36875744366252694,0.15258511979823455,0.17645521322907212,0.29956508563699125,2,3
"is_summer, late_aircraft_dominant, tz_Eastern",region_South,0.0778757112573915,0.4436014727211871,0.05042954367957157,0.6475644699140402,1.4597888188731243,1.0,0.015883763476582775,1.5787242765878513,0.34156936436299784,0.10705826622453815,0.36657716940837015,0.3806232812346861,3,1
"hub_Large, is_summer, late_aircraft_dominant, tz_Eastern",region_South,0.0778757112573915,0.4436014727211871,0.05042954367957157,0.6475644699140402,1.4597888188731243,1.0,0.015883763476582775,1.5787242765878513,0.34156936436299784,0.10705826622453815,0.36657716940837015,0.3806232812346861,4,1
"is_summer, late_aircraft_dominant, tz_Eastern","hub_Large, region_South",0.0778757112573915,0.4436014727211871,0.05042954367957157,0.6475644699140402,1.4597888188731243,1.0,0.015883763476582775,1.5787242765878513,0.34156936436299784,0.10705826622453815,0.36657716940837015,0.3806232812346861,3,2
"high_cancel, hub_Large, tz_Eastern",is_winter,0.15363159656365055,0.24210643757670422,0.05377663728662278,0.3500363108206246,1.4457951400392894,1.0,0.016581438743375913,1.16605523514735,0.3643083513745019,0.1572593800978793,0.14240769231344888,0.28607806324441365,3,1
"high_cancel, tz_Eastern","hub_Large, is_winter",0.15363159656365055,0.24210643757670422,0.05377663728662278,0.3500363108206246,1.4457951400392894,1.0,0.016581438743375913,1.16605523514735,0.3643083513745019,0.1572593800978793,0.14240769231344888,0.28607806324441365,2,2
"high_cancel, tz_Eastern",is_winter,0.15363159656365055,0.24210643757670422,0.05377663728662278,0.3500363108206246,1.4457951400392894,1.0,0.016581438743375913,1.16605523514735,0.3643083513745019,0.1572593800978793,0.14240769231344888,0.28607806324441365,2,1
"high_cancel, late_aircraft_dominant, northern",tz_Eastern,0.07486332701104541,0.4990516568113355,0.053999776860426195,0.7213114754098361,1.4453643536996112,1.0,0.016639109481155177,1.7975205255593258,0.33306746919265,0.103862660944206,0.44367811895286424,0.4147581298354792,3,1
"high_cancel, hub_Large, late_aircraft_dominant, northern",tz_Eastern,0.07486332701104541,0.4990516568113355,0.053999776860426195,0.7213114754098361,1.4453643536996112,1.0,0.016639109481155177,1.7975205255593258,0.33306746919265,0.103862660944206,0.44367811895286424,0.4147581298354792,4,1
"high_cancel, late_aircraft_dominant, northern","hub_Large, tz_Eastern",0.07486332701104541,0.4990516568113355,0.053999776860426195,0.7213114754098361,1.4453643536996112,1.0,0.016639109481155177,1.7975205255593258,0.33306746919265,0.103862660944206,0.44367811895286424,0.4147581298354792,3,2
"late_aircraft_dominant, northern","many_runways, tz_Eastern",0.2652013834653576,0.2763583621555283,0.10576815798281826,0.3988220445940261,1.4431336236157675,1.0,0.03247753800695183,1.2037062093466124,0.41788793131063073,0.2427035330261137,0.16923249856556521,0.39077153905115114,2,2
"hub_Large, late_aircraft_dominant, northern","many_runways, tz_Eastern",0.2652013834653576,0.2763583621555283,0.10576815798281826,0.3988220445940261,1.4431336236157675,1.0,0.03247753800695183,1.2037062093466124,0.41788793131063073,0.2427035330261137,0.16923249856556521,0.39077153905115114,3,2
"late_aircraft_dominant, northern","hub_Large, many_runways, tz_Eastern",0.2652013834653576,0.2763583621555283,0.10576815798281826,0.3988220445940261,1.4431336236157675,1.0,0.03247753800695183,1.2037062093466124,0.41788793131063073,0.2427035330261137,0.16923249856556521,0.39077153905115114,2,3
"many_runways, tz_Eastern","late_aircraft_dominant, northern",0.2763583621555283,0.2652013834653576,0.10576815798281826,0.3827210335082762,1.4431336236157675,1.0,0.03247753800695183,1.190383370278816,0.42433085347083166,0.2427035330261137,0.15993450096184017,0.39077153905115114,2,2
"hub_Large, many_runways, tz_Eastern","late_aircraft_dominant, northern",0.2763583621555283,0.2652013834653576,0.10576815798281826,0.3827210335082762,1.4431336236157675,1.0,0.03247753800695183,1.190383370278816,0.42433085347083166,0.2427035330261137,0.15993450096184017,0.39077153905115114,3,2
"many_runways, tz_Eastern","hub_Large, late_aircraft_dominant, northern",0.2763583621555283,0.2652013834653576,0.10576815798281826,0.3827210335082762,1.4431336236157675,1.0,0.03247753800695183,1.190383370278816,0.42433085347083166,0.2427035330261137,0.15993450096184017,0.39077153905115114,2,3
"hub_Large, is_summer, northern",high_cancel,0.14046636170924914,0.2500278924467254,0.05054111346647328,0.3598093725178713,1.4390769325647839,1.0,0.015420605088650306,1.1714824856198172,0.3549717012921816,0.1486708237610765,0.14638075065124675,0.2809756367274765,3,1
"is_summer, northern","high_cancel, hub_Large",0.14046636170924914,0.2500278924467254,0.05054111346647328,0.3598093725178713,1.4390769325647839,1.0,0.015420605088650306,1.1714824856198172,0.3549717012921816,0.1486708237610765,0.14638075065124675,0.2809756367274765,2,2
"is_summer, northern",high_cancel,0.14046636170924914,0.2500278924467254,0.05054111346647328,0.3598093725178713,1.4390769325647839,1.0,0.015420605088650306,1.1714824856198172,0.3549717012921816,0.1486708237610765,0.14638075065124675,0.2809756367274765,2,1
"hub_Large, late_aircraft_dominant, tz_Eastern",region_South,0.2734575476960839,0.4436014727211871,0.17427200714046637,0.6372909016727867,1.4366293641079444,1.0,0.05296583625575929,1.5340076382006418,0.41831862854590135,0.3210688591983556,0.3481127635237993,0.5150740222649648,3,1
"late_aircraft_dominant, tz_Eastern","hub_Large, region_South",0.2734575476960839,0.4436014727211871,0.17427200714046637,0.6372909016727867,1.4366293641079444,1.0,0.05296583625575929,1.5340076382006418,0.41831862854590135,0.3210688591983556,0.3481127635237993,0.5150740222649648,2,2
"late_aircraft_dominant, tz_Eastern",region_South,0.2734575476960839,0.4436014727211871,0.17427200714046637,0.6372909016727867,1.4366293641079444,1.0,0.05296583625575929,1.5340076382006418,0.41831862854590135,0.3210688591983556,0.3481127635237993,0.5150740222649648,2,1
"hub_Large, region_South","late_aircraft_dominant, tz_Eastern",0.4436014727211871,0.2734575476960839,0.17427200714046637,0.39285714285714285,1.4366293641079444,1.0,0.05296583625575929,1.1966581567358616,0.5462384016625045,0.3210688591983556,0.16433946121446122,0.5150740222649648,2,2
region_South,"hub_Large, late_aircraft_dominant, tz_Eastern",0.4436014727211871,0.2734575476960839,0.17427200714046637,0.39285714285714285,1.4366293641079444,1.0,0.05296583625575929,1.1966581567358616,0.5462384016625045,0.3210688591983556,0.16433946121446122,0.5150740222649648,1,3
region_South,"late_aircraft_dominant, tz_Eastern",0.4436014727211871,0.2734575476960839,0.17427200714046637,0.39285714285714285,1.4366293641079444,1.0,0.05296583625575929,1.1966581567358616,0.5462384016625045,0.3210688591983556,0.16433946121446122,0.5150740222649648,1,2
"is_summer, tz_Eastern","late_aircraft_dominant, region_South",0.13845810554501842,0.2538212652013835,0.05042954367957157,0.36422240128928285,1.43495621220037,1.0,0.015285932152748309,1.1736474143030204,0.3518280719608153,0.1475195822454308,0.1479553502924405,0.28145185998530076,2,2
"hub_Large, is_summer, tz_Eastern","late_aircraft_dominant, region_South",0.13845810554501842,0.2538212652013835,0.05042954367957157,0.36422240128928285,1.43495621220037,1.0,0.015285932152748309,1.1736474143030204,0.3518280719608153,0.1475195822454308,0.1479553502924405,0.28145185998530076,3,2
"is_summer, tz_Eastern","hub_Large, late_aircraft_dominant, region_South",0.13845810554501842,0.2538212652013835,0.05042954367957157,0.36422240128928285,1.43495621220037,1.0,0.015285932152748309,1.1736474143030204,0.3518280719608153,0.1475195822454308,0.1479553502924405,0.28145185998530076,2,3
"high_cancel, hub_Large, tz_Eastern","late_aircraft_dominant, region_South",0.15363159656365055,0.2538212652013835,0.05578489345085351,0.3631082062454612,1.4305665286057443,1.0,0.016789927236159206,1.1715942050372805,0.35560901660954386,0.15862944162436549,0.14646214900987867,0.2914442130128405,3,2
"high_cancel, tz_Eastern","hub_Large, late_aircraft_dominant, region_South",0.15363159656365055,0.2538212652013835,0.05578489345085351,0.3631082062454612,1.4305665286057443,1.0,0.016789927236159206,1.1715942050372805,0.35560901660954386,0.15862944162436549,0.14646214900987867,0.2914442130128405,2,3
"high_cancel, tz_Eastern","late_aircraft_dominant, region_South",0.15363159656365055,0.2538212652013835,0.05578489345085351,0.3631082062454612,1.4305665286057443,1.0,0.016789927236159206,1.1715942050372805,0.35560901660954386,0.15862944162436549,0.14646214900987867,0.2914442130128405,2,2
"high_cancel, many_runways",is_winter,0.1541894454981591,0.24210643757670422,0.05310721856521254,0.34442836468885674,1.4226319966388126,1.0,0.015776961203725848,1.156080467184321,0.35123412245784746,0.15474642392717816,0.13500830747920256,0.2818916016992671,2,1
"high_cancel, hub_Large, many_runways",is_winter,0.1541894454981591,0.24210643757670422,0.05310721856521254,0.34442836468885674,1.4226319966388126,1.0,0.015776961203725848,1.156080467184321,0.35123412245784746,0.15474642392717816,0.13500830747920256,0.2818916016992671,3,1
"high_cancel, many_runways","hub_Large, is_winter",0.1541894454981591,0.24210643757670422,0.05310721856521254,0.34442836468885674,1.4226319966388126,1.0,0.015776961203725848,1.156080467184321,0.35123412245784746,0.15474642392717816,0.13500830747920256,0.2818916016992671,2,2
"nas_dominant, northern",tz_Eastern,0.11592100859087359,0.4990516568113355,0.08211536315965637,0.7083734359961502,1.4194391028020332,1.0,0.024264791763139844,1.7177733616271373,0.33424204535478347,0.15410385259631493,0.41785102602082275,0.4364581242131433,2,1
"hub_Large, nas_dominant, northern",tz_Eastern,0.11592100859087359,0.4990516568113355,0.08211536315965637,0.7083734359961502,1.4194391028020332,1.0,0.024264791763139844,1.7177733616271373,0.33424204535478347,0.15410385259631493,0.41785102602082275,0.4364581242131433,3,1
"nas_dominant, northern","hub_Large, tz_Eastern",0.11592100859087359,0.4990516568113355,0.08211536315965637,0.7083734359961502,1.4194391028020332,1.0,0.024264791763139844,1.7177733616271373,0.33424204535478347,0.15410385259631493,0.41785102602082275,0.4364581242131433,2,2
"hub_Large, is_winter",high_cancel,0.24210643757670422,0.2500278924467254,0.08568559634051098,0.35391705069124424,1.4155102745852843,1.0,0.025152234005422942,1.1607984831602038,0.3873116167378184,0.21081526214658247,0.13852402935817051,0.3483106003121549,2,1
is_winter,"high_cancel, hub_Large",0.24210643757670422,0.2500278924467254,0.08568559634051098,0.35391705069124424,1.4155102745852843,1.0,0.025152234005422942,1.1607984831602038,0.3873116167378184,0.21081526214658247,0.13852402935817051,0.3483106003121549,1,2
is_winter,high_cancel,0.24210643757670422,0.2500278924467254,0.08568559634051098,0.35391705069124424,1.4155102745852843,1.0,0.025152234005422942,1.1607984831602038,0.3873116167378184,0.21081526214658247,0.13852402935817051,0.3483106003121549,1,1
"high_cancel, hub_Large",is_winter,0.2500278924467254,0.24210643757670422,0.08568559634051098,0.3427041499330656,1.4155102745852843,1.0,0.025152234005422942,1.1530478434423665,0.39140253086878907,0.21081526214658247,0.13273329837333533,0.3483106003121549,2,1
high_cancel,"hub_Large, is_winter",0.2500278924467254,0.24210643757670422,0.08568559634051098,0.3427041499330656,1.4155102745852843,1.0,0.025152234005422942,1.1530478434423665,0.39140253086878907,0.21081526214658247,0.13273329837333533,0.3483106003121549,1,2
high_cancel,is_winter,0.2500278924467254,0.24210643757670422,0.08568559634051098,0.3427041499330656,1.4155102745852843,1.0,0.025152234005422942,1.1530478434423665,0.39140253086878907,0.21081526214658247,0.13273329837333533,0.3483106003121549,1,1
"high_cancel, hub_Large, late_aircraft_dominant, region_South",tz_Eastern,0.07921454870021198,0.4990516568113355,0.05578489345085351,0.7042253521126761,1.4111271699051902,1.0,0.0162527416784505,1.6936824936378663,0.31641100205985706,0.10676916506512918,0.4095705636939679,0.40800357701766155,4,1
"high_cancel, late_aircraft_dominant, region_South","hub_Large, tz_Eastern",0.07921454870021198,0.4990516568113355,0.05578489345085351,0.7042253521126761,1.4111271699051902,1.0,0.0162527416784505,1.6936824936378663,0.31641100205985706,0.10676916506512918,0.4095705636939679,0.40800357701766155,3,2
"high_cancel, late_aircraft_dominant, region_South",tz_Eastern,0.07921454870021198,0.4990516568113355,0.05578489345085351,0.7042253521126761,1.4111271699051902,1.0,0.0162527416784505,1.6936824936378663,0.31641100205985706,0.10676916506512918,0.4095705636939679,0.40800357701766155,3,1
"carrier_dominant, northern","many_runways, tz_Eastern",0.18431328796162,0.2763583621555283,0.07173937297779762,0.38922518159806296,1.4084074697874196,1.0,0.020802854593224063,1.1847928500684513,0.3555019354503844,0.18445209409064833,0.15597059862217674,0.32440669657214416,2,2
"carrier_dominant, hub_Large, northern","many_runways, tz_Eastern",0.18431328796162,0.2763583621555283,0.07173937297779762,0.38922518159806296,1.4084074697874196,1.0,0.020802854593224063,1.1847928500684513,0.3555019354503844,0.18445209409064833,0.15597059862217674,0.32440669657214416,3,2
"carrier_dominant, northern","hub_Large, many_runways, tz_Eastern",0.18431328796162,0.2763583621555283,0.07173937297779762,0.38922518159806296,1.4084074697874196,1.0,0.020802854593224063,1.1847928500684513,0.3555019354503844,0.18445209409064833,0.15597059862217674,0.32440669657214416,2,3
"high_cancel, hub_Large, late_aircraft_dominant, tz_Eastern",region_South,0.08936739930826731,0.4436014727211871,0.05578489345085351,0.6242197253433209,1.407163329540288,1.0,0.016141383504443732,1.4806485725924559,0.3177466307277629,0.11690437222352117,0.32462029241070495,0.3749871262531494,4,1
"high_cancel, late_aircraft_dominant, tz_Eastern","hub_Large, region_South",0.08936739930826731,0.4436014727211871,0.05578489345085351,0.6242197253433209,1.407163329540288,1.0,0.016141383504443732,1.4806485725924559,0.3177466307277629,0.11690437222352117,0.32462029241070495,0.3749871262531494,3,2
"high_cancel, late_aircraft_dominant, tz_Eastern",region_South,0.08936739930826731,0.4436014727211871,0.05578489345085351,0.6242197253433209,1.407163329540288,1.0,0.016141383504443732,1.4806485725924559,0.3177466307277629,0.11690437222352117,0.32462029241070495,0.3749871262531494,3,1
"nas_dominant, tz_Eastern",northern,0.11670199709918554,0.5009483431886645,0.08211536315965637,0.7036328871892926,1.4046016854961312,1.0,0.023653691066011034,1.6838968807247001,0.326112355909957,0.15333333333333335,0.40613940708196505,0.4337763545077866,2,1
"hub_Large, nas_dominant, tz_Eastern",northern,0.11670199709918554,0.5009483431886645,0.08211536315965637,0.7036328871892926,1.4046016854961312,1.0,0.023653691066011034,1.6838968807247001,0.326112355909957,0.15333333333333335,0.40613940708196505,0.4337763545077866,3,1
"nas_dominant, tz_Eastern","hub_Large, northern",0.11670199709918554,0.5009483431886645,0.08211536315965637,0.7036328871892926,1.4046016854961312,1.0,0.023653691066011034,1.6838968807247001,0.326112355909957,0.15333333333333335,0.40613940708196505,0.4337763545077866,2,2
"is_summer, late_aircraft_dominant",high_cancel,0.15921008590873592,0.2500278924467254,0.0555617538770501,0.34898388227049754,1.3957798022268941,1.0,0.015754791641026764,1.1520023654235985,0.33724787685774965,0.15709779179810726,0.131946226835833,0.2856030522463599,2,1
"hub_Large, is_summer, late_aircraft_dominant",high_cancel,0.15921008590873592,0.2500278924467254,0.0555617538770501,0.34898388227049754,1.3957798022268941,1.0,0.015754791641026764,1.1520023654235985,0.33724787685774965,0.15709779179810726,0.131946226835833,0.2856030522463599,3,1
"is_summer, late_aircraft_dominant","high_cancel, hub_Large",0.15921008590873592,0.2500278924467254,0.0555617538770501,0.34898388227049754,1.3957798022268941,1.0,0.015754791641026764,1.1520023654235985,0.33724787685774965,0.15709779179810726,0.131946226835833,0.2856030522463599,2,2
"hub_Large, region_Northeast, tz_Eastern",high_cancel,0.16423072631931274,0.2500278924467254,0.0572353006805757,0.3485054347826087,1.393866225772656,1.0,0.01617303830396298,1.1511563527825028,0.33809694440345966,0.16031250000000002,0.1313082731265281,0.28871054871660556,3,1
"region_Northeast, tz_Eastern","high_cancel, hub_Large",0.16423072631931274,0.2500278924467254,0.0572353006805757,0.3485054347826087,1.393866225772656,1.0,0.01617303830396298,1.1511563527825028,0.33809694440345966,0.16031250000000002,0.1313082731265281,0.28871054871660556,2,2
"region_Northeast, tz_Eastern",high_cancel,0.16423072631931274,0.2500278924467254,0.0572353006805757,0.3485054347826087,1.393866225772656,1.0,0.01617303830396298,1.1511563527825028,0.33809694440345966,0.16031250000000002,0.1313082731265281,0.28871054871660556,2,1
"hub_Large, northern, region_Northeast, tz_Eastern",high_cancel,0.16423072631931274,0.2500278924467254,0.0572353006805757,0.3485054347826087,1.393866225772656,1.0,0.01617303830396298,1.1511563527825028,0.33809694440345966,0.16031250000000002,0.1313082731265281,0.28871054871660556,4,1
"northern, region_Northeast, tz_Eastern","high_cancel, hub_Large",0.16423072631931274,0.2500278924467254,0.0572353006805757,0.3485054347826087,1.393866225772656,1.0,0.01617303830396298,1.1511563527825028,0.33809694440345966,0.16031250000000002,0.1313082731265281,0.28871054871660556,3,2
"northern, region_Northeast",high_cancel,0.16423072631931274,0.2500278924467254,0.0572353006805757,0.3485054347826087,1.393866225772656,1.0,0.01617303830396298,1.1511563527825028,0.33809694440345966,0.16031250000000002,0.1313082731265281,0.28871054871660556,2,1
"hub_Large, northern, region_Northeast",high_cancel,0.16423072631931274,0.2500278924467254,0.0572353006805757,0.3485054347826087,1.393866225772656,1.0,0.01617303830396298,1.1511563527825028,0.33809694440345966,0.16031250000000002,0.1313082731265281,0.28871054871660556,3,1
"northern, region_Northeast","high_cancel, hub_Large",0.16423072631931274,0.2500278924467254,0.0572353006805757,0.3485054347826087,1.393866225772656,1.0,0.01617303830396298,1.1511563527825028,0.33809694440345966,0.16031250000000002,0.1313082731265281,0.28871054871660556,2,2
region_Northeast,high_cancel,0.16423072631931274,0.2500278924467254,0.0572353006805757,0.3485054347826087,1.393866225772656,1.0,0.01617303830396298,1.1511563527825028,0.33809694440345966,0.16031250000000002,0.1313082731265281,0.28871054871660556,1,1
"hub_Large, region_Northeast",high_cancel,0.16423072631931274,0.2500278924467254,0.0572353006805757,0.3485054347826087,1.393866225772656,1.0,0.01617303830396298,1.1511563527825028,0.33809694440345966,0.16031250000000002,0.1313082731265281,0.28871054871660556,2,1
region_Northeast,"high_cancel, hub_Large",0.16423072631931274,0.2500278924467254,0.0572353006805757,0.3485054347826087,1.393866225772656,1.0,0.01617303830396298,1.1511563527825028,0.33809694440345966,0.16031250000000002,0.1313082731265281,0.28871054871660556,1,2
"northern, region_Northeast, tz_Eastern",high_cancel,0.16423072631931274,0.2500278924467254,0.0572353006805757,0.3485054347826087,1.393866225772656,1.0,0.01617303830396298,1.1511563527825028,0.33809694440345966,0.16031250000000002,0.1313082731265281,0.28871054871660556,3,1
"high_delay, many_runways",tz_Central,0.1555282829409796,0.24757335713488787,0.05355349771281937,0.34433285509325684,1.3908316269494643,1.0,0.01504883857569634,1.1475741139540112,0.33275917118069315,0.15320778806255986,0.12859658662527595,0.280323254946358,2,1
"high_delay, hub_Large, many_runways",tz_Central,0.1555282829409796,0.24757335713488787,0.05355349771281937,0.34433285509325684,1.3908316269494643,1.0,0.01504883857569634,1.1475741139540112,0.33275917118069315,0.15320778806255986,0.12859658662527595,0.280323254946358,3,1
"high_delay, many_runways","hub_Large, tz_Central",0.1555282829409796,0.24757335713488787,0.05355349771281937,0.34433285509325684,1.3908316269494643,1.0,0.01504883857569634,1.1475741139540112,0.33275917118069315,0.15320778806255986,0.12859658662527595,0.280323254946358,2,2
"high_cancel, tz_Central",many_runways,0.06604931384581056,0.6392948789467812,0.05868570791029789,0.8885135135135134,1.3898336163388518,1.0,0.016460719810722474,3.235415631265232,0.30032572165447163,0.09075224292615597,0.6909206995427221,0.490155535116268,2,1
"high_cancel, hub_Large, tz_Central",many_runways,0.06604931384581056,0.6392948789467812,0.05868570791029789,0.8885135135135134,1.3898336163388518,1.0,0.016460719810722474,3.235415631265232,0.30032572165447163,0.09075224292615597,0.6909206995427221,0.490155535116268,3,1
"high_cancel, tz_Central","hub_Large, many_runways",0.06604931384581056,0.6392948789467812,0.05868570791029789,0.8885135135135134,1.3898336163388518,1.0,0.016460719810722474,3.235415631265232,0.30032572165447163,0.09075224292615597,0.6909206995427221,0.490155535116268,2,2
"carrier_dominant, tz_Central",region_South,0.09516902822715609,0.4436014727211871,0.05846256833649448,0.6143024618991794,1.3848070840046138,1.0,0.016245447257483808,1.4425773366833659,0.3071046018015643,0.12171893147502903,0.3067962634855313,0.3730466031829901,2,1
"carrier_dominant, hub_Large, tz_Central",region_South,0.09516902822715609,0.4436014727211871,0.05846256833649448,0.6143024618991794,1.3848070840046138,1.0,0.016245447257483808,1.4425773366833659,0.3071046018015643,0.12171893147502903,0.3067962634855313,0.3730466031829901,3,1
"carrier_dominant, tz_Central","hub_Large, region_South",0.09516902822715609,0.4436014727211871,0.05846256833649448,0.6143024618991794,1.3848070840046138,1.0,0.016245447257483808,1.4425773366833659,0.3071046018015643,0.12171893147502903,0.3067962634855313,0.3730466031829901,2,2
"hub_Large, late_aircraft_dominant, region_South",tz_Eastern,0.2538212652013835,0.4990516568113355,0.17427200714046637,0.6865934065934066,1.3757962672248387,1.0,0.04760208420776657,1.5983975887155848,0.3660626903001305,0.30119552641727726,0.37437343057833034,0.5178998778998779,3,1
"late_aircraft_dominant, region_South","hub_Large, tz_Eastern",0.2538212652013835,0.4990516568113355,0.17427200714046637,0.6865934065934066,1.3757962672248387,1.0,0.04760208420776657,1.5983975887155848,0.3660626903001305,0.30119552641727726,0.37437343057833034,0.5178998778998779,2,2
"late_aircraft_dominant, region_South",tz_Eastern,0.2538212652013835,0.4990516568113355,0.17427200714046637,0.6865934065934066,1.3757962672248387,1.0,0.04760208420776657,1.5983975887155848,0.3660626903001305,0.30119552641727726,0.37437343057833034,0.5178998778998779,2,1
"hub_Large, tz_Eastern","late_aircraft_dominant, region_South",0.4990516568113355,0.2538212652013835,0.17427200714046637,0.3492063492063492,1.3757962672248385,1.0,0.04760208420776657,1.146567324202752,0.5452621988256732,0.30119552641727726,0.127831415660363,0.5178998778998779,2,2
tz_Eastern,"hub_Large, late_aircraft_dominant, region_South",0.4990516568113355,0.2538212652013835,0.17427200714046637,0.3492063492063492,1.3757962672248385,1.0,0.04760208420776657,1.146567324202752,0.5452621988256732,0.30119552641727726,0.127831415660363,0.5178998778998779,1,3
tz_Eastern,"late_aircraft_dominant, region_South",0.4990516568113355,0.2538212652013835,0.17427200714046637,0.3492063492063492,1.3757962672248385,1.0,0.04760208420776657,1.146567324202752,0.5452621988256732,0.30119552641727726,0.127831415660363,0.5178998778998779,1,2
"carrier_dominant, many_runways, tz_Eastern",northern,0.10431775075309606,0.5009483431886645,0.07173937297779762,0.6877005347593583,1.3727973035741934,1.0,0.019481568572866086,1.59799075040616,0.3031882578936398,0.13446256796319533,0.374214150021938,0.4154538308540667,3,1
"carrier_dominant, hub_Large, many_runways, tz_Eastern",northern,0.10431775075309606,0.5009483431886645,0.07173937297779762,0.6877005347593583,1.3727973035741934,1.0,0.019481568572866086,1.59799075040616,0.3031882578936398,0.13446256796319533,0.374214150021938,0.4154538308540667,4,1
"carrier_dominant, many_runways, tz_Eastern","hub_Large, northern",0.10431775075309606,0.5009483431886645,0.07173937297779762,0.6877005347593583,1.3727973035741934,1.0,0.019481568572866086,1.59799075040616,0.3031882578936398,0.13446256796319533,0.374214150021938,0.4154538308540667,3,2
"is_winter, many_runways",high_cancel,0.15474729443266763,0.2500278924467254,0.05310721856521254,0.34318673395818317,1.3725937958354288,1.0,0.01441607867637977,1.1418345918511437,0.3211493282635125,0.15101522842639595,0.12421640828134423,0.2777959551093906,2,1
"hub_Large, is_winter, many_runways",high_cancel,0.15474729443266763,0.2500278924467254,0.05310721856521254,0.34318673395818317,1.3725937958354288,1.0,0.01441607867637977,1.1418345918511437,0.3211493282635125,0.15101522842639595,0.12421640828134423,0.2777959551093906,3,1
"is_winter, many_runways","high_cancel, hub_Large",0.15474729443266763,0.2500278924467254,0.05310721856521254,0.34318673395818317,1.3725937958354288,1.0,0.01441607867637977,1.1418345918511437,0.3211493282635125,0.15101522842639595,0.12421640828134423,0.2777959551093906,2,2
"high_cancel, late_aircraft_dominant",is_summer,0.14504072297221912,0.28070958384469485,0.0555617538770501,0.3830769230769231,1.3646734743793567,1.0,0.014847432890984794,1.16593209601234,0.3125575510969888,0.15009041591320074,0.14231711827803037,0.2905050752109576,2,1
"high_cancel, hub_Large, late_aircraft_dominant",is_summer,0.14504072297221912,0.28070958384469485,0.0555617538770501,0.3830769230769231,1.3646734743793567,1.0,0.014847432890984794,1.16593209601234,0.3125575510969888,0.15009041591320074,0.14231711827803037,0.2905050752109576,3,1
"high_cancel, late_aircraft_dominant","hub_Large, is_summer",0.14504072297221912,0.28070958384469485,0.0555617538770501,0.3830769230769231,1.3646734743793567,1.0,0.014847432890984794,1.16593209601234,0.3125575510969888,0.15009041591320074,0.14231711827803037,0.2905050752109576,2,2
"carrier_UA, hub_Large",late_aircraft_dominant,0.07809885083119492,0.5411134664732791,0.057458440254379115,0.7357142857142857,1.3596303387334314,1.0,0.015198100353531703,1.7363274241551598,0.2869135895305896,0.1022840119165839,0.4240717585356533,0.42094992636229744,2,1
carrier_UA,"hub_Large, late_aircraft_dominant",0.07809885083119492,0.5411134664732791,0.057458440254379115,0.7357142857142857,1.3596303387334314,1.0,0.015198100353531703,1.7363274241551598,0.2869135895305896,0.1022840119165839,0.4240717585356533,0.42094992636229744,1,2
carrier_UA,late_aircraft_dominant,0.07809885083119492,0.5411134664732791,0.057458440254379115,0.7357142857142857,1.3596303387334314,1.0,0.015198100353531703,1.7363274241551598,0.2869135895305896,0.1022840119165839,0.4240717585356533,0.42094992636229744,1,1
"high_cancel, hub_Large, tz_Eastern",is_summer,0.15363159656365055,0.28070958384469485,0.05857413812339619,0.3812636165577343,1.3582137500822624,1.0,0.015448276586617786,1.162515144420018,0.31161236864901515,0.1558788598574822,0.1397961525061226,0.29496408172878763,3,1
"high_cancel, tz_Eastern","hub_Large, is_summer",0.15363159656365055,0.28070958384469485,0.05857413812339619,0.3812636165577343,1.3582137500822624,1.0,0.015448276586617786,1.162515144420018,0.31161236864901515,0.1558788598574822,0.1397961525061226,0.29496408172878763,2,2
"high_cancel, tz_Eastern",is_summer,0.15363159656365055,0.28070958384469485,0.05857413812339619,0.3812636165577343,1.3582137500822624,1.0,0.015448276586617786,1.162515144420018,0.31161236864901515,0.1558788598574822,0.1397961525061226,0.29496408172878763,2,1
"late_aircraft_dominant, tz_Central",region_South,0.13209862769162112,0.4436014727211871,0.0795492580609171,0.6021959459459459,1.3575156598374027,1.0,0.02095011227246619,1.398674854136124,0.3034449024570232,0.16033280863503488,0.28503755033357,0.3907609508401762,2,1
"hub_Large, late_aircraft_dominant, tz_Central",region_South,0.13209862769162112,0.4436014727211871,0.0795492580609171,0.6021959459459459,1.3575156598374027,1.0,0.02095011227246619,1.398674854136124,0.3034449024570232,0.16033280863503488,0.28503755033357,0.3907609508401762,3,1
"late_aircraft_dominant, tz_Central","hub_Large, region_South",0.13209862769162112,0.4436014727211871,0.0795492580609171,0.6021959459459459,1.3575156598374027,1.0,0.02095011227246619,1.398674854136124,0.3034449024570232,0.16033280863503488,0.28503755033357,0.3907609508401762,2,2
"is_summer, late_aircraft_dominant, region_South",tz_Eastern,0.07464018743724199,0.4990516568113355,0.05042954367957157,0.6756352765321376,1.3538383598384862,1.0,0.013180234474307329,1.5443983483558372,0.2824408197844268,0.09637526652452026,0.3524986600350889,0.38834301273510524,3,1
"hub_Large, is_summer, late_aircraft_dominant, region_South",tz_Eastern,0.07464018743724199,0.4990516568113355,0.05042954367957157,0.6756352765321376,1.3538383598384862,1.0,0.013180234474307329,1.5443983483558372,0.2824408197844268,0.09637526652452026,0.3524986600350889,0.38834301273510524,4,1
"is_summer, late_aircraft_dominant, region_South","hub_Large, tz_Eastern",0.07464018743724199,0.4990516568113355,0.05042954367957157,0.6756352765321376,1.3538383598384862,1.0,0.013180234474307329,1.5443983483558372,0.2824408197844268,0.09637526652452026,0.3524986600350889,0.38834301273510524,3,2
"hub_Large, late_aircraft_dominant, tz_Central",many_runways,0.13209862769162112,0.6392948789467812,0.11424746178734799,0.8648648648648648,1.3528418470826848,1.0,0.029797485588197156,2.669217895793818,0.3005125980203112,0.1738539898132428,0.6253584236881483,0.5217867081741427,3,1
"late_aircraft_dominant, tz_Central","hub_Large, many_runways",0.13209862769162112,0.6392948789467812,0.11424746178734799,0.8648648648648648,1.3528418470826848,1.0,0.029797485588197156,2.669217895793818,0.3005125980203112,0.1738539898132428,0.6253584236881483,0.5217867081741427,2,2
"late_aircraft_dominant, tz_Central",many_runways,0.13209862769162112,0.6392948789467812,0.11424746178734799,0.8648648648648648,1.3528418470826848,1.0,0.029797485588197156,2.669217895793818,0.3005125980203112,0.1738539898132428,0.6253584236881483,0.5217867081741427,2,1
"high_cancel, region_South",tz_Eastern,0.1270779872810443,0.4990516568113355,0.08546245676670758,0.6725197541703248,1.3475954743189407,1.0,0.022043976669852597,1.529705530541257,0.29548750714144595,0.1580685101114321,0.3462794112758622,0.42188473735791,2,1
"high_cancel, hub_Large, region_South",tz_Eastern,0.1270779872810443,0.4990516568113355,0.08546245676670758,0.6725197541703248,1.3475954743189407,1.0,0.022043976669852597,1.529705530541257,0.29548750714144595,0.1580685101114321,0.3462794112758622,0.42188473735791,3,1
"high_cancel, region_South","hub_Large, tz_Eastern",0.1270779872810443,0.4990516568113355,0.08546245676670758,0.6725197541703248,1.3475954743189407,1.0,0.022043976669852597,1.529705530541257,0.29548750714144595,0.1580685101114321,0.3462794112758622,0.42188473735791,2,2
"late_aircraft_dominant, many_runways, tz_Eastern",northern,0.15731339953140688,0.5009483431886645,0.10576815798281826,0.672340425531915,1.342135241434867,1.0,0.026962271126183546,1.5230797318268035,0.3025070095376639,0.19143780290791598,0.3434355542236874,0.4417381414964697,3,1
"hub_Large, late_aircraft_dominant, many_runways, tz_Eastern",northern,0.15731339953140688,0.5009483431886645,0.10576815798281826,0.672340425531915,1.342135241434867,1.0,0.026962271126183546,1.5230797318268035,0.3025070095376639,0.19143780290791598,0.3434355542236874,0.4417381414964697,4,1
"late_aircraft_dominant, many_runways, tz_Eastern","hub_Large, northern",0.15731339953140688,0.5009483431886645,0.10576815798281826,0.672340425531915,1.342135241434867,1.0,0.026962271126183546,1.5230797318268035,0.3025070095376639,0.19143780290791598,0.3434355542236874,0.4417381414964697,3,2
"high_cancel, hub_Large, northern",is_summer,0.13444159321655696,0.28070958384469485,0.05054111346647328,0.3759336099585062,1.339226131183661,1.0,0.012802069783235823,1.1525863716318385,0.29264358318152817,0.1386168910648715,0.13238606267381595,0.2779906523560417,3,1
"high_cancel, northern","hub_Large, is_summer",0.13444159321655696,0.28070958384469485,0.05054111346647328,0.3759336099585062,1.339226131183661,1.0,0.012802069783235823,1.1525863716318385,0.29264358318152817,0.1386168910648715,0.13238606267381595,0.2779906523560417,2,2
"high_cancel, northern",is_summer,0.13444159321655696,0.28070958384469485,0.05054111346647328,0.3759336099585062,1.339226131183661,1.0,0.012802069783235823,1.1525863716318385,0.29264358318152817,0.1386168910648715,0.13238606267381595,0.2779906523560417,2,1
"hub_Large, nas_dominant",high_delay,0.21521811893339285,0.2500278924467254,0.0715162334039942,0.3322965266977708,1.3290378263240161,1.0,0.017705700710729293,1.123211331886853,0.3154710550093883,0.18163785775007085,0.10969559190599822,0.3091647738352754,2,1
nas_dominant,"high_delay, hub_Large",0.21521811893339285,0.2500278924467254,0.0715162334039942,0.3322965266977708,1.3290378263240161,1.0,0.017705700710729293,1.123211331886853,0.3154710550093883,0.18163785775007085,0.10969559190599822,0.3091647738352754,1,2
nas_dominant,high_delay,0.21521811893339285,0.2500278924467254,0.0715162334039942,0.3322965266977708,1.3290378263240161,1.0,0.017705700710729293,1.123211331886853,0.3154710550093883,0.18163785775007085,0.10969559190599822,0.3091647738352754,1,1
"late_aircraft_dominant, northern, tz_Eastern",high_cancel,0.16289188887649225,0.2500278924467254,0.053999776860426195,0.33150684931506846,1.3258794691704412,1.0,0.013272261187970646,1.1218845051514148,0.2936103795396443,0.15045073049424929,0.10864264957021107,0.27374093023540125,3,1
"hub_Large, late_aircraft_dominant, northern, tz_Eastern",high_cancel,0.16289188887649225,0.2500278924467254,0.053999776860426195,0.33150684931506846,1.3258794691704412,1.0,0.013272261187970646,1.1218845051514148,0.2936103795396443,0.15045073049424929,0.10864264957021107,0.27374093023540125,4,1
"late_aircraft_dominant, northern, tz_Eastern","high_cancel, hub_Large",0.16289188887649225,0.2500278924467254,0.053999776860426195,0.33150684931506846,1.3258794691704412,1.0,0.013272261187970646,1.1218845051514148,0.2936103795396443,0.15045073049424929,0.10864264957021107,0.27374093023540125,3,2
"high_cancel, tz_Eastern","late_aircraft_dominant, northern",0.15363159656365055,0.2652013834653576,0.053999776860426195,0.3514887436456064,1.3253654225054985,1.0,0.013256464907754388,1.1330545296396446,0.29005230383067543,0.1480122324159021,0.11742994371326601,0.2775533747676917,2,2
"high_cancel, hub_Large, tz_Eastern","late_aircraft_dominant, northern",0.15363159656365055,0.2652013834653576,0.053999776860426195,0.3514887436456064,1.3253654225054985,1.0,0.013256464907754388,1.1330545296396446,0.29005230383067543,0.1480122324159021,0.11742994371326601,0.2775533747676917,3,2
"high_cancel, tz_Eastern","hub_Large, late_aircraft_dominant, northern",0.15363159656365055,0.2652013834653576,0.053999776860426195,0.3514887436456064,1.3253654225054985,1.0,0.013256464907754388,1.1330545296396446,0.29005230383067543,0.1480122324159021,0.11742994371326601,0.2775533747676917,2,3
"high_cancel, hub_Large, late_aircraft_dominant","region_South, tz_Eastern",0.14504072297221912,0.2906392948789468,0.05578489345085351,0.38461538461538464,1.323342684187214,1.0,0.013630359997475083,1.1527111458217114,0.28578885553960587,0.14684287812041116,0.13247997677063422,0.28827698213494757,3,2
"high_cancel, late_aircraft_dominant","hub_Large, region_South, tz_Eastern",0.14504072297221912,0.2906392948789468,0.05578489345085351,0.38461538461538464,1.323342684187214,1.0,0.013630359997475083,1.1527111458217114,0.28578885553960587,0.14684287812041116,0.13247997677063422,0.28827698213494757,2,3
"high_cancel, late_aircraft_dominant","region_South, tz_Eastern",0.14504072297221912,0.2906392948789468,0.05578489345085351,0.38461538461538464,1.323342684187214,1.0,0.013630359997475083,1.1527111458217114,0.28578885553960587,0.14684287812041116,0.13247997677063422,0.28827698213494757,2,2
"hub_Large, tz_Central","late_aircraft_dominant, many_runways",0.24757335713488787,0.35244895682249244,0.11424746178734799,0.46146913023884634,1.3093218785472556,1.0,0.02699049032811439,1.2024399705530453,0.3139786001909105,0.23518603582912265,0.1683576523657443,0.3928111716404742,2,2
tz_Central,"hub_Large, late_aircraft_dominant, many_runways",0.24757335713488787,0.35244895682249244,0.11424746178734799,0.46146913023884634,1.3093218785472556,1.0,0.02699049032811439,1.2024399705530453,0.3139786001909105,0.23518603582912265,0.1683576523657443,0.3928111716404742,1,3
tz_Central,"late_aircraft_dominant, many_runways",0.24757335713488787,0.35244895682249244,0.11424746178734799,0.46146913023884634,1.3093218785472556,1.0,0.02699049032811439,1.2024399705530453,0.3139786001909105,0.23518603582912265,0.1683576523657443,0.3928111716404742,1,2
"hub_Large, late_aircraft_dominant, many_runways",tz_Central,0.35244895682249244,0.24757335713488787,0.11424746178734799,0.324153213042102,1.3093218785472556,1.0,0.02699049032811439,1.1133094917147022,0.36482971738240877,0.23518603582912265,0.10177717207834522,0.3928111716404742,3,1
"late_aircraft_dominant, many_runways","hub_Large, tz_Central",0.35244895682249244,0.24757335713488787,0.11424746178734799,0.324153213042102,1.3093218785472556,1.0,0.02699049032811439,1.1133094917147022,0.36482971738240877,0.23518603582912265,0.10177717207834522,0.3928111716404742,2,2
"late_aircraft_dominant, many_runways",tz_Central,0.35244895682249244,0.24757335713488787,0.11424746178734799,0.324153213042102,1.3093218785472556,1.0,0.02699049032811439,1.1133094917147022,0.36482971738240877,0.23518603582912265,0.10177717207834522,0.3928111716404742,2,1
"high_delay, tz_Central",many_runways,0.06404105768157983,0.6392948789467812,0.05355349771281937,0.8362369337979094,1.3080613678238504,1.0,0.012612377494649961,2.2026036115377408,0.251624150673501,0.08241758241758243,0.5459918458492614,0.4600032836528814,2,1
"high_delay, hub_Large, tz_Central",many_runways,0.06404105768157983,0.6392948789467812,0.05355349771281937,0.8362369337979094,1.3080613678238504,1.0,0.012612377494649961,2.2026036115377408,0.251624150673501,0.08241758241758243,0.5459918458492614,0.4600032836528814,3,1
"high_delay, tz_Central","hub_Large, many_runways",0.06404105768157983,0.6392948789467812,0.05355349771281937,0.8362369337979094,1.3080613678238504,1.0,0.012612377494649961,2.2026036115377408,0.251624150673501,0.08241758241758243,0.5459918458492614,0.4600032836528814,2,2
"high_delay, hub_Large, region_South",tz_Eastern,0.11045408903268995,0.4990516568113355,0.07207408233850274,0.6525252525252525,1.3075304803004333,1.0,0.01695178620515205,1.4416827318510985,0.2644039733170658,0.13410836620303093,0.3063661109986276,0.3984736703046562,3,1
"high_delay, region_South","hub_Large, tz_Eastern",0.11045408903268995,0.4990516568113355,0.07207408233850274,0.6525252525252525,1.3075304803004333,1.0,0.01695178620515205,1.4416827318510985,0.2644039733170658,0.13410836620303093,0.3063661109986276,0.3984736703046562,2,2
"high_delay, region_South",tz_Eastern,0.11045408903268995,0.4990516568113355,0.07207408233850274,0.6525252525252525,1.3075304803004333,1.0,0.01695178620515205,1.4416827318510985,0.2644039733170658,0.13410836620303093,0.3063661109986276,0.3984736703046562,2,1
"high_cancel, hub_Large","late_aircraft_dominant, tz_Eastern",0.2500278924467254,0.2734575476960839,0.08936739930826731,0.357429718875502,1.3070757120690024,1.0,0.020995384984165574,1.1306816913979694,0.31325615369957455,0.2058596761757903,0.11557779027658549,0.34211755221620876,2,2
high_cancel,"hub_Large, late_aircraft_dominant, tz_Eastern",0.2500278924467254,0.2734575476960839,0.08936739930826731,0.357429718875502,1.3070757120690024,1.0,0.020995384984165574,1.1306816913979694,0.31325615369957455,0.2058596761757903,0.11557779027658549,0.34211755221620876,1,3
high_cancel,"late_aircraft_dominant, tz_Eastern",0.2500278924467254,0.2734575476960839,0.08936739930826731,0.357429718875502,1.3070757120690024,1.0,0.020995384984165574,1.1306816913979694,0.31325615369957455,0.2058596761757903,0.11557779027658549,0.34211755221620876,1,2
"hub_Large, late_aircraft_dominant, tz_Eastern",high_cancel,0.2734575476960839,0.2500278924467254,0.08936739930826731,0.3268053855569155,1.3070757120690022,1.0,0.020995384984165574,1.1140494761291369,0.3233580874030313,0.2058596761757903,0.1023737980878658,0.34211755221620876,3,1
"late_aircraft_dominant, tz_Eastern","high_cancel, hub_Large",0.2734575476960839,0.2500278924467254,0.08936739930826731,0.3268053855569155,1.3070757120690022,1.0,0.020995384984165574,1.1140494761291369,0.3233580874030313,0.2058596761757903,0.1023737980878658,0.34211755221620876,2,2
"late_aircraft_dominant, tz_Eastern",high_cancel,0.2734575476960839,0.2500278924467254,0.08936739930826731,0.3268053855569155,1.3070757120690022,1.0,0.020995384984165574,1.1140494761291369,0.3233580874030313,0.2058596761757903,0.1023737980878658,0.34211755221620876,2,1
"carrier_dominant, tz_Eastern",region_South,0.16780095950016735,0.4436014727211871,0.09728885417828852,0.5797872340425532,1.3070002461577979,1.0,0.022852101419986004,1.3240876345369217,0.2822512302728924,0.18923611111111108,0.24476297949135833,0.3995515647073933,2,1
"carrier_dominant, hub_Large, tz_Eastern",region_South,0.16780095950016735,0.4436014727211871,0.09728885417828852,0.5797872340425532,1.3070002461577979,1.0,0.022852101419986004,1.3240876345369217,0.2822512302728924,0.18923611111111108,0.24476297949135833,0.3995515647073933,3,1
"carrier_dominant, tz_Eastern","hub_Large, region_South",0.16780095950016735,0.4436014727211871,0.09728885417828852,0.5797872340425532,1.3070002461577979,1.0,0.022852101419986004,1.3240876345369217,0.2822512302728924,0.18923611111111108,0.24476297949135833,0.3995515647073933,2,2
"high_cancel, hub_Large",is_summer,0.2500278924467254,0.28070958384469485,0.09159879504630146,0.3663543061133423,1.305100813073882,1.0,0.021413569408015046,1.1351618469042526,0.3117124818935842,0.2085873983739837,0.11906834895205322,0.34633295591835633,2,1
high_cancel,"hub_Large, is_summer",0.2500278924467254,0.28070958384469485,0.09159879504630146,0.3663543061133423,1.305100813073882,1.0,0.021413569408015046,1.1351618469042526,0.3117124818935842,0.2085873983739837,0.11906834895205322,0.34633295591835633,1,2
high_cancel,is_summer,0.2500278924467254,0.28070958384469485,0.09159879504630146,0.3663543061133423,1.305100813073882,1.0,0.021413569408015046,1.1351618469042526,0.3117124818935842,0.2085873983739837,0.11906834895205322,0.34633295591835633,1,1
"hub_Large, is_summer",high_cancel,0.28070958384469485,0.2500278924467254,0.09159879504630146,0.3263116057233704,1.305100813073882,1.0,0.021413569408015046,1.1132329336896984,0.32500873325402097,0.2085873983739837,0.10171540049071247,0.34633295591835633,2,1
is_summer,"high_cancel, hub_Large",0.28070958384469485,0.2500278924467254,0.09159879504630146,0.3263116057233704,1.305100813073882,1.0,0.021413569408015046,1.1132329336896984,0.32500873325402097,0.2085873983739837,0.10171540049071247,0.34633295591835633,1,2
is_summer,high_cancel,0.28070958384469485,0.2500278924467254,0.09159879504630146,0.3263116057233704,1.305100813073882,1.0,0.021413569408015046,1.1132329336896984,0.32500873325402097,0.2085873983739837,0.10171540049071247,0.34633295591835633,1,1
"high_delay, tz_Eastern",northern,0.1303135111011938,0.5009483431886645,0.08490460783219904,0.651541095890411,1.3006153323977179,1.0,0.01962427035095836,1.4321678996453067,0.2657660702680969,0.15540126608127422,0.3017578453981116,0.41051442322360193,2,1
"high_delay, hub_Large, tz_Eastern",northern,0.1303135111011938,0.5009483431886645,0.08490460783219904,0.651541095890411,1.3006153323977179,1.0,0.01962427035095836,1.4321678996453067,0.2657660702680969,0.15540126608127422,0.3017578453981116,0.41051442322360193,3,1
"high_delay, tz_Eastern","hub_Large, northern",0.1303135111011938,0.5009483431886645,0.08490460783219904,0.651541095890411,1.3006153323977179,1.0,0.01962427035095836,1.4321678996453067,0.2657660702680969,0.15540126608127422,0.3017578453981116,0.41051442322360193,2,2
"carrier_dominant, tz_Central",many_runways,0.09516902822715609,0.6392948789467812,0.07876826955260516,0.8276670574443142,1.2946561668190906,1.0,0.017927197172642607,2.093071212642148,0.25153222510592677,0.12012931767908798,0.5222331691535381,0.475439113364391,2,1
"carrier_dominant, hub_Large, tz_Central",many_runways,0.09516902822715609,0.6392948789467812,0.07876826955260516,0.8276670574443142,1.2946561668190906,1.0,0.017927197172642607,2.093071212642148,0.25153222510592677,0.12012931767908798,0.5222331691535381,0.475439113364391,3,1
"carrier_dominant, tz_Central","hub_Large, many_runways",0.09516902822715609,0.6392948789467812,0.07876826955260516,0.8276670574443142,1.2946561668190906,1.0,0.017927197172642607,2.093071212642148,0.25153222510592677,0.12012931767908798,0.5222331691535381,0.475439113364391,2,2
"high_cancel, tz_Eastern",northern,0.15363159656365055,0.5009483431886645,0.09963181970322436,0.6485112563543937,1.2945671248784922,1.0,0.022670325943234287,1.4198225855975393,0.2688439451585979,0.17953357458785682,0.29568665117469933,0.4236988353041456,2,1
"high_cancel, hub_Large, tz_Eastern",northern,0.15363159656365055,0.5009483431886645,0.09963181970322436,0.6485112563543937,1.2945671248784922,1.0,0.022670325943234287,1.4198225855975393,0.2688439451585979,0.17953357458785682,0.29568665117469933,0.4236988353041456,3,1
"high_cancel, tz_Eastern","hub_Large, northern",0.15363159656365055,0.5009483431886645,0.09963181970322436,0.6485112563543937,1.2945671248784922,1.0,0.022670325943234287,1.4198225855975393,0.2688439451585979,0.17953357458785682,0.29568665117469933,0.4236988353041456,2,2
"high_delay, northern",tz_Eastern,0.13142920897021088,0.4990516568113355,0.08490460783219904,0.6460101867572156,1.2944755877274587,1.0,0.019314643342212057,1.4151490366336852,0.261908873241695,0.15562372188139056,0.293360646749426,0.40807104464174215,2,1
"high_delay, hub_Large, northern",tz_Eastern,0.13142920897021088,0.4990516568113355,0.08490460783219904,0.6460101867572156,1.2944755877274587,1.0,0.019314643342212057,1.4151490366336852,0.261908873241695,0.15562372188139056,0.293360646749426,0.40807104464174215,3,1
"high_delay, northern","hub_Large, tz_Eastern",0.13142920897021088,0.4990516568113355,0.08490460783219904,0.6460101867572156,1.2944755877274587,1.0,0.019314643342212057,1.4151490366336852,0.261908873241695,0.15562372188139056,0.293360646749426,0.40807104464174215,2,2
"nas_dominant, region_South",tz_Eastern,0.08713600357023318,0.4990516568113355,0.05623117259846034,0.645326504481434,1.2931056247858468,1.0,0.01274580564881702,1.4124211409037797,0.24830420435101433,0.10610526315789474,0.29199587074990935,0.3790012804097311,2,1
"hub_Large, nas_dominant, region_South",tz_Eastern,0.08713600357023318,0.4990516568113355,0.05623117259846034,0.645326504481434,1.2931056247858468,1.0,0.01274580564881702,1.4124211409037797,0.24830420435101433,0.10610526315789474,0.29199587074990935,0.3790012804097311,3,1
"nas_dominant, region_South","hub_Large, tz_Eastern",0.08713600357023318,0.4990516568113355,0.05623117259846034,0.645326504481434,1.2931056247858468,1.0,0.01274580564881702,1.4124211409037797,0.24830420435101433,0.10610526315789474,0.29199587074990935,0.3790012804097311,2,2
"high_cancel, hub_Large, is_summer",tz_Eastern,0.09159879504630146,0.4990516568113355,0.05857413812339619,0.6394640682095006,1.2813584715765156,1.0,0.012861607693617494,1.389454695128019,0.24171947924342918,0.11008597190186621,0.28029319451264006,0.37841748011414,3,1
"high_cancel, is_summer","hub_Large, tz_Eastern",0.09159879504630146,0.4990516568113355,0.05857413812339619,0.6394640682095006,1.2813584715765156,1.0,0.012861607693617494,1.389454695128019,0.24171947924342918,0.11008597190186621,0.28029319451264006,0.37841748011414,2,2
"high_cancel, is_summer",tz_Eastern,0.09159879504630146,0.4990516568113355,0.05857413812339619,0.6394640682095006,1.2813584715765156,1.0,0.012861607693617494,1.389454695128019,0.24171947924342918,0.11008597190186621,0.28029319451264006,0.37841748011414,2,1
"hub_Large, late_aircraft_dominant, region_South, tz_Eastern",high_cancel,0.17427200714046637,0.2500278924467254,0.05578489345085351,0.3201024327784891,1.2802668920096376,1.0,0.012212030793062024,1.1030663201489783,0.26511498446155934,0.15137753557372088,0.0934361953278188,0.27160855686224766,4,1
"late_aircraft_dominant, region_South, tz_Eastern","high_cancel, hub_Large",0.17427200714046637,0.2500278924467254,0.05578489345085351,0.3201024327784891,1.2802668920096376,1.0,0.012212030793062024,1.1030663201489783,0.26511498446155934,0.15137753557372088,0.0934361953278188,0.27160855686224766,3,2
"late_aircraft_dominant, region_South, tz_Eastern",high_cancel,0.17427200714046637,0.2500278924467254,0.05578489345085351,0.3201024327784891,1.2802668920096376,1.0,0.012212030793062024,1.1030663201489783,0.26511498446155934,0.15137753557372088,0.0934361953278188,0.27160855686224766,3,1
tz_Central,"carrier_dominant, many_runways",0.24757335713488787,0.24880062479080664,0.07876826955260516,0.3181613339342046,1.278780285225236,1.0,0.017171863615887545,1.1017259838659617,0.28973566683132884,0.18861875500935082,0.09233328918049545,0.31737663109266284,1,2
"hub_Large, tz_Central","carrier_dominant, many_runways",0.24757335713488787,0.24880062479080664,0.07876826955260516,0.3181613339342046,1.278780285225236,1.0,0.017171863615887545,1.1017259838659617,0.28973566683132884,0.18861875500935082,0.09233328918049545,0.31737663109266284,2,2
tz_Central,"carrier_dominant, hub_Large, many_runways",0.24757335713488787,0.24880062479080664,0.07876826955260516,0.3181613339342046,1.278780285225236,1.0,0.017171863615887545,1.1017259838659617,0.28973566683132884,0.18861875500935082,0.09233328918049545,0.31737663109266284,1,3
"carrier_dominant, many_runways",tz_Central,0.24880062479080664,0.24757335713488787,0.07876826955260516,0.3165919282511211,1.278780285225236,1.0,0.017171863615887545,1.1009917412002626,0.29020902080951755,0.18861875500935082,0.0917279734452548,0.31737663109266284,2,1
"carrier_dominant, hub_Large, many_runways",tz_Central,0.24880062479080664,0.24757335713488787,0.07876826955260516,0.3165919282511211,1.278780285225236,1.0,0.017171863615887545,1.1009917412002626,0.29020902080951755,0.18861875500935082,0.0917279734452548,0.31737663109266284,3,1
"carrier_dominant, many_runways","hub_Large, tz_Central",0.24880062479080664,0.24757335713488787,0.07876826955260516,0.3165919282511211,1.278780285225236,1.0,0.017171863615887545,1.1009917412002626,0.29020902080951755,0.18861875500935082,0.0917279734452548,0.31737663109266284,2,2
"high_cancel, many_runways",is_summer,0.1541894454981591,0.28070958384469485,0.05511547472944327,0.3574529667149059,1.273390675940263,1.0,0.011833019650410767,1.1194362107281888,0.2538334970176347,0.14512338425381904,0.1066931814279047,0.27689818447033054,2,1
"high_cancel, hub_Large, many_runways",is_summer,0.1541894454981591,0.28070958384469485,0.05511547472944327,0.3574529667149059,1.273390675940263,1.0,0.011833019650410767,1.1194362107281888,0.2538334970176347,0.14512338425381904,0.1066931814279047,0.27689818447033054,3,1
"high_cancel, many_runways","hub_Large, is_summer",0.1541894454981591,0.28070958384469485,0.05511547472944327,0.3574529667149059,1.273390675940263,1.0,0.011833019650410767,1.1194362107281888,0.2538334970176347,0.14512338425381904,0.1066931814279047,0.27689818447033054,2,2
"carrier_dominant, hub_Large, tz_Eastern",northern,0.16780095950016735,0.5009483431886645,0.10688385585183532,0.636968085106383,1.2715244870397573,1.0,0.022824243204758288,1.3746770912898327,0.2566002427746279,0.19023034154090548,0.27255643791828993,0.4251655570298062,3,1
"carrier_dominant, tz_Eastern","hub_Large, northern",0.16780095950016735,0.5009483431886645,0.10688385585183532,0.636968085106383,1.2715244870397573,1.0,0.022824243204758288,1.3746770912898327,0.2566002427746279,0.19023034154090548,0.27255643791828993,0.4251655570298062,2,2
"carrier_dominant, tz_Eastern",northern,0.16780095950016735,0.5009483431886645,0.10688385585183532,0.636968085106383,1.2715244870397573,1.0,0.022824243204758288,1.3746770912898327,0.2566002427746279,0.19023034154090548,0.27255643791828993,0.4251655570298062,2,1
high_cancel,"northern, tz_Eastern",0.2500278924467254,0.3144036594890104,0.09963181970322436,0.39848282016956715,1.2674242431440135,1.0,0.02102213534364919,1.1397784859681956,0.2813414060831492,0.21435429668747,0.12263653656303178,0.35768711625937544,1,2
"high_cancel, hub_Large","northern, tz_Eastern",0.2500278924467254,0.3144036594890104,0.09963181970322436,0.39848282016956715,1.2674242431440135,1.0,0.02102213534364919,1.1397784859681956,0.2813414060831492,0.21435429668747,0.12263653656303178,0.35768711625937544,2,2
high_cancel,"hub_Large, northern, tz_Eastern",0.2500278924467254,0.3144036594890104,0.09963181970322436,0.39848282016956715,1.2674242431440135,1.0,0.02102213534364919,1.1397784859681956,0.2813414060831492,0.21435429668747,0.12263653656303178,0.35768711625937544,1,3
"northern, tz_Eastern",high_cancel,0.3144036594890104,0.2500278924467254,0.09963181970322436,0.3168914123491838,1.2674242431440135,1.0,0.02102213534364919,1.0978812462779883,0.3077586544655702,0.21435429668747,0.0891546755259944,0.35768711625937544,2,1
"hub_Large, northern, tz_Eastern",high_cancel,0.3144036594890104,0.2500278924467254,0.09963181970322436,0.3168914123491838,1.2674242431440135,1.0,0.02102213534364919,1.0978812462779883,0.3077586544655702,0.21435429668747,0.0891546755259944,0.35768711625937544,3,1
"northern, tz_Eastern","high_cancel, hub_Large",0.3144036594890104,0.2500278924467254,0.09963181970322436,0.3168914123491838,1.2674242431440135,1.0,0.02102213534364919,1.0978812462779883,0.3077586544655702,0.21435429668747,0.0891546755259944,0.35768711625937544,2,2
tz_Central,"late_aircraft_dominant, region_South",0.24757335713488787,0.2538212652013835,0.0795492580609171,0.3213159080666967,1.2659140589018911,1.0,0.016709875322785908,1.0994492779004847,0.2791726768919524,0.18857445120338537,0.09045372069404937,0.317361250736645,1,2
"hub_Large, tz_Central","late_aircraft_dominant, region_South",0.24757335713488787,0.2538212652013835,0.0795492580609171,0.3213159080666967,1.2659140589018911,1.0,0.016709875322785908,1.0994492779004847,0.2791726768919524,0.18857445120338537,0.09045372069404937,0.317361250736645,2,2
tz_Central,"hub_Large, late_aircraft_dominant, region_South",0.24757335713488787,0.2538212652013835,0.0795492580609171,0.3213159080666967,1.2659140589018911,1.0,0.016709875322785908,1.0994492779004847,0.2791726768919524,0.18857445120338537,0.09045372069404937,0.317361250736645,1,3
"late_aircraft_dominant, region_South",tz_Central,0.2538212652013835,0.24757335713488787,0.0795492580609171,0.3134065934065934,1.2659140589018911,1.0,0.016709875322785908,1.0958838748515556,0.28151024715300943,0.18857445120338537,0.08749455763690636,0.317361250736645,2,1
"hub_Large, late_aircraft_dominant, region_South",tz_Central,0.2538212652013835,0.24757335713488787,0.0795492580609171,0.3134065934065934,1.2659140589018911,1.0,0.016709875322785908,1.0958838748515556,0.28151024715300943,0.18857445120338537,0.08749455763690636,0.317361250736645,3,1
"late_aircraft_dominant, region_South","hub_Large, tz_Central",0.2538212652013835,0.24757335713488787,0.0795492580609171,0.3134065934065934,1.2659140589018911,1.0,0.016709875322785908,1.0958838748515556,0.28151024715300943,0.18857445120338537,0.08749455763690636,0.317361250736645,2,2
"carrier_dominant, tz_Eastern","many_runways, northern",0.16780095950016735,0.33794488452527055,0.07173937297779762,0.4275265957446809,1.2650778731130983,1.0,0.015031897096283962,1.1564818741858223,0.2517845090746992,0.16529562982005144,0.13530854021900487,0.3199039383477449,2,2
"carrier_dominant, hub_Large, tz_Eastern","many_runways, northern",0.16780095950016735,0.33794488452527055,0.07173937297779762,0.4275265957446809,1.2650778731130983,1.0,0.015031897096283962,1.1564818741858223,0.2517845090746992,0.16529562982005144,0.13530854021900487,0.3199039383477449,3,2
"carrier_dominant, tz_Eastern","hub_Large, many_runways, northern",0.16780095950016735,0.33794488452527055,0.07173937297779762,0.4275265957446809,1.2650778731130983,1.0,0.015031897096283962,1.1564818741858223,0.2517845090746992,0.16529562982005144,0.13530854021900487,0.3199039383477449,2,3
"high_cancel, hub_Large, is_winter",tz_Eastern,0.08568559634051098,0.4990516568113355,0.05377663728662278,0.6276041666666667,1.2575935939712348,1.0,0.011015098468023468,1.345203942548582,0.2240263899402277,0.10128178188695104,0.2566182952858204,0.3676809118600492,3,1
"high_cancel, is_winter","hub_Large, tz_Eastern",0.08568559634051098,0.4990516568113355,0.05377663728662278,0.6276041666666667,1.2575935939712348,1.0,0.011015098468023468,1.345203942548582,0.2240263899402277,0.10128178188695104,0.2566182952858204,0.3676809118600492,2,2
"high_cancel, is_winter",tz_Eastern,0.08568559634051098,0.4990516568113355,0.05377663728662278,0.6276041666666667,1.2575935939712348,1.0,0.011015098468023468,1.345203942548582,0.2240263899402277,0.10128178188695104,0.2566182952858204,0.3676809118600492,2,1
"high_cancel, tz_Eastern",region_South,0.15363159656365055,0.4436014727211871,0.08546245676670758,0.5562817719680465,1.2540124552690144,1.0,0.017311254274564924,1.2539456171242642,0.23932811507249516,0.1669936777850447,0.20251724927804307,0.3744688537908643,2,1
"high_cancel, hub_Large, tz_Eastern",region_South,0.15363159656365055,0.4436014727211871,0.08546245676670758,0.5562817719680465,1.2540124552690144,1.0,0.017311254274564924,1.2539456171242642,0.23932811507249516,0.1669936777850447,0.20251724927804307,0.3744688537908643,3,1
"high_cancel, tz_Eastern","hub_Large, region_South",0.15363159656365055,0.4436014727211871,0.08546245676670758,0.5562817719680465,1.2540124552690144,1.0,0.017311254274564924,1.2539456171242642,0.23932811507249516,0.1669936777850447,0.20251724927804307,0.3744688537908643,2,2
"carrier_dominant, region_South",tz_Eastern,0.155751422514783,0.4990516568113355,0.09728885417828852,0.6246418338108882,1.2516576696729245,1.0,0.019560848721563717,1.334587570785068,0.23815201933067648,0.174504702821693,0.250704845533851,0.4097946481819923,2,1
"carrier_dominant, hub_Large, region_South",tz_Eastern,0.155751422514783,0.4990516568113355,0.09728885417828852,0.6246418338108882,1.2516576696729245,1.0,0.019560848721563717,1.334587570785068,0.23815201933067648,0.174504702821693,0.250704845533851,0.4097946481819923,3,1
"carrier_dominant, region_South","hub_Large, tz_Eastern",0.155751422514783,0.4990516568113355,0.09728885417828852,0.6246418338108882,1.2516576696729245,1.0,0.019560848721563717,1.334587570785068,0.23815201933067648,0.174504702821693,0.250704845533851,0.4097946481819923,2,2
high_cancel,"late_aircraft_dominant, region_South",0.2500278924467254,0.2538212652013835,0.07921454870021198,0.3168228469433289,1.2482123855617833,1.0,0.015752152703748704,1.092218513836512,0.2651489119184012,0.18654755648975302,0.08443229323460778,0.31445537951562047,1,2
"high_cancel, hub_Large","late_aircraft_dominant, region_South",0.2500278924467254,0.2538212652013835,0.07921454870021198,0.3168228469433289,1.2482123855617833,1.0,0.015752152703748704,1.092218513836512,0.2651489119184012,0.18654755648975302,0.08443229323460778,0.31445537951562047,2,2
high_cancel,"hub_Large, late_aircraft_dominant, region_South",0.2500278924467254,0.2538212652013835,0.07921454870021198,0.3168228469433289,1.2482123855617833,1.0,0.015752152703748704,1.092218513836512,0.2651489119184012,0.18654755648975302,0.08443229323460778,0.31445537951562047,1,3
"late_aircraft_dominant, region_South",high_cancel,0.2538212652013835,0.2500278924467254,0.07921454870021198,0.31208791208791203,1.248212385561783,1.0,0.015752152703748704,1.0902150445263257,0.2664968579419098,0.18654755648975302,0.08274977031299549,0.31445537951562047,2,1
"hub_Large, late_aircraft_dominant, region_South",high_cancel,0.2538212652013835,0.2500278924467254,0.07921454870021198,0.31208791208791203,1.248212385561783,1.0,0.015752152703748704,1.0902150445263257,0.2664968579419098,0.18654755648975302,0.08274977031299549,0.31445537951562047,3,1
"late_aircraft_dominant, region_South","high_cancel, hub_Large",0.2538212652013835,0.2500278924467254,0.07921454870021198,0.31208791208791203,1.248212385561783,1.0,0.015752152703748704,1.0902150445263257,0.2664968579419098,0.18654755648975302,0.08274977031299549,0.31445537951562047,2,2
"high_delay, hub_Large, tz_Eastern",region_South,0.1303135111011938,0.4436014727211871,0.07207408233850274,0.553082191780822,1.2467997195501779,1.0,0.014266816898544407,1.2449683522253898,0.22760680518789345,0.14361938639395289,0.19676673048556392,0.3577785204376947,3,1
"high_delay, tz_Eastern","hub_Large, region_South",0.1303135111011938,0.4436014727211871,0.07207408233850274,0.553082191780822,1.2467997195501779,1.0,0.014266816898544407,1.2449683522253898,0.22760680518789345,0.14361938639395289,0.19676673048556392,0.3577785204376947,2,2
"high_delay, tz_Eastern",region_South,0.1303135111011938,0.4436014727211871,0.07207408233850274,0.553082191780822,1.2467997195501779,1.0,0.014266816898544407,1.2449683522253898,0.22760680518789345,0.14361938639395289,0.19676673048556392,0.3577785204376947,2,1
"is_fall, many_runways",carrier_dominant,0.15285060805533862,0.37096954144817584,0.07040053553497713,0.46058394160583943,1.2415680807859064,1.0,0.01369761555461331,1.1661322438646808,0.22967250468203781,0.1552657480314961,0.1424643257561438,0.3251791888480325,2,1
"hub_Large, is_fall, many_runways",carrier_dominant,0.15285060805533862,0.37096954144817584,0.07040053553497713,0.46058394160583943,1.2415680807859064,1.0,0.01369761555461331,1.1661322438646808,0.22967250468203781,0.1552657480314961,0.1424643257561438,0.3251791888480325,3,1
"is_fall, many_runways","carrier_dominant, hub_Large",0.15285060805533862,0.37096954144817584,0.07040053553497713,0.46058394160583943,1.2415680807859064,1.0,0.01369761555461331,1.1661322438646808,0.22967250468203781,0.1552657480314961,0.1424643257561438,0.3251791888480325,2,2
"high_cancel, hub_Large, late_aircraft_dominant",tz_Eastern,0.14504072297221912,0.4990516568113355,0.08936739930826731,0.6161538461538462,1.2346494350719703,1.0,0.016984586203867433,1.3050758439784849,0.222295372334888,0.16110217216411907,0.23376100736679797,0.3976141464169633,3,1
"high_cancel, late_aircraft_dominant","hub_Large, tz_Eastern",0.14504072297221912,0.4990516568113355,0.08936739930826731,0.6161538461538462,1.2346494350719703,1.0,0.016984586203867433,1.3050758439784849,0.222295372334888,0.16110217216411907,0.23376100736679797,0.3976141464169633,2,2
"high_cancel, late_aircraft_dominant",tz_Eastern,0.14504072297221912,0.4990516568113355,0.08936739930826731,0.6161538461538462,1.2346494350719703,1.0,0.016984586203867433,1.3050758439784849,0.222295372334888,0.16110217216411907,0.23376100736679797,0.3976141464169633,2,1
"is_summer, many_runways",high_cancel,0.17895793819033806,0.2500278924467254,0.05511547472944327,0.3079800498753117,1.2317827697601156,1.0,0.010370998607101688,1.083743477941849,0.22918258674690117,0.14741868099074903,0.07727241699381417,0.26420867732498293,2,1
"hub_Large, is_summer, many_runways",high_cancel,0.17895793819033806,0.2500278924467254,0.05511547472944327,0.3079800498753117,1.2317827697601156,1.0,0.010370998607101688,1.083743477941849,0.22918258674690117,0.14741868099074903,0.07727241699381417,0.26420867732498293,3,1
"is_summer, many_runways","high_cancel, hub_Large",0.17895793819033806,0.2500278924467254,0.05511547472944327,0.3079800498753117,1.2317827697601156,1.0,0.010370998607101688,1.083743477941849,0.22918258674690117,0.14741868099074903,0.07727241699381417,0.26420867732498293,2,2
"hub_Large, tz_Eastern",high_cancel,0.4990516568113355,0.2500278924467254,0.15363159656365055,0.3078470824949698,1.2312509595726973,1.0,0.028854762589065844,1.083535283296446,0.3749246691995283,0.2580101180438449,0.0770951205597165,0.4611524569101355,2,1
tz_Eastern,"high_cancel, hub_Large",0.4990516568113355,0.2500278924467254,0.15363159656365055,0.3078470824949698,1.2312509595726973,1.0,0.028854762589065844,1.083535283296446,0.3749246691995283,0.2580101180438449,0.0770951205597165,0.4611524569101355,1,2
tz_Eastern,high_cancel,0.4990516568113355,0.2500278924467254,0.15363159656365055,0.3078470824949698,1.2312509595726973,1.0,0.028854762589065844,1.083535283296446,0.3749246691995283,0.2580101180438449,0.0770951205597165,0.4611524569101355,1,1
"high_cancel, hub_Large",tz_Eastern,0.2500278924467254,0.4990516568113355,0.15363159656365055,0.6144578313253012,1.231250959572697,1.0,0.028854762589065844,1.2993347651455986,0.2504331693998635,0.2580101180438449,0.23037539914669805,0.4611524569101355,2,1
high_cancel,"hub_Large, tz_Eastern",0.2500278924467254,0.4990516568113355,0.15363159656365055,0.6144578313253012,1.231250959572697,1.0,0.028854762589065844,1.2993347651455986,0.2504331693998635,0.2580101180438449,0.23037539914669805,0.4611524569101355,1,2
high_cancel,tz_Eastern,0.2500278924467254,0.4990516568113355,0.15363159656365055,0.6144578313253012,1.231250959572697,1.0,0.028854762589065844,1.2993347651455986,0.2504331693998635,0.2580101180438449,0.23037539914669805,0.4611524569101355,1,1
"high_cancel, late_aircraft_dominant",region_South,0.14504072297221912,0.4436014727211871,0.07921454870021198,0.5461538461538461,1.2311813186813185,1.0,0.014874270385189861,1.2259628567160283,0.2196267780242724,0.15549715286903196,0.18431460258209797,0.36236263736263735,2,1
"high_cancel, hub_Large, late_aircraft_dominant",region_South,0.14504072297221912,0.4436014727211871,0.07921454870021198,0.5461538461538461,1.2311813186813185,1.0,0.014874270385189861,1.2259628567160283,0.2196267780242724,0.15549715286903196,0.18431460258209797,0.36236263736263735,3,1
"high_cancel, late_aircraft_dominant","hub_Large, region_South",0.14504072297221912,0.4436014727211871,0.07921454870021198,0.5461538461538461,1.2311813186813185,1.0,0.014874270385189861,1.2259628567160283,0.2196267780242724,0.15549715286903196,0.18431460258209797,0.36236263736263735,2,2
"hub_Large, late_aircraft_dominant, northern",tz_Eastern,0.2652013834653576,0.4990516568113355,0.16289188887649225,0.6142196045435423,1.2307736006089358,1.0,0.030542699069447232,1.2985324010462984,0.2551758815919198,0.27087198515769945,0.2298998475554052,0.47031123307883577,3,1
"late_aircraft_dominant, northern","hub_Large, tz_Eastern",0.2652013834653576,0.4990516568113355,0.16289188887649225,0.6142196045435423,1.2307736006089358,1.0,0.030542699069447232,1.2985324010462984,0.2551758815919198,0.27087198515769945,0.2298998475554052,0.47031123307883577,2,2
"late_aircraft_dominant, northern",tz_Eastern,0.2652013834653576,0.4990516568113355,0.16289188887649225,0.6142196045435423,1.2307736006089358,1.0,0.030542699069447232,1.2985324010462984,0.2551758815919198,0.27087198515769945,0.2298998475554052,0.47031123307883577,2,1
"hub_Large, tz_Eastern","late_aircraft_dominant, northern",0.4990516568113355,0.2652013834653576,0.16289188887649225,0.32640286161412924,1.2307736006089356,1.0,0.030542699069447232,1.0908576872749602,0.37429584769808094,0.27087198515769945,0.08329013796651082,0.47031123307883577,2,2
tz_Eastern,"hub_Large, late_aircraft_dominant, northern",0.4990516568113355,0.2652013834653576,0.16289188887649225,0.32640286161412924,1.2307736006089356,1.0,0.030542699069447232,1.0908576872749602,0.37429584769808094,0.27087198515769945,0.08329013796651082,0.47031123307883577,1,3
tz_Eastern,"late_aircraft_dominant, northern",0.4990516568113355,0.2652013834653576,0.16289188887649225,0.32640286161412924,1.2307736006089356,1.0,0.030542699069447232,1.0908576872749602,0.37429584769808094,0.27087198515769945,0.08329013796651082,0.47031123307883577,1,2
"high_cancel, many_runways","late_aircraft_dominant, northern",0.1541894454981591,0.2652013834653576,0.050317973892669864,0.32633863965267723,1.2305314376133554,1.0,0.009426719630801716,1.0907536928580837,0.22149521311740072,0.13633615477629984,0.08320273720117612,0.2580367998431665,2,2
"high_cancel, hub_Large, many_runways","late_aircraft_dominant, northern",0.1541894454981591,0.2652013834653576,0.050317973892669864,0.32633863965267723,1.2305314376133554,1.0,0.009426719630801716,1.0907536928580837,0.22149521311740072,0.13633615477629984,0.08320273720117612,0.2580367998431665,3,2
"high_cancel, many_runways","hub_Large, late_aircraft_dominant, northern",0.1541894454981591,0.2652013834653576,0.050317973892669864,0.32633863965267723,1.2305314376133554,1.0,0.009426719630801716,1.0907536928580837,0.22149521311740072,0.13633615477629984,0.08320273720117612,0.2580367998431665,2,3
"hub_Large, late_aircraft_dominant, many_runways, tz_Central",region_South,0.11424746178734799,0.4436014727211871,0.06169809215664398,0.5400390625,1.2173969107614437,1.0,0.011017749853118868,1.2096647387123236,0.20160846709323146,0.12435349673937485,0.1733246675731903,0.33956178477112675,4,1
"late_aircraft_dominant, many_runways, tz_Central","hub_Large, region_South",0.11424746178734799,0.4436014727211871,0.06169809215664398,0.5400390625,1.2173969107614437,1.0,0.011017749853118868,1.2096647387123236,0.20160846709323146,0.12435349673937485,0.1733246675731903,0.33956178477112675,3,2
"late_aircraft_dominant, many_runways, tz_Central",region_South,0.11424746178734799,0.4436014727211871,0.06169809215664398,0.5400390625,1.2173969107614437,1.0,0.011017749853118868,1.2096647387123236,0.20160846709323146,0.12435349673937485,0.1733246675731903,0.33956178477112675,3,1
"high_cancel, high_delay, hub_Large",tz_Eastern,0.10197478522816021,0.4990516568113355,0.0619212317304474,0.6072210065645515,1.2167498059105912,1.0,0.01103054620935394,1.275394946168355,0.19836676034961534,0.1148592715231788,0.2159291496298607,0.3656494033493448,3,1
"high_cancel, high_delay","hub_Large, tz_Eastern",0.10197478522816021,0.4990516568113355,0.0619212317304474,0.6072210065645515,1.2167498059105912,1.0,0.01103054620935394,1.275394946168355,0.19836676034961534,0.1148592715231788,0.2159291496298607,0.3656494033493448,2,2
"high_cancel, high_delay",tz_Eastern,0.10197478522816021,0.4990516568113355,0.0619212317304474,0.6072210065645515,1.2167498059105912,1.0,0.01103054620935394,1.275394946168355,0.19836676034961534,0.1148592715231788,0.2159291496298607,0.3656494033493448,2,1
nas_dominant,"northern, tz_Eastern",0.21521811893339285,0.3144036594890104,0.08211536315965637,0.38154484188698806,1.2135508934822832,1.0,0.014449998978656578,1.1085627333157575,0.22423036864422477,0.1834953876838694,0.09793106880928786,0.3213614912060916,1,2
"hub_Large, nas_dominant","northern, tz_Eastern",0.21521811893339285,0.3144036594890104,0.08211536315965637,0.38154484188698806,1.2135508934822832,1.0,0.014449998978656578,1.1085627333157575,0.22423036864422477,0.1834953876838694,0.09793106880928786,0.3213614912060916,2,2
nas_dominant,"hub_Large, northern, tz_Eastern",0.21521811893339285,0.3144036594890104,0.08211536315965637,0.38154484188698806,1.2135508934822832,1.0,0.014449998978656578,1.1085627333157575,0.22423036864422477,0.1834953876838694,0.09793106880928786,0.3213614912060916,1,3
"hub_Large, late_aircraft_dominant, region_South, tz_Central",many_runways,0.0795492580609171,0.6392948789467812,0.06169809215664398,0.7755960729312763,1.2132055151279284,1.0,0.010842658854283725,1.6073921956934065,0.19092531097594395,0.09388794567062819,0.3778742968397865,0.4360528357675579,4,1
"late_aircraft_dominant, region_South, tz_Central","hub_Large, many_runways",0.0795492580609171,0.6392948789467812,0.06169809215664398,0.7755960729312763,1.2132055151279284,1.0,0.010842658854283725,1.6073921956934065,0.19092531097594395,0.09388794567062819,0.3778742968397865,0.4360528357675579,3,2
"late_aircraft_dominant, region_South, tz_Central",many_runways,0.0795492580609171,0.6392948789467812,0.06169809215664398,0.7755960729312763,1.2132055151279284,1.0,0.010842658854283725,1.6073921956934065,0.19092531097594395,0.09388794567062819,0.3778742968397865,0.4360528357675579,3,1
"high_cancel, hub_Large, region_South, tz_Eastern",late_aircraft_dominant,0.08546245676670758,0.5411134664732791,0.05578489345085351,0.6527415143603132,1.2062932357137086,1.0,0.009540007216497629,1.321455205569429,0.18699524216176647,0.09773260359655979,0.2432584957966174,0.3779171489327339,4,1
"high_cancel, region_South, tz_Eastern","hub_Large, late_aircraft_dominant",0.08546245676670758,0.5411134664732791,0.05578489345085351,0.6527415143603132,1.2062932357137086,1.0,0.009540007216497629,1.321455205569429,0.18699524216176647,0.09773260359655979,0.2432584957966174,0.3779171489327339,3,2
"high_cancel, region_South, tz_Eastern",late_aircraft_dominant,0.08546245676670758,0.5411134664732791,0.05578489345085351,0.6527415143603132,1.2062932357137086,1.0,0.009540007216497629,1.321455205569429,0.18699524216176647,0.09773260359655979,0.2432584957966174,0.3779171489327339,3,1
"high_cancel, late_aircraft_dominant, tz_Eastern",northern,0.08936739930826731,0.5009483431886645,0.053999776860426195,0.6042446941323346,1.2062016021176203,1.0,0.009231326241869876,1.261010653330851,0.18772795113821147,0.10068649885583524,0.20698528806351774,0.35601989717752586,3,1
"high_cancel, hub_Large, late_aircraft_dominant, tz_Eastern",northern,0.08936739930826731,0.5009483431886645,0.053999776860426195,0.6042446941323346,1.2062016021176203,1.0,0.009231326241869876,1.261010653330851,0.18772795113821147,0.10068649885583524,0.20698528806351774,0.35601989717752586,4,1
"high_cancel, late_aircraft_dominant, tz_Eastern","hub_Large, northern",0.08936739930826731,0.5009483431886645,0.053999776860426195,0.6042446941323346,1.2062016021176203,1.0,0.009231326241869876,1.261010653330851,0.18772795113821147,0.10068649885583524,0.20698528806351774,0.35601989717752586,3,2
"hub_Large, late_aircraft_dominant, tz_Eastern",northern,0.2734575476960839,0.5009483431886645,0.16289188887649225,0.5956752345981233,1.1890951286643605,1.0,0.02590378342570382,1.234284168359822,0.2188783194776346,0.26637474913336984,0.1898138000677351,0.46042113623001935,3,1
"late_aircraft_dominant, tz_Eastern","hub_Large, northern",0.2734575476960839,0.5009483431886645,0.16289188887649225,0.5956752345981233,1.1890951286643605,1.0,0.02590378342570382,1.234284168359822,0.2188783194776346,0.26637474913336984,0.1898138000677351,0.46042113623001935,2,2
"late_aircraft_dominant, tz_Eastern",northern,0.2734575476960839,0.5009483431886645,0.16289188887649225,0.5956752345981233,1.1890951286643605,1.0,0.02590378342570382,1.234284168359822,0.2188783194776346,0.26637474913336984,0.1898138000677351,0.46042113623001935,2,1
"hub_Large, northern","late_aircraft_dominant, tz_Eastern",0.5009483431886645,0.2734575476960839,0.16289188887649225,0.32516703786191536,1.1890951286643605,1.0,0.02590378342570382,1.0766256141401265,0.3186531671000126,0.26637474913336984,0.07117201479673642,0.46042113623001935,2,2
northern,"hub_Large, late_aircraft_dominant, tz_Eastern",0.5009483431886645,0.2734575476960839,0.16289188887649225,0.32516703786191536,1.1890951286643605,1.0,0.02590378342570382,1.0766256141401265,0.3186531671000126,0.26637474913336984,0.07117201479673642,0.46042113623001935,1,3
northern,"late_aircraft_dominant, tz_Eastern",0.5009483431886645,0.2734575476960839,0.16289188887649225,0.32516703786191536,1.1890951286643605,1.0,0.02590378342570382,1.0766256141401265,0.3186531671000126,0.26637474913336984,0.07117201479673642,0.46042113623001935,1,2
"is_fall, northern",carrier_dominant,0.12038380006694187,0.37096954144817584,0.05288407899140913,0.4392956441149213,1.1841825137449742,1.0,0.008225355882786826,1.12185762773127,0.17682209549009167,0.12061068702290076,0.10862129446648446,0.2909260175461824,2,1
"hub_Large, is_fall, northern",carrier_dominant,0.12038380006694187,0.37096954144817584,0.05288407899140913,0.4392956441149213,1.1841825137449742,1.0,0.008225355882786826,1.12185762773127,0.17682209549009167,0.12061068702290076,0.10862129446648446,0.2909260175461824,3,1
"is_fall, northern","carrier_dominant, hub_Large",0.12038380006694187,0.37096954144817584,0.05288407899140913,0.4392956441149213,1.1841825137449742,1.0,0.008225355882786826,1.12185762773127,0.17682209549009167,0.12061068702290076,0.10862129446648446,0.2909260175461824,2,2
"high_cancel, late_aircraft_dominant","northern, tz_Eastern",0.14504072297221912,0.3144036594890104,0.053999776860426195,0.3723076923076923,1.1841709886990226,1.0,0.008398442783028724,1.0922490718925078,0.18191201037938004,0.13318657127132633,0.0844579082430994,0.272030354315663,2,2
"high_cancel, hub_Large, late_aircraft_dominant","northern, tz_Eastern",0.14504072297221912,0.3144036594890104,0.053999776860426195,0.3723076923076923,1.1841709886990226,1.0,0.008398442783028724,1.0922490718925078,0.18191201037938004,0.13318657127132633,0.0844579082430994,0.272030354315663,3,2
"high_cancel, late_aircraft_dominant","hub_Large, northern, tz_Eastern",0.14504072297221912,0.3144036594890104,0.053999776860426195,0.3723076923076923,1.1841709886990226,1.0,0.008398442783028724,1.0922490718925078,0.18191201037938004,0.13318657127132633,0.0844579082430994,0.272030354315663,2,3
"hub_Large, late_aircraft_dominant, tz_Central","many_runways, northern",0.13209862769162112,0.33794488452527055,0.05254936963070401,0.39780405405405406,1.1771270176581337,1.0,0.007907314149512401,1.099401482078653,0.17337684969795916,0.12586851950828434,0.09041417871359735,0.2766504588527121,3,2
"late_aircraft_dominant, tz_Central","hub_Large, many_runways, northern",0.13209862769162112,0.33794488452527055,0.05254936963070401,0.39780405405405406,1.1771270176581337,1.0,0.007907314149512401,1.099401482078653,0.17337684969795916,0.12586851950828434,0.09041417871359735,0.2766504588527121,2,3
"late_aircraft_dominant, tz_Central","many_runways, northern",0.13209862769162112,0.33794488452527055,0.05254936963070401,0.39780405405405406,1.1771270176581337,1.0,0.007907314149512401,1.099401482078653,0.17337684969795916,0.12586851950828434,0.09041417871359735,0.2766504588527121,2,2
high_cancel,"region_South, tz_Eastern",0.2500278924467254,0.2906392948789468,0.08546245676670758,0.3418116912092816,1.1760684024218007,1.0,0.012794526405922158,1.0777473492720546,0.19961985235340415,0.1877450980392157,0.07213875248644087,0.3179307976199959,1,2
"high_cancel, hub_Large","region_South, tz_Eastern",0.2500278924467254,0.2906392948789468,0.08546245676670758,0.3418116912092816,1.1760684024218007,1.0,0.012794526405922158,1.0777473492720546,0.19961985235340415,0.1877450980392157,0.07213875248644087,0.3179307976199959,2,2
high_cancel,"hub_Large, region_South, tz_Eastern",0.2500278924467254,0.2906392948789468,0.08546245676670758,0.3418116912092816,1.1760684024218007,1.0,0.012794526405922158,1.0777473492720546,0.19961985235340415,0.1877450980392157,0.07213875248644087,0.3179307976199959,1,3
"hub_Large, many_runways, region_South","late_aircraft_dominant, tz_Eastern",0.24534196139685374,0.2734575476960839,0.07843356019190004,0.3196907685311505,1.1690690976518574,1.0,0.011342949081369139,1.0679591260804222,0.19163456774337925,0.17810995692931345,0.06363457591288427,0.3032562369787536,3,2
"many_runways, region_South","hub_Large, late_aircraft_dominant, tz_Eastern",0.24534196139685374,0.2734575476960839,0.07843356019190004,0.3196907685311505,1.1690690976518574,1.0,0.011342949081369139,1.0679591260804222,0.19163456774337925,0.17810995692931345,0.06363457591288427,0.3032562369787536,2,3
"many_runways, region_South","late_aircraft_dominant, tz_Eastern",0.24534196139685374,0.2734575476960839,0.07843356019190004,0.3196907685311505,1.1690690976518574,1.0,0.011342949081369139,1.0679591260804222,0.19163456774337925,0.17810995692931345,0.06363457591288427,0.3032562369787536,2,2
is_fall,carrier_dominant,0.23965190226486668,0.37096954144817584,0.10387147160548924,0.4334264432029795,1.168361266294227,1.0,0.01496791531510859,1.1102361749953313,0.18951891835237392,0.20497578159401147,0.09929074324730496,0.35671322160148977,1,1
"hub_Large, is_fall",carrier_dominant,0.23965190226486668,0.37096954144817584,0.10387147160548924,0.4334264432029795,1.168361266294227,1.0,0.01496791531510859,1.1102361749953313,0.18951891835237392,0.20497578159401147,0.09929074324730496,0.35671322160148977,2,1
is_fall,"carrier_dominant, hub_Large",0.23965190226486668,0.37096954144817584,0.10387147160548924,0.4334264432029795,1.168361266294227,1.0,0.01496791531510859,1.1102361749953313,0.18951891835237392,0.20497578159401147,0.09929074324730496,0.35671322160148977,1,2
"high_delay, hub_Large, is_summer",late_aircraft_dominant,0.11971438134553163,0.5411134664732791,0.07564431551935735,0.6318732525629077,1.167727827365225,1.0,0.010865251642772675,1.246544937909295,0.1631698389731969,0.1292659675881792,0.19778263134484358,0.3858335334979487,3,1
"high_delay, is_summer","hub_Large, late_aircraft_dominant",0.11971438134553163,0.5411134664732791,0.07564431551935735,0.6318732525629077,1.167727827365225,1.0,0.010865251642772675,1.246544937909295,0.1631698389731969,0.1292659675881792,0.19778263134484358,0.3858335334979487,2,2
"high_delay, is_summer",late_aircraft_dominant,0.11971438134553163,0.5411134664732791,0.07564431551935735,0.6318732525629077,1.167727827365225,1.0,0.010865251642772675,1.246544937909295,0.1631698389731969,0.1292659675881792,0.19778263134484358,0.3858335334979487,2,1
"carrier_dominant, hub_Large, northern",tz_Eastern,0.18431328796162,0.4990516568113355,0.10688385585183532,0.5799031476997578,1.1620102644383923,1.0,0.014902004122244086,1.1924591685124981,0.17092641311216633,0.18540739307141474,0.16139686254630936,0.39703854009177475,3,1
"carrier_dominant, northern","hub_Large, tz_Eastern",0.18431328796162,0.4990516568113355,0.10688385585183532,0.5799031476997578,1.1620102644383923,1.0,0.014902004122244086,1.1924591685124981,0.17092641311216633,0.18540739307141474,0.16139686254630936,0.39703854009177475,2,2
"carrier_dominant, northern",tz_Eastern,0.18431328796162,0.4990516568113355,0.10688385585183532,0.5799031476997578,1.1620102644383923,1.0,0.014902004122244086,1.1924591685124981,0.17092641311216633,0.18540739307141474,0.16139686254630936,0.39703854009177475,2,1
"carrier_dominant, northern",many_runways,0.18431328796162,0.6392948789467812,0.13589200044627914,0.7372881355932203,1.1532833436862189,1.0,0.018061459330572058,1.3730065898154777,0.16294294379277321,0.19759896171317323,0.27167137622085785,0.47492679030969914,2,1
"carrier_dominant, hub_Large, northern",many_runways,0.18431328796162,0.6392948789467812,0.13589200044627914,0.7372881355932203,1.1532833436862189,1.0,0.018061459330572058,1.3730065898154777,0.16294294379277321,0.19759896171317323,0.27167137622085785,0.47492679030969914,3,1
"carrier_dominant, northern","hub_Large, many_runways",0.18431328796162,0.6392948789467812,0.13589200044627914,0.7372881355932203,1.1532833436862189,1.0,0.018061459330572058,1.3730065898154777,0.16294294379277321,0.19759896171317323,0.27167137622085785,0.47492679030969914,2,2
"high_cancel, many_runways, northern",late_aircraft_dominant,0.08066495592993417,0.5411134664732791,0.050317973892669864,0.623789764868603,1.1527892087664513,1.0,0.006669079966508895,1.2197608961022766,0.1441680300518803,0.08805154236626318,0.18016719244281276,0.35838972779512623,3,1
"high_cancel, hub_Large, many_runways, northern",late_aircraft_dominant,0.08066495592993417,0.5411134664732791,0.050317973892669864,0.623789764868603,1.1527892087664513,1.0,0.006669079966508895,1.2197608961022766,0.1441680300518803,0.08805154236626318,0.18016719244281276,0.35838972779512623,4,1
"high_cancel, many_runways, northern","hub_Large, late_aircraft_dominant",0.08066495592993417,0.5411134664732791,0.050317973892669864,0.623789764868603,1.1527892087664513,1.0,0.006669079966508895,1.2197608961022766,0.1441680300518803,0.08805154236626318,0.18016719244281276,0.35838972779512623,3,2
"high_cancel, region_South",late_aircraft_dominant,0.1270779872810443,0.5411134664732791,0.07921454870021198,0.6233538191395961,1.151983563082103,1.0,0.010450938490118827,1.2183490948413405,0.15113842564589974,0.13449516953968552,0.1792171847673716,0.38487278585845786,2,1
"high_cancel, hub_Large, region_South",late_aircraft_dominant,0.1270779872810443,0.5411134664732791,0.07921454870021198,0.6233538191395961,1.151983563082103,1.0,0.010450938490118827,1.2183490948413405,0.15113842564589974,0.13449516953968552,0.1792171847673716,0.38487278585845786,3,1
"high_cancel, region_South","hub_Large, late_aircraft_dominant",0.1270779872810443,0.5411134664732791,0.07921454870021198,0.6233538191395961,1.151983563082103,1.0,0.010450938490118827,1.2183490948413405,0.15113842564589974,0.13449516953968552,0.1792171847673716,0.38487278585845786,2,2
region_West,carrier_dominant,0.2533749860537766,0.37096954144817584,0.10799955372085239,0.42624394539850285,1.148999844393017,1.0,0.01400515133004493,1.0963378137921662,0.17368539837872288,0.20916162489196194,0.08787238073905304,0.3586858824736875,1,1
"hub_Large, region_West",carrier_dominant,0.2533749860537766,0.37096954144817584,0.10799955372085239,0.42624394539850285,1.148999844393017,1.0,0.01400515133004493,1.0963378137921662,0.17368539837872288,0.20916162489196194,0.08787238073905304,0.3586858824736875,2,1
region_West,"carrier_dominant, hub_Large",0.2533749860537766,0.37096954144817584,0.10799955372085239,0.42624394539850285,1.148999844393017,1.0,0.01400515133004493,1.0963378137921662,0.17368539837872288,0.20916162489196194,0.08787238073905304,0.3586858824736875,1,2
"is_summer, region_South, tz_Eastern",late_aircraft_dominant,0.081111235077541,0.5411134664732791,0.05042954367957157,0.6217331499312242,1.1489884995533117,1.0,0.006539162096834333,1.2131291268142768,0.1411153064250624,0.0881951219512195,0.17568544197266284,0.357464513109942,3,1
"hub_Large, is_summer, region_South, tz_Eastern",late_aircraft_dominant,0.081111235077541,0.5411134664732791,0.05042954367957157,0.6217331499312242,1.1489884995533117,1.0,0.006539162096834333,1.2131291268142768,0.1411153064250624,0.0881951219512195,0.17568544197266284,0.357464513109942,4,1
"is_summer, region_South, tz_Eastern","hub_Large, late_aircraft_dominant",0.081111235077541,0.5411134664732791,0.05042954367957157,0.6217331499312242,1.1489884995533117,1.0,0.006539162096834333,1.2131291268142768,0.1411153064250624,0.0881951219512195,0.17568544197266284,0.357464513109942,3,2
high_cancel,region_South,0.2500278924467254,0.4436014727211871,0.1270779872810443,0.5082552431950023,1.1457474207134821,1.0,0.016165245970302333,1.1314783118256078,0.16961602370213105,0.22430090586845214,0.11620047017381296,0.39736202803613296,1,1
"high_cancel, hub_Large",region_South,0.2500278924467254,0.4436014727211871,0.1270779872810443,0.5082552431950023,1.1457474207134821,1.0,0.016165245970302333,1.1314783118256078,0.16961602370213105,0.22430090586845214,0.11620047017381296,0.39736202803613296,2,1
high_cancel,"hub_Large, region_South",0.2500278924467254,0.4436014727211871,0.1270779872810443,0.5082552431950023,1.1457474207134821,1.0,0.016165245970302333,1.1314783118256078,0.16961602370213105,0.22430090586845214,0.11620047017381296,0.39736202803613296,1,2
"late_aircraft_dominant, tz_Eastern","many_runways, northern",0.2734575476960839,0.33794488452527055,0.10576815798281826,0.38678090575275403,1.144508834025069,1.0,0.013354578604101525,1.079638781123461,0.17378578592977342,0.20917917034421887,0.07376428349543891,0.3498777424108769,2,2
"hub_Large, late_aircraft_dominant, tz_Eastern","many_runways, northern",0.2734575476960839,0.33794488452527055,0.10576815798281826,0.38678090575275403,1.144508834025069,1.0,0.013354578604101525,1.079638781123461,0.17378578592977342,0.20917917034421887,0.07376428349543891,0.3498777424108769,3,2
"late_aircraft_dominant, tz_Eastern","hub_Large, many_runways, northern",0.2734575476960839,0.33794488452527055,0.10576815798281826,0.38678090575275403,1.144508834025069,1.0,0.013354578604101525,1.079638781123461,0.17378578592977342,0.20917917034421887,0.07376428349543891,0.3498777424108769,2,3
"many_runways, northern","late_aircraft_dominant, tz_Eastern",0.33794488452527055,0.2734575476960839,0.10576815798281826,0.31297457906899967,1.144508834025069,1.0,0.013354578604101525,1.057519023560097,0.1907133532144733,0.20917917034421887,0.0543905331995461,0.3498777424108769,2,2
"hub_Large, many_runways, northern","late_aircraft_dominant, tz_Eastern",0.33794488452527055,0.2734575476960839,0.10576815798281826,0.31297457906899967,1.144508834025069,1.0,0.013354578604101525,1.057519023560097,0.1907133532144733,0.20917917034421887,0.0543905331995461,0.3498777424108769,3,2
"many_runways, northern","hub_Large, late_aircraft_dominant, tz_Eastern",0.33794488452527055,0.2734575476960839,0.10576815798281826,0.31297457906899967,1.144508834025069,1.0,0.013354578604101525,1.057519023560097,0.1907133532144733,0.20917917034421887,0.0543905331995461,0.3498777424108769,2,3
"hub_Large, region_South, tz_Central","late_aircraft_dominant, many_runways",0.1529621778422403,0.35244895682249244,0.06169809215664398,0.40335521517140777,1.1444358320928547,1.0,0.007786732142849813,1.0853208804356513,0.14899808878480644,0.13904953482524515,0.07861350681966368,0.2892053062245136,3,2
"region_South, tz_Central","hub_Large, late_aircraft_dominant, many_runways",0.1529621778422403,0.35244895682249244,0.06169809215664398,0.40335521517140777,1.1444358320928547,1.0,0.007786732142849813,1.0853208804356513,0.14899808878480644,0.13904953482524515,0.07861350681966368,0.2892053062245136,2,3
"region_South, tz_Central","late_aircraft_dominant, many_runways",0.1529621778422403,0.35244895682249244,0.06169809215664398,0.40335521517140777,1.1444358320928547,1.0,0.007786732142849813,1.0853208804356513,0.14899808878480644,0.13904953482524515,0.07861350681966368,0.2892053062245136,2,2
"hub_Large, is_fall, tz_Eastern",carrier_dominant,0.11837554390271114,0.37096954144817584,0.05009483431886645,0.42318567389255424,1.1407558481500641,1.0,0.006181113078599289,1.0905250269991593,0.13995554676186397,0.11404622809245618,0.0830104993080815,0.2791116339387583,3,1
"is_fall, tz_Eastern","carrier_dominant, hub_Large",0.11837554390271114,0.37096954144817584,0.05009483431886645,0.42318567389255424,1.1407558481500641,1.0,0.006181113078599289,1.0905250269991593,0.13995554676186397,0.11404622809245618,0.0830104993080815,0.2791116339387583,2,2
"is_fall, tz_Eastern",carrier_dominant,0.11837554390271114,0.37096954144817584,0.05009483431886645,0.42318567389255424,1.1407558481500641,1.0,0.006181113078599289,1.0905250269991593,0.13995554676186397,0.11404622809245618,0.0830104993080815,0.2791116339387583,2,1
"many_runways, region_West",carrier_dominant,0.15541671315407787,0.37096954144817584,0.06571460448510544,0.4228284278535535,1.1397928417598195,1.0,0.008059737672954488,1.0898500357744914,0.14521668726296502,0.14264955194962461,0.08244256808290175,0.29998564249820536,2,1
"hub_Large, many_runways, region_West",carrier_dominant,0.15541671315407787,0.37096954144817584,0.06571460448510544,0.4228284278535535,1.1397928417598195,1.0,0.008059737672954488,1.0898500357744914,0.14521668726296502,0.14264955194962461,0.08244256808290175,0.29998564249820536,3,1
"many_runways, region_West","carrier_dominant, hub_Large",0.15541671315407787,0.37096954144817584,0.06571460448510544,0.4228284278535535,1.1397928417598195,1.0,0.008059737672954488,1.0898500357744914,0.14521668726296502,0.14264955194962461,0.08244256808290175,0.29998564249820536,2,2
"is_winter, many_runways",carrier_dominant,0.15474729443266763,0.37096954144817584,0.0652683253374986,0.42177361211247294,1.1369494392072466,1.0,0.007861792481466033,1.0878619027573317,0.14250579878879763,0.14174945480978918,0.08076567672296824,0.29885673086826653,2,1
"hub_Large, is_winter, many_runways",carrier_dominant,0.15474729443266763,0.37096954144817584,0.0652683253374986,0.42177361211247294,1.1369494392072466,1.0,0.007861792481466033,1.0878619027573317,0.14250579878879763,0.14174945480978918,0.08076567672296824,0.29885673086826653,3,1
"is_winter, many_runways","carrier_dominant, hub_Large",0.15474729443266763,0.37096954144817584,0.0652683253374986,0.42177361211247294,1.1369494392072466,1.0,0.007861792481466033,1.0878619027573317,0.14250579878879763,0.14174945480978918,0.08076567672296824,0.29885673086826653,2,2
"high_delay, hub_Large, region_South",late_aircraft_dominant,0.11045408903268995,0.5411134664732791,0.06794600022313957,0.6151515151515151,1.1368253670727897,1.0,0.008177805220512514,1.1923823312111645,0.1353020878964039,0.11642133435289619,0.16134282283078769,0.3703592627303967,3,1
"high_delay, region_South","hub_Large, late_aircraft_dominant",0.11045408903268995,0.5411134664732791,0.06794600022313957,0.6151515151515151,1.1368253670727897,1.0,0.008177805220512514,1.1923823312111645,0.1353020878964039,0.11642133435289619,0.16134282283078769,0.3703592627303967,2,2
"high_delay, region_South",late_aircraft_dominant,0.11045408903268995,0.5411134664732791,0.06794600022313957,0.6151515151515151,1.1368253670727897,1.0,0.008177805220512514,1.1923823312111645,0.1353020878964039,0.11642133435289619,0.16134282283078769,0.3703592627303967,2,1
"high_cancel, hub_Large, many_runways",late_aircraft_dominant,0.1541894454981591,0.5411134664732791,0.09438803971884414,0.6121562952243126,1.1312900771330956,1.0,0.01095405437174253,1.1831738606976274,0.13720970336753904,0.1570738952840698,0.15481567568575577,0.3932946424575171,3,1
"high_cancel, many_runways","hub_Large, late_aircraft_dominant",0.1541894454981591,0.5411134664732791,0.09438803971884414,0.6121562952243126,1.1312900771330956,1.0,0.01095405437174253,1.1831738606976274,0.13720970336753904,0.1570738952840698,0.15481567568575577,0.3932946424575171,2,2
"high_cancel, many_runways",late_aircraft_dominant,0.1541894454981591,0.5411134664732791,0.09438803971884414,0.6121562952243126,1.1312900771330956,1.0,0.01095405437174253,1.1831738606976274,0.13720970336753904,0.1570738952840698,0.15481567568575577,0.3932946424575171,2,1
"hub_Large, late_aircraft_dominant, many_runways, tz_Eastern",region_South,0.15731339953140688,0.4436014727211871,0.07843356019190004,0.498581560283688,1.1239402728427303,1.0,0.008649104480991432,1.109649113809231,0.13085885818923235,0.15011744608157165,0.09881422194158722,0.33769621273741746,4,1
"late_aircraft_dominant, many_runways, tz_Eastern","hub_Large, region_South",0.15731339953140688,0.4436014727211871,0.07843356019190004,0.498581560283688,1.1239402728427303,1.0,0.008649104480991432,1.109649113809231,0.13085885818923235,0.15011744608157165,0.09881422194158722,0.33769621273741746,3,2
"late_aircraft_dominant, many_runways, tz_Eastern",region_South,0.15731339953140688,0.4436014727211871,0.07843356019190004,0.498581560283688,1.1239402728427303,1.0,0.008649104480991432,1.109649113809231,0.13085885818923235,0.15011744608157165,0.09881422194158722,0.33769621273741746,3,1
"hub_Large, late_aircraft_dominant, many_runways, region_South",tz_Eastern,0.14013165234854402,0.4990516568113355,0.07843356019190004,0.5597133757961783,1.1215539877623846,1.0,0.008500626915649068,1.1377777921247063,0.12604251626193397,0.13987266215678473,0.12109376108266057,0.35843929464970997,4,1
"late_aircraft_dominant, many_runways, region_South","hub_Large, tz_Eastern",0.14013165234854402,0.4990516568113355,0.07843356019190004,0.5597133757961783,1.1215539877623846,1.0,0.008500626915649068,1.1377777921247063,0.12604251626193397,0.13987266215678473,0.12109376108266057,0.35843929464970997,3,2
"late_aircraft_dominant, many_runways, region_South",tz_Eastern,0.14013165234854402,0.4990516568113355,0.07843356019190004,0.5597133757961783,1.1215539877623846,1.0,0.008500626915649068,1.1377777921247063,0.12604251626193397,0.13987266215678473,0.12109376108266057,0.35843929464970997,3,1
"high_cancel, is_summer",late_aircraft_dominant,0.09159879504630146,0.5411134664732791,0.0555617538770501,0.6065773447015835,1.120979946507277,1.0,0.005996412364770491,1.1663958019363405,0.11880585471337572,0.09626908950318964,0.14265809398499707,0.35462887853635877,2,1
"high_cancel, hub_Large, is_summer",late_aircraft_dominant,0.09159879504630146,0.5411134664732791,0.0555617538770501,0.6065773447015835,1.120979946507277,1.0,0.005996412364770491,1.1663958019363405,0.11880585471337572,0.09626908950318964,0.14265809398499707,0.35462887853635877,3,1
"high_cancel, is_summer","hub_Large, late_aircraft_dominant",0.09159879504630146,0.5411134664732791,0.0555617538770501,0.6065773447015835,1.120979946507277,1.0,0.005996412364770491,1.1663958019363405,0.11880585471337572,0.09626908950318964,0.14265809398499707,0.35462887853635877,2,2
"high_cancel, high_delay",late_aircraft_dominant,0.10197478522816021,0.5411134664732791,0.06180966194354569,0.6061269146608316,1.1201475332175326,1.0,0.006629732415867784,1.1650619212317306,0.11944035920779446,0.10633397312859884,0.14167652227207225,0.36017685939227145,2,1
"high_cancel, high_delay, hub_Large",late_aircraft_dominant,0.10197478522816021,0.5411134664732791,0.06180966194354569,0.6061269146608316,1.1201475332175326,1.0,0.006629732415867784,1.1650619212317306,0.11944035920779446,0.10633397312859884,0.14167652227207225,0.36017685939227145,3,1
"high_cancel, high_delay","hub_Large, late_aircraft_dominant",0.10197478522816021,0.5411134664732791,0.06180966194354569,0.6061269146608316,1.1201475332175326,1.0,0.006629732415867784,1.1650619212317306,0.11944035920779446,0.10633397312859884,0.14167652227207225,0.36017685939227145,2,2
"hub_Large, late_aircraft_dominant, northern",many_runways,0.2652013834653576,0.6392948789467812,0.18978020751980365,0.7156079091291544,1.1193706264440857,1.0,0.020238321180798963,1.2683373857152385,0.14512934550387738,0.26553231345613487,0.21156625101287077,0.5062332739363049,3,1
"late_aircraft_dominant, northern","hub_Large, many_runways",0.2652013834653576,0.6392948789467812,0.18978020751980365,0.7156079091291544,1.1193706264440857,1.0,0.020238321180798963,1.2683373857152385,0.14512934550387738,0.26553231345613487,0.21156625101287077,0.5062332739363049,2,2
"late_aircraft_dominant, northern",many_runways,0.2652013834653576,0.6392948789467812,0.18978020751980365,0.7156079091291544,1.1193706264440857,1.0,0.020238321180798963,1.2683373857152385,0.14512934550387738,0.26553231345613487,0.21156625101287077,0.5062332739363049,2,1
"hub_Large, late_aircraft_dominant, region_South","many_runways, tz_Eastern",0.2538212652013835,0.2763583621555283,0.07843356019190004,0.309010989010989,1.1181532073094447,1.0,0.008287931060601716,1.0472549148194485,0.14161241637003416,0.1736231168189677,0.045122647934858845,0.29641102538962855,3,2
"late_aircraft_dominant, region_South","hub_Large, many_runways, tz_Eastern",0.2538212652013835,0.2763583621555283,0.07843356019190004,0.309010989010989,1.1181532073094447,1.0,0.008287931060601716,1.0472549148194485,0.14161241637003416,0.1736231168189677,0.045122647934858845,0.29641102538962855,2,3
"late_aircraft_dominant, region_South","many_runways, tz_Eastern",0.2538212652013835,0.2763583621555283,0.07843356019190004,0.309010989010989,1.1181532073094447,1.0,0.008287931060601716,1.0472549148194485,0.14161241637003416,0.1736231168189677,0.045122647934858845,0.29641102538962855,2,2
"late_aircraft_dominant, many_runways, northern",tz_Eastern,0.18978020751980365,0.4990516568113355,0.10576815798281826,0.5573192239858906,1.1167565849732926,1.0,0.011058030990061168,1.1316243449720031,0.1290387102621936,0.18140068886337543,0.116314522179407,0.38462876021561465,3,1
"hub_Large, late_aircraft_dominant, many_runways, northern",tz_Eastern,0.18978020751980365,0.4990516568113355,0.10576815798281826,0.5573192239858906,1.1167565849732926,1.0,0.011058030990061168,1.1316243449720031,0.1290387102621936,0.18140068886337543,0.116314522179407,0.38462876021561465,4,1
"late_aircraft_dominant, many_runways, northern","hub_Large, tz_Eastern",0.18978020751980365,0.4990516568113355,0.10576815798281826,0.5573192239858906,1.1167565849732926,1.0,0.011058030990061168,1.1316243449720031,0.1290387102621936,0.18140068886337543,0.116314522179407,0.38462876021561465,3,2
"hub_Large, is_summer, late_aircraft_dominant, northern",many_runways,0.07497489679794711,0.6392948789467812,0.05344192792591766,0.7127976190476191,1.1149747049779772,1.0,0.005510860353426655,1.2559266391075807,0.11147661435331588,0.08087118014519669,0.20377514986817508,0.3981963662428322,4,1
"is_summer, late_aircraft_dominant, northern","hub_Large, many_runways",0.07497489679794711,0.6392948789467812,0.05344192792591766,0.7127976190476191,1.1149747049779772,1.0,0.005510860353426655,1.2559266391075807,0.11147661435331588,0.08087118014519669,0.20377514986817508,0.3981963662428322,3,2
"is_summer, late_aircraft_dominant, northern",many_runways,0.07497489679794711,0.6392948789467812,0.05344192792591766,0.7127976190476191,1.1149747049779772,1.0,0.005510860353426655,1.2559266391075807,0.11147661435331588,0.08087118014519669,0.20377514986817508,0.3981963662428322,3,1
"high_cancel, high_delay, hub_Large",region_South,0.10197478522816021,0.4436014727211871,0.05042954367957157,0.49452954048140046,1.1148059032532174,1.0,0.005193378771932947,1.1007537963914178,0.11467702798236908,0.10184767913474539,0.09153163652191544,0.3041058165183662,3,1
"high_cancel, high_delay","hub_Large, region_South",0.10197478522816021,0.4436014727211871,0.05042954367957157,0.49452954048140046,1.1148059032532174,1.0,0.005193378771932947,1.1007537963914178,0.11467702798236908,0.10184767913474539,0.09153163652191544,0.3041058165183662,2,2
"high_cancel, high_delay",region_South,0.10197478522816021,0.4436014727211871,0.05042954367957157,0.49452954048140046,1.1148059032532174,1.0,0.005193378771932947,1.1007537963914178,0.11467702798236908,0.10184767913474539,0.09153163652191544,0.3041058165183662,2,1
"is_summer, region_South",late_aircraft_dominant,0.1239540332477965,0.5411134664732791,0.07464018743724199,0.6021602160216021,1.112816910557035,1.0,0.00756699082318274,1.1534455627787032,0.11572404125042723,0.12641723356009069,0.1330323404331678,0.3700491801757495,2,1
"hub_Large, is_summer, region_South",late_aircraft_dominant,0.1239540332477965,0.5411134664732791,0.07464018743724199,0.6021602160216021,1.112816910557035,1.0,0.00756699082318274,1.1534455627787032,0.11572404125042723,0.12641723356009069,0.1330323404331678,0.3700491801757495,3,1
"is_summer, region_South","hub_Large, late_aircraft_dominant",0.1239540332477965,0.5411134664732791,0.07464018743724199,0.6021602160216021,1.112816910557035,1.0,0.00756699082318274,1.1534455627787032,0.11572404125042723,0.12641723356009069,0.1330323404331678,0.3700491801757495,2,2
"northern, region_South, tz_Eastern",late_aircraft_dominant,0.10599129755662166,0.5411134664732791,0.06370634832087471,0.6010526315789474,1.1107700488334238,1.0,0.006353029884010368,1.1502432898427042,0.1115466263993515,0.10919869956014536,0.13061870577245446,0.359392295170917,3,1
"hub_Large, northern, region_South, tz_Eastern",late_aircraft_dominant,0.10599129755662166,0.5411134664732791,0.06370634832087471,0.6010526315789474,1.1107700488334238,1.0,0.006353029884010368,1.1502432898427042,0.1115466263993515,0.10919869956014536,0.13061870577245446,0.359392295170917,4,1
"northern, region_South, tz_Eastern","hub_Large, late_aircraft_dominant",0.10599129755662166,0.5411134664732791,0.06370634832087471,0.6010526315789474,1.1107700488334238,1.0,0.006353029884010368,1.1502432898427042,0.1115466263993515,0.10919869956014536,0.13061870577245446,0.359392295170917,3,2
"hub_Large, northern, region_South",late_aircraft_dominant,0.10599129755662166,0.5411134664732791,0.06370634832087471,0.6010526315789474,1.1107700488334238,1.0,0.006353029884010368,1.1502432898427042,0.1115466263993515,0.10919869956014536,0.13061870577245446,0.359392295170917,3,1
"northern, region_South","hub_Large, late_aircraft_dominant",0.10599129755662166,0.5411134664732791,0.06370634832087471,0.6010526315789474,1.1107700488334238,1.0,0.006353029884010368,1.1502432898427042,0.1115466263993515,0.10919869956014536,0.13061870577245446,0.359392295170917,2,2
"northern, region_South",late_aircraft_dominant,0.10599129755662166,0.5411134664732791,0.06370634832087471,0.6010526315789474,1.1107700488334238,1.0,0.006353029884010368,1.1502432898427042,0.1115466263993515,0.10919869956014536,0.13061870577245446,0.359392295170917,2,1
"high_cancel, high_delay",northern,0.10197478522816021,0.5009483431886645,0.05667745174606716,0.5557986870897156,1.1094930138942363,1.0,0.005593352039000403,1.123480823461972,0.10989382942860798,0.10375816993464053,0.10990915099153152,0.3344694994468622,2,1
"high_cancel, high_delay, hub_Large",northern,0.10197478522816021,0.5009483431886645,0.05667745174606716,0.5557986870897156,1.1094930138942363,1.0,0.005593352039000403,1.123480823461972,0.10989382942860798,0.10375816993464053,0.10990915099153152,0.3344694994468622,3,1
"high_cancel, high_delay","hub_Large, northern",0.10197478522816021,0.5009483431886645,0.05667745174606716,0.5557986870897156,1.1094930138942363,1.0,0.005593352039000403,1.123480823461972,0.10989382942860798,0.10375816993464053,0.10990915099153152,0.3344694994468622,2,2
"hub_Large, region_South, tz_Eastern",late_aircraft_dominant,0.2906392948789468,0.5411134664732791,0.17427200714046637,0.599616122840691,1.1081153214476522,1.0,0.017003170795169914,1.1461164140336606,0.1375419435886673,0.2650602409638554,0.12748828325337055,0.460838989255397,3,1
"region_South, tz_Eastern","hub_Large, late_aircraft_dominant",0.2906392948789468,0.5411134664732791,0.17427200714046637,0.599616122840691,1.1081153214476522,1.0,0.017003170795169914,1.1461164140336606,0.1375419435886673,0.2650602409638554,0.12748828325337055,0.460838989255397,2,2
"region_South, tz_Eastern",late_aircraft_dominant,0.2906392948789468,0.5411134664732791,0.17427200714046637,0.599616122840691,1.1081153214476522,1.0,0.017003170795169914,1.1461164140336606,0.1375419435886673,0.2650602409638554,0.12748828325337055,0.460838989255397,2,1
"hub_Large, late_aircraft_dominant","region_South, tz_Eastern",0.5411134664732791,0.2906392948789468,0.17427200714046637,0.3220618556701031,1.1081153214476522,1.0,0.017003170795169914,1.0463501885149356,0.21261650312101796,0.2650602409638554,0.04429701358463886,0.460838989255397,2,2
late_aircraft_dominant,"hub_Large, region_South, tz_Eastern",0.5411134664732791,0.2906392948789468,0.17427200714046637,0.3220618556701031,1.1081153214476522,1.0,0.017003170795169914,1.0463501885149356,0.21261650312101796,0.2650602409638554,0.04429701358463886,0.460838989255397,1,3
late_aircraft_dominant,"region_South, tz_Eastern",0.5411134664732791,0.2906392948789468,0.17427200714046637,0.3220618556701031,1.1081153214476522,1.0,0.017003170795169914,1.0463501885149356,0.21261650312101796,0.2650602409638554,0.04429701358463886,0.460838989255397,1,2
high_delay,"late_aircraft_dominant, tz_Eastern",0.2500278924467254,0.2734575476960839,0.07553274573245565,0.3020972780008925,1.104731906455324,1.0,0.00716073140835391,1.0410368514150103,0.12640871021628336,0.16861768368617686,0.03941921110595815,0.28915553414528505,1,2
"high_delay, hub_Large","late_aircraft_dominant, tz_Eastern",0.2500278924467254,0.2734575476960839,0.07553274573245565,0.3020972780008925,1.104731906455324,1.0,0.00716073140835391,1.0410368514150103,0.12640871021628336,0.16861768368617686,0.03941921110595815,0.28915553414528505,2,2
high_delay,"hub_Large, late_aircraft_dominant, tz_Eastern",0.2500278924467254,0.2734575476960839,0.07553274573245565,0.3020972780008925,1.104731906455324,1.0,0.00716073140835391,1.0410368514150103,0.12640871021628336,0.16861768368617686,0.03941921110595815,0.28915553414528505,1,3
"high_cancel, hub_Large, is_summer",northern,0.09159879504630146,0.5009483431886645,0.05054111346647328,0.5517661388550549,1.1014431854249123,1.0,0.004654848849950516,1.1133733973970283,0.101387187575068,0.09324825030876904,0.10182872849493775,0.32632850372596844,3,1
"high_cancel, is_summer","hub_Large, northern",0.09159879504630146,0.5009483431886645,0.05054111346647328,0.5517661388550549,1.1014431854249123,1.0,0.004654848849950516,1.1133733973970283,0.101387187575068,0.09324825030876904,0.10182872849493775,0.32632850372596844,2,2
"high_cancel, is_summer",northern,0.09159879504630146,0.5009483431886645,0.05054111346647328,0.5517661388550549,1.1014431854249123,1.0,0.004654848849950516,1.1133733973970283,0.101387187575068,0.09324825030876904,0.10182872849493775,0.32632850372596844,2,1
"high_cancel, hub_Large","many_runways, tz_Eastern",0.2500278924467254,0.2763583621555283,0.07609059466696419,0.30432842481035255,1.1012093950646709,1.0,0.006993295817188577,1.0402058437520598,0.12254788190569611,0.16897918731417244,0.0386518149206275,0.2898307445004528,2,2
high_cancel,"hub_Large, many_runways, tz_Eastern",0.2500278924467254,0.2763583621555283,0.07609059466696419,0.30432842481035255,1.1012093950646709,1.0,0.006993295817188577,1.0402058437520598,0.12254788190569611,0.16897918731417244,0.0386518149206275,0.2898307445004528,1,3
high_cancel,"many_runways, tz_Eastern",0.2500278924467254,0.2763583621555283,0.07609059466696419,0.30432842481035255,1.1012093950646709,1.0,0.006993295817188577,1.0402058437520598,0.12254788190569611,0.16897918731417244,0.0386518149206275,0.2898307445004528,1,2
"hub_Large, is_spring, region_South",late_aircraft_dominant,0.10587972776971996,0.5411134664732791,0.06292535981256275,0.5943097997892518,1.0983090176311472,1.0,0.005632413289842479,1.1311255073165145,0.1001089405596942,0.10773638968481374,0.1159248080503437,0.3552992297915331,3,1
"is_spring, region_South","hub_Large, late_aircraft_dominant",0.10587972776971996,0.5411134664732791,0.06292535981256275,0.5943097997892518,1.0983090176311472,1.0,0.005632413289842479,1.1311255073165145,0.1001089405596942,0.10773638968481374,0.1159248080503437,0.3552992297915331,2,2
"is_spring, region_South",late_aircraft_dominant,0.10587972776971996,0.5411134664732791,0.06292535981256275,0.5943097997892518,1.0983090176311472,1.0,0.005632413289842479,1.1311255073165145,0.1001089405596942,0.10773638968481374,0.1159248080503437,0.3552992297915331,2,1
"hub_Large, many_runways, northern, region_Midwest",late_aircraft_dominant,0.13879281490572354,0.5411134664732791,0.08233850273345977,0.5932475884244373,1.0963460072264393,1.0,0.007235841538239515,1.1281716357850609,0.10204187674730729,0.13778939507094842,0.11361004985369094,0.37270626843902277,4,1
"many_runways, northern, region_Midwest","hub_Large, late_aircraft_dominant",0.13879281490572354,0.5411134664732791,0.08233850273345977,0.5932475884244373,1.0963460072264393,1.0,0.007235841538239515,1.1281716357850609,0.10204187674730729,0.13778939507094842,0.11361004985369094,0.37270626843902277,3,2
"hub_Large, region_Midwest",late_aircraft_dominant,0.13879281490572354,0.5411134664732791,0.08233850273345977,0.5932475884244373,1.0963460072264393,1.0,0.007235841538239515,1.1281716357850609,0.10204187674730729,0.13778939507094842,0.11361004985369094,0.37270626843902277,2,1
region_Midwest,"hub_Large, late_aircraft_dominant",0.13879281490572354,0.5411134664732791,0.08233850273345977,0.5932475884244373,1.0963460072264393,1.0,0.007235841538239515,1.1281716357850609,0.10204187674730729,0.13778939507094842,0.11361004985369094,0.37270626843902277,1,2
"hub_Large, many_runways, region_Midwest",late_aircraft_dominant,0.13879281490572354,0.5411134664732791,0.08233850273345977,0.5932475884244373,1.0963460072264393,1.0,0.007235841538239515,1.1281716357850609,0.10204187674730729,0.13778939507094842,0.11361004985369094,0.37270626843902277,3,1
"many_runways, region_Midwest","hub_Large, late_aircraft_dominant",0.13879281490572354,0.5411134664732791,0.08233850273345977,0.5932475884244373,1.0963460072264393,1.0,0.007235841538239515,1.1281716357850609,0.10204187674730729,0.13778939507094842,0.11361004985369094,0.37270626843902277,2,2
region_Midwest,late_aircraft_dominant,0.13879281490572354,0.5411134664732791,0.08233850273345977,0.5932475884244373,1.0963460072264393,1.0,0.007235841538239515,1.1281716357850609,0.10204187674730729,0.13778939507094842,0.11361004985369094,0.37270626843902277,1,1
"northern, region_Midwest",late_aircraft_dominant,0.13879281490572354,0.5411134664732791,0.08233850273345977,0.5932475884244373,1.0963460072264393,1.0,0.007235841538239515,1.1281716357850609,0.10204187674730729,0.13778939507094842,0.11361004985369094,0.37270626843902277,2,1
"many_runways, region_Midwest",late_aircraft_dominant,0.13879281490572354,0.5411134664732791,0.08233850273345977,0.5932475884244373,1.0963460072264393,1.0,0.007235841538239515,1.1281716357850609,0.10204187674730729,0.13778939507094842,0.11361004985369094,0.37270626843902277,2,1
"hub_Large, northern, region_Midwest",late_aircraft_dominant,0.13879281490572354,0.5411134664732791,0.08233850273345977,0.5932475884244373,1.0963460072264393,1.0,0.007235841538239515,1.1281716357850609,0.10204187674730729,0.13778939507094842,0.11361004985369094,0.37270626843902277,3,1
"northern, region_Midwest","hub_Large, late_aircraft_dominant",0.13879281490572354,0.5411134664732791,0.08233850273345977,0.5932475884244373,1.0963460072264393,1.0,0.007235841538239515,1.1281716357850609,0.10204187674730729,0.13778939507094842,0.11361004985369094,0.37270626843902277,2,2
"many_runways, northern, region_Midwest",late_aircraft_dominant,0.13879281490572354,0.5411134664732791,0.08233850273345977,0.5932475884244373,1.0963460072264393,1.0,0.007235841538239515,1.1281716357850609,0.10204187674730729,0.13778939507094842,0.11361004985369094,0.37270626843902277,3,1
"hub_Large, many_runways, region_South, tz_Eastern",late_aircraft_dominant,0.13243333705232624,0.5411134664732791,0.07843356019190004,0.5922493681550126,1.09450125500482,1.0,0.00677209810289163,1.1254097423475573,0.09952185372506993,0.13179602549681288,0.11143474028042251,0.36859891088163,4,1
"many_runways, region_South, tz_Eastern","hub_Large, late_aircraft_dominant",0.13243333705232624,0.5411134664732791,0.07843356019190004,0.5922493681550126,1.09450125500482,1.0,0.00677209810289163,1.1254097423475573,0.09952185372506993,0.13179602549681288,0.11143474028042251,0.36859891088163,3,2
"many_runways, region_South, tz_Eastern",late_aircraft_dominant,0.13243333705232624,0.5411134664732791,0.07843356019190004,0.5922493681550126,1.09450125500482,1.0,0.00677209810289163,1.1254097423475573,0.09952185372506993,0.13179602549681288,0.11143474028042251,0.36859891088163,3,1
region_Midwest,carrier_dominant,0.13879281490572354,0.37096954144817584,0.05623117259846034,0.40514469453376206,1.092123878828905,1.0,0.004743265696582531,1.0574512032952286,0.09794734493529667,0.12398523985239854,0.05432988597128579,0.2783618209510916,1,1
"hub_Large, many_runways, region_Midwest",carrier_dominant,0.13879281490572354,0.37096954144817584,0.05623117259846034,0.40514469453376206,1.092123878828905,1.0,0.004743265696582531,1.0574512032952286,0.09794734493529667,0.12398523985239854,0.05432988597128579,0.2783618209510916,3,1
"many_runways, region_Midwest","carrier_dominant, hub_Large",0.13879281490572354,0.37096954144817584,0.05623117259846034,0.40514469453376206,1.092123878828905,1.0,0.004743265696582531,1.0574512032952286,0.09794734493529667,0.12398523985239854,0.05432988597128579,0.2783618209510916,2,2
"hub_Large, many_runways, northern, region_Midwest",carrier_dominant,0.13879281490572354,0.37096954144817584,0.05623117259846034,0.40514469453376206,1.092123878828905,1.0,0.004743265696582531,1.0574512032952286,0.09794734493529667,0.12398523985239854,0.05432988597128579,0.2783618209510916,4,1
"many_runways, northern, region_Midwest","carrier_dominant, hub_Large",0.13879281490572354,0.37096954144817584,0.05623117259846034,0.40514469453376206,1.092123878828905,1.0,0.004743265696582531,1.0574512032952286,0.09794734493529667,0.12398523985239854,0.05432988597128579,0.2783618209510916,3,2
"hub_Large, northern, region_Midwest",carrier_dominant,0.13879281490572354,0.37096954144817584,0.05623117259846034,0.40514469453376206,1.092123878828905,1.0,0.004743265696582531,1.0574512032952286,0.09794734493529667,0.12398523985239854,0.05432988597128579,0.2783618209510916,3,1
"northern, region_Midwest","carrier_dominant, hub_Large",0.13879281490572354,0.37096954144817584,0.05623117259846034,0.40514469453376206,1.092123878828905,1.0,0.004743265696582531,1.0574512032952286,0.09794734493529667,0.12398523985239854,0.05432988597128579,0.2783618209510916,2,2
"hub_Large, region_Midwest",carrier_dominant,0.13879281490572354,0.37096954144817584,0.05623117259846034,0.40514469453376206,1.092123878828905,1.0,0.004743265696582531,1.0574512032952286,0.09794734493529667,0.12398523985239854,0.05432988597128579,0.2783618209510916,2,1
region_Midwest,"carrier_dominant, hub_Large",0.13879281490572354,0.37096954144817584,0.05623117259846034,0.40514469453376206,1.092123878828905,1.0,0.004743265696582531,1.0574512032952286,0.09794734493529667,0.12398523985239854,0.05432988597128579,0.2783618209510916,1,2
"many_runways, northern, region_Midwest",carrier_dominant,0.13879281490572354,0.37096954144817584,0.05623117259846034,0.40514469453376206,1.092123878828905,1.0,0.004743265696582531,1.0574512032952286,0.09794734493529667,0.12398523985239854,0.05432988597128579,0.2783618209510916,3,1
"northern, region_Midwest",carrier_dominant,0.13879281490572354,0.37096954144817584,0.05623117259846034,0.40514469453376206,1.092123878828905,1.0,0.004743265696582531,1.0574512032952286,0.09794734493529667,0.12398523985239854,0.05432988597128579,0.2783618209510916,2,1
"many_runways, region_Midwest",carrier_dominant,0.13879281490572354,0.37096954144817584,0.05623117259846034,0.40514469453376206,1.092123878828905,1.0,0.004743265696582531,1.0574512032952286,0.09794734493529667,0.12398523985239854,0.05432988597128579,0.2783618209510916,2,1
"carrier_dominant, many_runways",northern,0.24880062479080664,0.5009483431886645,0.13589200044627914,0.5461883408071748,1.0903087079409148,1.0,0.011255739673019974,1.099688927558575,0.1102617624586106,0.22137404580152667,0.09065193352441485,0.4087289142788658,2,1
"carrier_dominant, hub_Large, many_runways",northern,0.24880062479080664,0.5009483431886645,0.13589200044627914,0.5461883408071748,1.0903087079409148,1.0,0.011255739673019974,1.099688927558575,0.1102617624586106,0.22137404580152667,0.09065193352441485,0.4087289142788658,3,1
"carrier_dominant, many_runways","hub_Large, northern",0.24880062479080664,0.5009483431886645,0.13589200044627914,0.5461883408071748,1.0903087079409148,1.0,0.011255739673019974,1.099688927558575,0.1102617624586106,0.22137404580152667,0.09065193352441485,0.4087289142788658,2,2
"is_summer, late_aircraft_dominant","region_South, tz_Eastern",0.15921008590873592,0.2906392948789468,0.05042954367957157,0.31674842326559216,1.0898334425065268,1.0,0.004156836573440022,1.038213052520762,0.09803709157694974,0.12625698324022347,0.036806561454781755,0.24513044963663483,2,2
"hub_Large, is_summer, late_aircraft_dominant","region_South, tz_Eastern",0.15921008590873592,0.2906392948789468,0.05042954367957157,0.31674842326559216,1.0898334425065268,1.0,0.004156836573440022,1.038213052520762,0.09803709157694974,0.12625698324022347,0.036806561454781755,0.24513044963663483,3,2
"is_summer, late_aircraft_dominant","hub_Large, region_South, tz_Eastern",0.15921008590873592,0.2906392948789468,0.05042954367957157,0.31674842326559216,1.0898334425065268,1.0,0.004156836573440022,1.038213052520762,0.09803709157694974,0.12625698324022347,0.036806561454781755,0.24513044963663483,2,3
"carrier_dominant, hub_Large, late_aircraft_dominant",many_runways,0.11960281155862992,0.6392948789467812,0.08323106102867343,0.6958955223880597,1.0885360501159127,1.0,0.006769596091604435,1.1861223612547567,0.0923844077975282,0.12318361955085864,0.15691666166538193,0.4130437472324243,3,1
"carrier_dominant, late_aircraft_dominant","hub_Large, many_runways",0.11960281155862992,0.6392948789467812,0.08323106102867343,0.6958955223880597,1.0885360501159127,1.0,0.006769596091604435,1.1861223612547567,0.0923844077975282,0.12318361955085864,0.15691666166538193,0.4130437472324243,2,2
"carrier_dominant, late_aircraft_dominant",many_runways,0.11960281155862992,0.6392948789467812,0.08323106102867343,0.6958955223880597,1.0885360501159127,1.0,0.006769596091604435,1.1861223612547567,0.0923844077975282,0.12318361955085864,0.15691666166538193,0.4130437472324243,2,1
"hub_Large, nas_dominant",tz_Eastern,0.21521811893339285,0.4990516568113355,0.11670199709918554,0.5422498703991705,1.0865606054969295,1.0,0.009297038269656777,1.094370729344206,0.10151199500269364,0.19529499626587002,0.08623287046498106,0.388048700010674,2,1
nas_dominant,"hub_Large, tz_Eastern",0.21521811893339285,0.4990516568113355,0.11670199709918554,0.5422498703991705,1.0865606054969295,1.0,0.009297038269656777,1.094370729344206,0.10151199500269364,0.19529499626587002,0.08623287046498106,0.388048700010674,1,2
nas_dominant,tz_Eastern,0.21521811893339285,0.4990516568113355,0.11670199709918554,0.5422498703991705,1.0865606054969295,1.0,0.009297038269656777,1.094370729344206,0.10151199500269364,0.19529499626587002,0.08623287046498106,0.388048700010674,1,1
"nas_dominant, tz_Eastern",region_South,0.11670199709918554,0.4436014727211871,0.05623117259846034,0.48183556405353734,1.0861901812404062,1.0,0.00446199481575793,1.0737875637152,0.08983481397274509,0.11155378486055778,0.06871709657346202,0.3042980637169095,2,1
"hub_Large, nas_dominant, tz_Eastern",region_South,0.11670199709918554,0.4436014727211871,0.05623117259846034,0.48183556405353734,1.0861901812404062,1.0,0.00446199481575793,1.0737875637152,0.08983481397274509,0.11155378486055778,0.06871709657346202,0.3042980637169095,3,1
"nas_dominant, tz_Eastern","hub_Large, region_South",0.11670199709918554,0.4436014727211871,0.05623117259846034,0.48183556405353734,1.0861901812404062,1.0,0.00446199481575793,1.0737875637152,0.08983481397274509,0.11155378486055778,0.06871709657346202,0.3042980637169095,2,2
"many_runways, northern",carrier_dominant,0.33794488452527055,0.37096954144817584,0.13589200044627914,0.4021129085506768,1.083951277996907,1.0,0.01052474159918279,1.0520890441487991,0.11698317507912706,0.2371495327102804,0.0495101098509606,0.38421434901218043,2,1
"hub_Large, many_runways, northern",carrier_dominant,0.33794488452527055,0.37096954144817584,0.13589200044627914,0.4021129085506768,1.083951277996907,1.0,0.01052474159918279,1.0520890441487991,0.11698317507912706,0.2371495327102804,0.0495101098509606,0.38421434901218043,3,1
"many_runways, northern","carrier_dominant, hub_Large",0.33794488452527055,0.37096954144817584,0.13589200044627914,0.4021129085506768,1.083951277996907,1.0,0.01052474159918279,1.0520890441487991,0.11698317507912706,0.2371495327102804,0.0495101098509606,0.38421434901218043,2,2
carrier_dominant,"many_runways, northern",0.37096954144817584,0.33794488452527055,0.13589200044627914,0.36631578947368415,1.083951277996907,1.0,0.01052474159918279,1.0447713616295562,0.12312489551605887,0.2371495327102804,0.04285278413424859,0.38421434901218043,1,2
"carrier_dominant, hub_Large","many_runways, northern",0.37096954144817584,0.33794488452527055,0.13589200044627914,0.36631578947368415,1.083951277996907,1.0,0.01052474159918279,1.0447713616295562,0.12312489551605887,0.2371495327102804,0.04285278413424859,0.38421434901218043,2,2
carrier_dominant,"hub_Large, many_runways, northern",0.37096954144817584,0.33794488452527055,0.13589200044627914,0.36631578947368415,1.083951277996907,1.0,0.01052474159918279,1.0447713616295562,0.12312489551605887,0.2371495327102804,0.04285278413424859,0.38421434901218043,1,3
"is_fall, late_aircraft_dominant",region_South,0.11949124177172822,0.4436014727211871,0.057346870467477405,0.4799253034547152,1.081883927279832,1.0,0.004340379640255333,1.069843487819764,0.08595760667848629,0.11339069049194794,0.0652838369489898,0.3046004786891282,2,1
"hub_Large, is_fall, late_aircraft_dominant",region_South,0.11949124177172822,0.4436014727211871,0.057346870467477405,0.4799253034547152,1.081883927279832,1.0,0.004340379640255333,1.069843487819764,0.08595760667848629,0.11339069049194794,0.0652838369489898,0.3046004786891282,3,1
"is_fall, late_aircraft_dominant","hub_Large, region_South",0.11949124177172822,0.4436014727211871,0.057346870467477405,0.4799253034547152,1.081883927279832,1.0,0.004340379640255333,1.069843487819764,0.08595760667848629,0.11339069049194794,0.0652838369489898,0.3046004786891282,2,2
high_delay,"northern, tz_Eastern",0.2500278924467254,0.3144036594890104,0.08490460783219904,0.33958054439982155,1.0800782184015616,1.0,0.0062949234726238645,1.0381225669494107,0.09885851506086857,0.177059097254537,0.036722606908966705,0.30481511251218896,1,2
"high_delay, hub_Large","northern, tz_Eastern",0.2500278924467254,0.3144036594890104,0.08490460783219904,0.33958054439982155,1.0800782184015616,1.0,0.0062949234726238645,1.0381225669494107,0.09885851506086857,0.177059097254537,0.036722606908966705,0.30481511251218896,2,2
high_delay,"hub_Large, northern, tz_Eastern",0.2500278924467254,0.3144036594890104,0.08490460783219904,0.33958054439982155,1.0800782184015616,1.0,0.0062949234726238645,1.0381225669494107,0.09885851506086857,0.177059097254537,0.036722606908966705,0.30481511251218896,1,3
"hub_Large, is_summer, northern","late_aircraft_dominant, many_runways",0.14046636170924914,0.35244895682249244,0.05344192792591766,0.38046068308181097,1.079477398690178,1.0,0.0039347052728419055,1.0452137991801052,0.08565785851017939,0.12160446813912161,0.04325794322230736,0.2660454729115924,3,2
"is_summer, northern","hub_Large, late_aircraft_dominant, many_runways",0.14046636170924914,0.35244895682249244,0.05344192792591766,0.38046068308181097,1.079477398690178,1.0,0.0039347052728419055,1.0452137991801052,0.08565785851017939,0.12160446813912161,0.04325794322230736,0.2660454729115924,2,3
"is_summer, northern","late_aircraft_dominant, many_runways",0.14046636170924914,0.35244895682249244,0.05344192792591766,0.38046068308181097,1.079477398690178,1.0,0.0039347052728419055,1.0452137991801052,0.08565785851017939,0.12160446813912161,0.04325794322230736,0.2660454729115924,2,2
"hub_Large, tz_Pacific",carrier_dominant,0.155751422514783,0.37096954144817584,0.06225594109115252,0.39971346704871064,1.0774832496714566,1.0,0.004476907300942377,1.0478836755827523,0.08517790652015234,0.1340379533989911,0.0456956021918399,0.28376650796044556,2,1
tz_Pacific,"carrier_dominant, hub_Large",0.155751422514783,0.37096954144817584,0.06225594109115252,0.39971346704871064,1.0774832496714566,1.0,0.004476907300942377,1.0478836755827523,0.08517790652015234,0.1340379533989911,0.0456956021918399,0.28376650796044556,1,2
"region_West, tz_Pacific",carrier_dominant,0.155751422514783,0.37096954144817584,0.06225594109115252,0.39971346704871064,1.0774832496714566,1.0,0.004476907300942377,1.0478836755827523,0.08517790652015234,0.1340379533989911,0.0456956021918399,0.28376650796044556,2,1
tz_Pacific,carrier_dominant,0.155751422514783,0.37096954144817584,0.06225594109115252,0.39971346704871064,1.0774832496714566,1.0,0.004476907300942377,1.0478836755827523,0.08517790652015234,0.1340379533989911,0.0456956021918399,0.28376650796044556,1,1
"hub_Large, region_West, tz_Pacific",carrier_dominant,0.155751422514783,0.37096954144817584,0.06225594109115252,0.39971346704871064,1.0774832496714566,1.0,0.004476907300942377,1.0478836755827523,0.08517790652015234,0.1340379533989911,0.0456956021918399,0.28376650796044556,3,1
"region_West, tz_Pacific","carrier_dominant, hub_Large",0.155751422514783,0.37096954144817584,0.06225594109115252,0.39971346704871064,1.0774832496714566,1.0,0.004476907300942377,1.0478836755827523,0.08517790652015234,0.1340379533989911,0.0456956021918399,0.28376650796044556,2,2
"hub_Large, nas_dominant",northern,0.21521811893339285,0.5009483431886645,0.11592100859087359,0.5386210471747019,1.0752027718990764,1.0,0.008107848487009489,1.0816524112236698,0.08912396628174482,0.19312267657992566,0.07548858614505996,0.3850120826073955,2,1
nas_dominant,"hub_Large, northern",0.21521811893339285,0.5009483431886645,0.11592100859087359,0.5386210471747019,1.0752027718990764,1.0,0.008107848487009489,1.0816524112236698,0.08912396628174482,0.19312267657992566,0.07548858614505996,0.3850120826073955,1,2
nas_dominant,northern,0.21521811893339285,0.5009483431886645,0.11592100859087359,0.5386210471747019,1.0752027718990764,1.0,0.008107848487009489,1.0816524112236698,0.08912396628174482,0.19312267657992566,0.07548858614505996,0.3850120826073955,1,1
"high_cancel, hub_Large, tz_Eastern",late_aircraft_dominant,0.15363159656365055,0.5411134664732791,0.08936739930826731,0.5816993464052288,1.0750043797587763,1.0,0.0062352735318860625,1.0970256192123173,0.08243600719243316,0.14762255805381494,0.0884442601094251,0.3734269927902433,3,1
"high_cancel, tz_Eastern","hub_Large, late_aircraft_dominant",0.15363159656365055,0.5411134664732791,0.08936739930826731,0.5816993464052288,1.0750043797587763,1.0,0.0062352735318860625,1.0970256192123173,0.08243600719243316,0.14762255805381494,0.0884442601094251,0.3734269927902433,2,2
"high_cancel, tz_Eastern",late_aircraft_dominant,0.15363159656365055,0.5411134664732791,0.08936739930826731,0.5816993464052288,1.0750043797587763,1.0,0.0062352735318860625,1.0970256192123173,0.08243600719243316,0.14762255805381494,0.0884442601094251,0.3734269927902433,2,1
"hub_Large, late_aircraft_dominant, many_runways",northern,0.35244895682249244,0.5009483431886645,0.18978020751980365,0.5384615384615385,1.0748843584032894,1.0,0.013221486541002886,1.0812785897578936,0.10758590134882351,0.2859784801613988,0.07516896249290626,0.45865170464279603,3,1
"late_aircraft_dominant, many_runways","hub_Large, northern",0.35244895682249244,0.5009483431886645,0.18978020751980365,0.5384615384615385,1.0748843584032894,1.0,0.013221486541002886,1.0812785897578936,0.10758590134882351,0.2859784801613988,0.07516896249290626,0.45865170464279603,2,2
"late_aircraft_dominant, many_runways",northern,0.35244895682249244,0.5009483431886645,0.18978020751980365,0.5384615384615385,1.0748843584032894,1.0,0.013221486541002886,1.0812785897578936,0.10758590134882351,0.2859784801613988,0.07516896249290626,0.45865170464279603,2,1
"hub_Large, northern","late_aircraft_dominant, many_runways",0.5009483431886645,0.35244895682249244,0.18978020751980365,0.37884187082405346,1.0748843584032894,1.0,0.013221486541002886,1.0424898472093973,0.13959950177254007,0.2859784801613988,0.04075804414128039,0.45865170464279603,2,2
northern,"hub_Large, late_aircraft_dominant, many_runways",0.5009483431886645,0.35244895682249244,0.18978020751980365,0.37884187082405346,1.0748843584032894,1.0,0.013221486541002886,1.0424898472093973,0.13959950177254007,0.2859784801613988,0.04075804414128039,0.45865170464279603,1,3
northern,"late_aircraft_dominant, many_runways",0.5009483431886645,0.35244895682249244,0.18978020751980365,0.37884187082405346,1.0748843584032894,1.0,0.013221486541002886,1.0424898472093973,0.13959950177254007,0.2859784801613988,0.04075804414128039,0.45865170464279603,1,2
"many_runways, northern, tz_Eastern",late_aircraft_dominant,0.18208189222358584,0.5411134664732791,0.10576815798281826,0.5808823529411765,1.0734945421467557,1.0,0.007241194099699727,1.0948871677128782,0.0837038482324929,0.17130466208890496,0.08666387780495133,0.38817313523347485,3,1
"hub_Large, many_runways, northern, tz_Eastern",late_aircraft_dominant,0.18208189222358584,0.5411134664732791,0.10576815798281826,0.5808823529411765,1.0734945421467557,1.0,0.007241194099699727,1.0948871677128782,0.0837038482324929,0.17130466208890496,0.08666387780495133,0.38817313523347485,4,1
"many_runways, northern, tz_Eastern","hub_Large, late_aircraft_dominant",0.18208189222358584,0.5411134664732791,0.10576815798281826,0.5808823529411765,1.0734945421467557,1.0,0.007241194099699727,1.0948871677128782,0.0837038482324929,0.17130466208890496,0.08666387780495133,0.38817313523347485,3,2
high_cancel,northern,0.2500278924467254,0.5009483431886645,0.13444159321655696,0.5377063810798751,1.07337690281045,1.0,0.009190534744416251,1.0795123194152538,0.09115112203565182,0.21806007962359758,0.07365577769258225,0.4030402729452828,1,1
"high_cancel, hub_Large",northern,0.2500278924467254,0.5009483431886645,0.13444159321655696,0.5377063810798751,1.07337690281045,1.0,0.009190534744416251,1.0795123194152538,0.09115112203565182,0.21806007962359758,0.07365577769258225,0.4030402729452828,2,1
high_cancel,"hub_Large, northern",0.2500278924467254,0.5009483431886645,0.13444159321655696,0.5377063810798751,1.07337690281045,1.0,0.009190534744416251,1.0795123194152538,0.09115112203565182,0.21806007962359758,0.07365577769258225,0.4030402729452828,1,2
high_cancel,late_aircraft_dominant,0.2500278924467254,0.5411134664732791,0.14504072297221912,0.5800981704596163,1.0720453405834105,1.0,0.009747263375363358,1.0928424246900976,0.08960817522257579,0.22448627180107064,0.08495499679784603,0.4240697037865092,1,1
"high_cancel, hub_Large",late_aircraft_dominant,0.2500278924467254,0.5411134664732791,0.14504072297221912,0.5800981704596163,1.0720453405834105,1.0,0.009747263375363358,1.0928424246900976,0.08960817522257579,0.22448627180107064,0.08495499679784603,0.4240697037865092,2,1
high_cancel,"hub_Large, late_aircraft_dominant",0.2500278924467254,0.5411134664732791,0.14504072297221912,0.5800981704596163,1.0720453405834105,1.0,0.009747263375363358,1.0928424246900976,0.08960817522257579,0.22448627180107064,0.08495499679784603,0.4240697037865092,1,2
"high_delay, many_runways",late_aircraft_dominant,0.1555282829409796,0.5411134664732791,0.09014838781657927,0.5796269727403156,1.071174547767309,1.0,0.005989939499748853,1.0916174534748275,0.0786827196393836,0.14863870493009565,0.08392816841027194,0.37311245544232274,2,1
"high_delay, hub_Large, many_runways",late_aircraft_dominant,0.1555282829409796,0.5411134664732791,0.09014838781657927,0.5796269727403156,1.071174547767309,1.0,0.005989939499748853,1.0916174534748275,0.0786827196393836,0.14863870493009565,0.08392816841027194,0.37311245544232274,3,1
"high_delay, many_runways","hub_Large, late_aircraft_dominant",0.1555282829409796,0.5411134664732791,0.09014838781657927,0.5796269727403156,1.071174547767309,1.0,0.005989939499748853,1.0916174534748275,0.0786827196393836,0.14863870493009565,0.08392816841027194,0.37311245544232274,2,2
"high_delay, tz_Eastern",late_aircraft_dominant,0.1303135111011938,0.5411134664732791,0.07553274573245565,0.5796232876712328,1.0711677376076825,1.0,0.005018350012184536,1.0916078842346435,0.07639465134545384,0.12675528927167196,0.08392013795216621,0.3596054582686061,2,1
"high_delay, hub_Large, tz_Eastern",late_aircraft_dominant,0.1303135111011938,0.5411134664732791,0.07553274573245565,0.5796232876712328,1.0711677376076825,1.0,0.005018350012184536,1.0916078842346435,0.07639465134545384,0.12675528927167196,0.08392013795216621,0.3596054582686061,3,1
"high_delay, tz_Eastern","hub_Large, late_aircraft_dominant",0.1303135111011938,0.5411134664732791,0.07553274573245565,0.5796232876712328,1.0711677376076825,1.0,0.005018350012184536,1.0916078842346435,0.07639465134545384,0.12675528927167196,0.08392013795216621,0.3596054582686061,2,2
"high_cancel, hub_Large","late_aircraft_dominant, many_runways",0.2500278924467254,0.35244895682249244,0.09438803971884414,0.3775100401606426,1.0711055682050776,1.0,0.0062659698494694355,1.0402594177496736,0.08851690542961531,0.18577075098814233,0.03870132494139212,0.3226581539834552,2,2
high_cancel,"hub_Large, late_aircraft_dominant, many_runways",0.2500278924467254,0.35244895682249244,0.09438803971884414,0.3775100401606426,1.0711055682050776,1.0,0.0062659698494694355,1.0402594177496736,0.08851690542961531,0.18577075098814233,0.03870132494139212,0.3226581539834552,1,3
high_cancel,"late_aircraft_dominant, many_runways",0.2500278924467254,0.35244895682249244,0.09438803971884414,0.3775100401606426,1.0711055682050776,1.0,0.0062659698494694355,1.0402594177496736,0.08851690542961531,0.18577075098814233,0.03870132494139212,0.3226581539834552,1,2
"hub_Large, is_spring, tz_Eastern",late_aircraft_dominant,0.12004909070623675,0.5411134664732791,0.06939640745286177,0.5780669144981413,1.0682914958034722,1.0,0.004436227833844897,1.0875812997241228,0.07264712129569731,0.11726998491704375,0.08052850830217363,0.3531571685892768,3,1
"is_spring, tz_Eastern","hub_Large, late_aircraft_dominant",0.12004909070623675,0.5411134664732791,0.06939640745286177,0.5780669144981413,1.0682914958034722,1.0,0.004436227833844897,1.0875812997241228,0.07264712129569731,0.11726998491704375,0.08052850830217363,0.3531571685892768,2,2
"is_spring, tz_Eastern",late_aircraft_dominant,0.12004909070623675,0.5411134664732791,0.06939640745286177,0.5780669144981413,1.0682914958034722,1.0,0.004436227833844897,1.0875812997241228,0.07264712129569731,0.11726998491704375,0.08052850830217363,0.3531571685892768,2,1
"carrier_dominant, is_winter",many_runways,0.09561530737476291,0.6392948789467812,0.0652683253374986,0.6826137689614935,1.0677604208031182,1.0,0.004141948983890274,1.1364863556713547,0.07016961162038887,0.09746751082972344,0.12009502357001753,0.39235400489959493,2,1
"carrier_dominant, hub_Large, is_winter",many_runways,0.09561530737476291,0.6392948789467812,0.0652683253374986,0.6826137689614935,1.0677604208031182,1.0,0.004141948983890274,1.1364863556713547,0.07016961162038887,0.09746751082972344,0.12009502357001753,0.39235400489959493,3,1
"carrier_dominant, is_winter","hub_Large, many_runways",0.09561530737476291,0.6392948789467812,0.0652683253374986,0.6826137689614935,1.0677604208031182,1.0,0.004141948983890274,1.1364863556713547,0.07016961162038887,0.09746751082972344,0.12009502357001753,0.39235400489959493,2,2
"high_delay, hub_Large, late_aircraft_dominant",region_South,0.14381345531630035,0.4436014727211871,0.06794600022313957,0.47245927075252125,1.0650534315278792,1.0,0.004150139647706094,1.0547025024446908,0.07133955826360973,0.13079896907216496,0.05186533863141126,0.31281414241851413,3,1
"high_delay, late_aircraft_dominant","hub_Large, region_South",0.14381345531630035,0.4436014727211871,0.06794600022313957,0.47245927075252125,1.0650534315278792,1.0,0.004150139647706094,1.0547025024446908,0.07133955826360973,0.13079896907216496,0.05186533863141126,0.31281414241851413,2,2
"high_delay, late_aircraft_dominant",region_South,0.14381345531630035,0.4436014727211871,0.06794600022313957,0.47245927075252125,1.0650534315278792,1.0,0.004150139647706094,1.0547025024446908,0.07133955826360973,0.13079896907216496,0.05186533863141126,0.31281414241851413,2,1
"hub_Large, is_spring, late_aircraft_dominant",region_South,0.13321432556063817,0.4436014727211871,0.06292535981256275,0.4723618090452261,1.064833725973934,1.0,0.003831288806303984,1.0545076850331787,0.07024371273720162,0.12244897959183673,0.05169017334516978,0.30710645784253254,3,1
"is_spring, late_aircraft_dominant","hub_Large, region_South",0.13321432556063817,0.4436014727211871,0.06292535981256275,0.4723618090452261,1.064833725973934,1.0,0.003831288806303984,1.0545076850331787,0.07024371273720162,0.12244897959183673,0.05169017334516978,0.30710645784253254,2,2
"is_spring, late_aircraft_dominant",region_South,0.13321432556063817,0.4436014727211871,0.06292535981256275,0.4723618090452261,1.064833725973934,1.0,0.003831288806303984,1.0545076850331787,0.07024371273720162,0.12244897959183673,0.05169017334516978,0.30710645784253254,2,1
"hub_Large, is_winter",carrier_dominant,0.24210643757670422,0.37096954144817584,0.09561530737476291,0.39493087557603684,1.0645911091091784,1.0,0.005801193245281541,1.0396009863346978,0.08005375153673365,0.18477792151789563,0.03809248630507594,0.3263376182391462,2,1
is_winter,"carrier_dominant, hub_Large",0.24210643757670422,0.37096954144817584,0.09561530737476291,0.39493087557603684,1.0645911091091784,1.0,0.005801193245281541,1.0396009863346978,0.08005375153673365,0.18477792151789563,0.03809248630507594,0.3263376182391462,1,2
is_winter,carrier_dominant,0.24210643757670422,0.37096954144817584,0.09561530737476291,0.39493087557603684,1.0645911091091784,1.0,0.005801193245281541,1.0396009863346978,0.08005375153673365,0.18477792151789563,0.03809248630507594,0.3263376182391462,1,1
"high_cancel, late_aircraft_dominant, many_runways",northern,0.09438803971884414,0.5009483431886645,0.050317973892669864,0.5330969267139479,1.064175446355705,1.0,0.0030344417786890288,1.0688549409174424,0.06659068987455347,0.09232343909928352,0.06441935035482114,0.31677118050619446,3,1
"high_cancel, hub_Large, late_aircraft_dominant, many_runways",northern,0.09438803971884414,0.5009483431886645,0.050317973892669864,0.5330969267139479,1.064175446355705,1.0,0.0030344417786890288,1.0688549409174424,0.06659068987455347,0.09232343909928352,0.06441935035482114,0.31677118050619446,4,1
"high_cancel, late_aircraft_dominant, many_runways","hub_Large, northern",0.09438803971884414,0.5009483431886645,0.050317973892669864,0.5330969267139479,1.064175446355705,1.0,0.0030344417786890288,1.0688549409174424,0.06659068987455347,0.09232343909928352,0.06441935035482114,0.31677118050619446,3,2
high_delay,late_aircraft_dominant,0.2500278924467254,0.5411134664732791,0.14381345531630035,0.5751896474788042,1.0629741877015508,1.0,0.00851999571944459,1.080215043732544,0.07899411609783116,0.22216477076870048,0.0742584027115297,0.42048142167754643,1,1
"high_delay, hub_Large",late_aircraft_dominant,0.2500278924467254,0.5411134664732791,0.14381345531630035,0.5751896474788042,1.0629741877015508,1.0,0.00851999571944459,1.080215043732544,0.07899411609783116,0.22216477076870048,0.0742584027115297,0.42048142167754643,2,1
high_delay,"hub_Large, late_aircraft_dominant",0.2500278924467254,0.5411134664732791,0.14381345531630035,0.5751896474788042,1.0629741877015508,1.0,0.00851999571944459,1.080215043732544,0.07899411609783116,0.22216477076870048,0.0742584027115297,0.42048142167754643,1,2
"hub_Large, is_summer, many_runways",late_aircraft_dominant,0.17895793819033806,0.5411134664732791,0.10286734352337387,0.5748129675810474,1.0622780677173047,1.0,0.006030793236289231,1.0792580641889449,0.0714054742536401,0.16666666666666666,0.07343754642084305,0.38245803018227625,3,1
"is_summer, many_runways","hub_Large, late_aircraft_dominant",0.17895793819033806,0.5411134664732791,0.10286734352337387,0.5748129675810474,1.0622780677173047,1.0,0.006030793236289231,1.0792580641889449,0.0714054742536401,0.16666666666666666,0.07343754642084305,0.38245803018227625,2,2
"is_summer, many_runways",late_aircraft_dominant,0.17895793819033806,0.5411134664732791,0.10286734352337387,0.5748129675810474,1.0622780677173047,1.0,0.006030793236289231,1.0792580641889449,0.0714054742536401,0.16666666666666666,0.07343754642084305,0.38245803018227625,2,1
"many_runways, northern, tz_Eastern",carrier_dominant,0.18208189222358584,0.37096954144817584,0.07173937297779762,0.39399509803921573,1.0620685905941325,1.0,0.004192536913597805,1.0379956606234348,0.07145119481322329,0.14904960593416786,0.0366048357086716,0.29368927834291614,3,1
"hub_Large, many_runways, northern, tz_Eastern",carrier_dominant,0.18208189222358584,0.37096954144817584,0.07173937297779762,0.39399509803921573,1.0620685905941325,1.0,0.004192536913597805,1.0379956606234348,0.07145119481322329,0.14904960593416786,0.0366048357086716,0.29368927834291614,4,1
"many_runways, northern, tz_Eastern","carrier_dominant, hub_Large",0.18208189222358584,0.37096954144817584,0.07173937297779762,0.39399509803921573,1.0620685905941325,1.0,0.004192536913597805,1.0379956606234348,0.07145119481322329,0.14904960593416786,0.0366048357086716,0.29368927834291614,3,2
"high_cancel, northern","late_aircraft_dominant, many_runways",0.13444159321655696,0.35244895682249244,0.050317973892669864,0.3742738589211618,1.0619235826243663,1.0,0.0029341746099404847,1.0348793196669717,0.06736998186265346,0.11525683618706874,0.033703755601373744,0.25852027862170784,2,2
"high_cancel, hub_Large, northern","late_aircraft_dominant, many_runways",0.13444159321655696,0.35244895682249244,0.050317973892669864,0.3742738589211618,1.0619235826243663,1.0,0.0029341746099404847,1.0348793196669717,0.06736998186265346,0.11525683618706874,0.033703755601373744,0.25852027862170784,3,2
"high_cancel, northern","hub_Large, late_aircraft_dominant, many_runways",0.13444159321655696,0.35244895682249244,0.050317973892669864,0.3742738589211618,1.0619235826243663,1.0,0.0029341746099404847,1.0348793196669717,0.06736998186265346,0.11525683618706874,0.033703755601373744,0.25852027862170784,2,3
"carrier_dominant, high_cancel, hub_Large",many_runways,0.07486332701104541,0.6392948789467812,0.050764253040276694,0.6780923994038748,1.060687988805747,1.0,0.0029045114611971276,1.1205237788273603,0.061845655550431346,0.07652203161789439,0.10756021523567276,0.37874951558326375,3,1
"carrier_dominant, high_cancel","hub_Large, many_runways",0.07486332701104541,0.6392948789467812,0.050764253040276694,0.6780923994038748,1.060687988805747,1.0,0.0029045114611971276,1.1205237788273603,0.061845655550431346,0.07652203161789439,0.10756021523567276,0.37874951558326375,2,2
"carrier_dominant, high_cancel",many_runways,0.07486332701104541,0.6392948789467812,0.050764253040276694,0.6780923994038748,1.060687988805747,1.0,0.0029045114611971276,1.1205237788273603,0.061845655550431346,0.07652203161789439,0.10756021523567276,0.37874951558326375,2,1
"carrier_dominant, is_fall",many_runways,0.10387147160548924,0.6392948789467812,0.07040053553497713,0.677765843179377,1.060177181922645,1.0,0.003996035668921871,1.1193882256684893,0.06334073373700135,0.10464344941956884,0.10665488784929071,0.39394400361412135,2,1
"carrier_dominant, hub_Large, is_fall",many_runways,0.10387147160548924,0.6392948789467812,0.07040053553497713,0.677765843179377,1.060177181922645,1.0,0.003996035668921871,1.1193882256684893,0.06334073373700135,0.10464344941956884,0.10665488784929071,0.39394400361412135,3,1
"carrier_dominant, is_fall","hub_Large, many_runways",0.10387147160548924,0.6392948789467812,0.07040053553497713,0.677765843179377,1.060177181922645,1.0,0.003996035668921871,1.1193882256684893,0.06334073373700135,0.10464344941956884,0.10665488784929071,0.39394400361412135,2,2
"carrier_dominant, hub_Large, is_spring",many_runways,0.07653687381457101,0.6392948789467812,0.05176838112239206,0.6763848396501458,1.0580169839065021,1.0,0.0028387496421408143,1.1146113200112981,0.05938037686484782,0.07795698924731183,0.10282626594007348,0.3786810760205354,3,1
"carrier_dominant, is_spring","hub_Large, many_runways",0.07653687381457101,0.6392948789467812,0.05176838112239206,0.6763848396501458,1.0580169839065021,1.0,0.0028387496421408143,1.1146113200112981,0.05938037686484782,0.07795698924731183,0.10282626594007348,0.3786810760205354,2,2
"carrier_dominant, is_spring",many_runways,0.07653687381457101,0.6392948789467812,0.05176838112239206,0.6763848396501458,1.0580169839065021,1.0,0.0028387496421408143,1.1146113200112981,0.05938037686484782,0.07795698924731183,0.10282626594007348,0.3786810760205354,2,1
"carrier_dominant, many_runways, northern",tz_Eastern,0.13589200044627914,0.4990516568113355,0.07173937297779762,0.5279146141215108,1.0578356106351667,1.0,0.003922245007675268,1.0611392730500757,0.06327164367318712,0.1273771790808241,0.05761663393565716,0.3358330056970174,3,1
"carrier_dominant, hub_Large, many_runways, northern",tz_Eastern,0.13589200044627914,0.4990516568113355,0.07173937297779762,0.5279146141215108,1.0578356106351667,1.0,0.003922245007675268,1.0611392730500757,0.06327164367318712,0.1273771790808241,0.05761663393565716,0.3358330056970174,4,1
"carrier_dominant, many_runways, northern","hub_Large, tz_Eastern",0.13589200044627914,0.4990516568113355,0.07173937297779762,0.5279146141215108,1.0578356106351667,1.0,0.003922245007675268,1.0611392730500757,0.06327164367318712,0.1273771790808241,0.05761663393565716,0.3358330056970174,3,2
"hub_Large, region_South",late_aircraft_dominant,0.4436014727211871,0.5411134664732791,0.2538212652013835,0.5721830985915494,1.0574179613765065,1.0,0.013782534564570181,1.072623666844352,0.09759220126174205,0.3472752251564647,0.06770656763337143,0.5206276317700015,2,1
region_South,"hub_Large, late_aircraft_dominant",0.4436014727211871,0.5411134664732791,0.2538212652013835,0.5721830985915494,1.0574179613765065,1.0,0.013782534564570181,1.072623666844352,0.09759220126174205,0.3472752251564647,0.06770656763337143,0.5206276317700015,1,2
region_South,late_aircraft_dominant,0.4436014727211871,0.5411134664732791,0.2538212652013835,0.5721830985915494,1.0574179613765065,1.0,0.013782534564570181,1.072623666844352,0.09759220126174205,0.3472752251564647,0.06770656763337143,0.5206276317700015,1,1
"hub_Large, late_aircraft_dominant",region_South,0.5411134664732791,0.4436014727211871,0.2538212652013835,0.4690721649484536,1.0574179613765065,1.0,0.013782534564570181,1.0479739251659195,0.11833024743309206,0.3472752251564647,0.04577778512793055,0.5206276317700015,2,1
late_aircraft_dominant,"hub_Large, region_South",0.5411134664732791,0.4436014727211871,0.2538212652013835,0.4690721649484536,1.0574179613765065,1.0,0.013782534564570181,1.0479739251659195,0.11833024743309206,0.3472752251564647,0.04577778512793055,0.5206276317700015,1,2
late_aircraft_dominant,region_South,0.5411134664732791,0.4436014727211871,0.2538212652013835,0.4690721649484536,1.0574179613765065,1.0,0.013782534564570181,1.0479739251659195,0.11833024743309206,0.3472752251564647,0.04577778512793055,0.5206276317700015,1,1
"is_summer, late_aircraft_dominant",region_South,0.15921008590873592,0.4436014727211871,0.07464018743724199,0.4688156972669936,1.056839812526173,1.0,0.00401435885606001,1.0474679398771318,0.06396699926054963,0.14131812420785805,0.04531684271186361,0.318537627305529,2,1
"hub_Large, is_summer, late_aircraft_dominant",region_South,0.15921008590873592,0.4436014727211871,0.07464018743724199,0.4688156972669936,1.056839812526173,1.0,0.00401435885606001,1.0474679398771318,0.06396699926054963,0.14131812420785805,0.04531684271186361,0.318537627305529,3,1
"is_summer, late_aircraft_dominant","hub_Large, region_South",0.15921008590873592,0.4436014727211871,0.07464018743724199,0.4688156972669936,1.056839812526173,1.0,0.00401435885606001,1.0474679398771318,0.06396699926054963,0.14131812420785805,0.04531684271186361,0.318537627305529,2,2
"many_runways, region_South",late_aircraft_dominant,0.24534196139685374,0.5411134664732791,0.14013165234854402,0.5711687130513871,1.055543335067955,1.0,0.0073738131457390665,1.070086412752131,0.06972775503131964,0.21681339547730022,0.0654960308970537,0.41506889260816776,2,1
"hub_Large, many_runways, region_South",late_aircraft_dominant,0.24534196139685374,0.5411134664732791,0.14013165234854402,0.5711687130513871,1.055543335067955,1.0,0.0073738131457390665,1.070086412752131,0.06972775503131964,0.21681339547730022,0.0654960308970537,0.41506889260816776,3,1
"many_runways, region_South","hub_Large, late_aircraft_dominant",0.24534196139685374,0.5411134664732791,0.14013165234854402,0.5711687130513871,1.055543335067955,1.0,0.0073738131457390665,1.070086412752131,0.06972775503131964,0.21681339547730022,0.0654960308970537,0.41506889260816776,2,2
"high_delay, late_aircraft_dominant",tz_Eastern,0.14381345531630035,0.4990516568113355,0.07553274573245565,0.5252133436772691,1.0524228033488403,1.0,0.003762402585092986,1.055101984265014,0.05817837590836925,0.13313667649950833,0.05222432057446838,0.33828295174026657,2,1
"high_delay, hub_Large, late_aircraft_dominant",tz_Eastern,0.14381345531630035,0.4990516568113355,0.07553274573245565,0.5252133436772691,1.0524228033488403,1.0,0.003762402585092986,1.055101984265014,0.05817837590836925,0.13313667649950833,0.05222432057446838,0.33828295174026657,3,1
"high_delay, late_aircraft_dominant","hub_Large, tz_Eastern",0.14381345531630035,0.4990516568113355,0.07553274573245565,0.5252133436772691,1.0524228033488403,1.0,0.003762402585092986,1.055101984265014,0.05817837590836925,0.13313667649950833,0.05222432057446838,0.33828295174026657,2,2
"high_cancel, hub_Large, many_runways",region_South,0.1541894454981591,0.4436014727211871,0.07196251255160102,0.46671490593342974,1.0521040497689464,1.0,0.003563847450554422,1.043341607461763,0.05855172406741022,0.13685550604710375,0.04154114735940058,0.3144691229868356,3,1
"high_cancel, many_runways","hub_Large, region_South",0.1541894454981591,0.4436014727211871,0.07196251255160102,0.46671490593342974,1.0521040497689464,1.0,0.003563847450554422,1.043341607461763,0.05855172406741022,0.13685550604710375,0.04154114735940058,0.3144691229868356,2,2
"high_cancel, many_runways",region_South,0.1541894454981591,0.4436014727211871,0.07196251255160102,0.46671490593342974,1.0521040497689464,1.0,0.003563847450554422,1.043341607461763,0.05855172406741022,0.13685550604710375,0.04154114735940058,0.3144691229868356,2,1
"hub_Large, many_runways, tz_Eastern",late_aircraft_dominant,0.2763583621555283,0.5411134664732791,0.15731339953140688,0.5692369802180056,1.0519734131327803,1.0,0.007772168196551105,1.065287669677308,0.0682736193394171,0.23829643400371806,0.061286422001941177,0.42997931485127083,3,1
"many_runways, tz_Eastern","hub_Large, late_aircraft_dominant",0.2763583621555283,0.5411134664732791,0.15731339953140688,0.5692369802180056,1.0519734131327803,1.0,0.007772168196551105,1.065287669677308,0.0682736193394171,0.23829643400371806,0.061286422001941177,0.42997931485127083,2,2
"many_runways, tz_Eastern",late_aircraft_dominant,0.2763583621555283,0.5411134664732791,0.15731339953140688,0.5692369802180056,1.0519734131327803,1.0,0.007772168196551105,1.065287669677308,0.0682736193394171,0.23829643400371806,0.061286422001941177,0.42997931485127083,2,1
"high_cancel, late_aircraft_dominant, northern",many_runways,0.07486332701104541,0.6392948789467812,0.050317973892669864,0.6721311475409836,1.0513632592338282,1.0,0.0024582323135902973,1.1001506192123174,0.05280729001211871,0.07579831932773111,0.09103355255485189,0.3754198495122021,3,1
"high_cancel, hub_Large, late_aircraft_dominant, northern",many_runways,0.07486332701104541,0.6392948789467812,0.050317973892669864,0.6721311475409836,1.0513632592338282,1.0,0.0024582323135902973,1.1001506192123174,0.05280729001211871,0.07579831932773111,0.09103355255485189,0.3754198495122021,4,1
"high_cancel, late_aircraft_dominant, northern","hub_Large, many_runways",0.07486332701104541,0.6392948789467812,0.050317973892669864,0.6721311475409836,1.0513632592338282,1.0,0.0024582323135902973,1.1001506192123174,0.05280729001211871,0.07579831932773111,0.09103355255485189,0.3754198495122021,3,2
"carrier_dominant, northern, tz_Eastern",many_runways,0.10688385585183532,0.6392948789467812,0.07173937297779762,0.6711899791231734,1.0498910615848174,1.0,0.0034090712896333447,1.097001606250742,0.05320721982664423,0.10636889991728703,0.08842430648963907,0.39170319200486764,3,1
"carrier_dominant, hub_Large, northern, tz_Eastern",many_runways,0.10688385585183532,0.6392948789467812,0.07173937297779762,0.6711899791231734,1.0498910615848174,1.0,0.0034090712896333447,1.097001606250742,0.05320721982664423,0.10636889991728703,0.08842430648963907,0.39170319200486764,4,1
"carrier_dominant, northern, tz_Eastern","hub_Large, many_runways",0.10688385585183532,0.6392948789467812,0.07173937297779762,0.6711899791231734,1.0498910615848174,1.0,0.0034090712896333447,1.097001606250742,0.05320721982664423,0.10636889991728703,0.08842430648963907,0.39170319200486764,3,2
high_delay,northern,0.2500278924467254,0.5009483431886645,0.13142920897021088,0.5256581883087907,1.0493261340337843,1.0,0.006178150498070162,1.0520929096088456,0.06267891609993592,0.21213758328831264,0.04951360201468614,0.39400949504526395,1,1
"high_delay, hub_Large",northern,0.2500278924467254,0.5009483431886645,0.13142920897021088,0.5256581883087907,1.0493261340337843,1.0,0.006178150498070162,1.0520929096088456,0.06267891609993592,0.21213758328831264,0.04951360201468614,0.39400949504526395,2,1
high_delay,"hub_Large, northern",0.2500278924467254,0.5009483431886645,0.13142920897021088,0.5256581883087907,1.0493261340337843,1.0,0.006178150498070162,1.0520929096088456,0.06267891609993592,0.21213758328831264,0.04951360201468614,0.39400949504526395,1,2
carrier_dominant,many_runways,0.37096954144817584,0.6392948789467812,0.24880062479080664,0.6706766917293233,1.0490881654397775,1.0,0.01164169669775214,1.0952918059378562,0.07438633106228235,0.3267399267399268,0.08700129538197503,0.5299282237006128,1,1
"carrier_dominant, hub_Large",many_runways,0.37096954144817584,0.6392948789467812,0.24880062479080664,0.6706766917293233,1.0490881654397775,1.0,0.01164169669775214,1.0952918059378562,0.07438633106228235,0.3267399267399268,0.08700129538197503,0.5299282237006128,2,1
carrier_dominant,"hub_Large, many_runways",0.37096954144817584,0.6392948789467812,0.24880062479080664,0.6706766917293233,1.0490881654397775,1.0,0.01164169669775214,1.0952918059378562,0.07438633106228235,0.3267399267399268,0.08700129538197503,0.5299282237006128,1,2
many_runways,carrier_dominant,0.6392948789467812,0.37096954144817584,0.24880062479080664,0.38917975567190227,1.0490881654397775,1.0,0.01164169669775214,1.029812722143415,0.12972166239689076,0.3267399267399268,0.028949654148148277,0.5299282237006128,1,1
"hub_Large, many_runways",carrier_dominant,0.6392948789467812,0.37096954144817584,0.24880062479080664,0.38917975567190227,1.0490881654397775,1.0,0.01164169669775214,1.029812722143415,0.12972166239689076,0.3267399267399268,0.028949654148148277,0.5299282237006128,2,1
many_runways,"carrier_dominant, hub_Large",0.6392948789467812,0.37096954144817584,0.24880062479080664,0.38917975567190227,1.0490881654397775,1.0,0.01164169669775214,1.029812722143415,0.12972166239689076,0.3267399267399268,0.028949654148148277,0.5299282237006128,1,2
is_summer,late_aircraft_dominant,0.28070958384469485,0.5411134664732791,0.15921008590873592,0.5671701112877584,1.0481537541179748,1.0,0.007314349922261515,1.0602006596448392,0.0638705833746111,0.24027614076443846,0.05678232615418874,0.4306984577057349,1,1
"hub_Large, is_summer",late_aircraft_dominant,0.28070958384469485,0.5411134664732791,0.15921008590873592,0.5671701112877584,1.0481537541179748,1.0,0.007314349922261515,1.0602006596448392,0.0638705833746111,0.24027614076443846,0.05678232615418874,0.4306984577057349,2,1
is_summer,"hub_Large, late_aircraft_dominant",0.28070958384469485,0.5411134664732791,0.15921008590873592,0.5671701112877584,1.0481537541179748,1.0,0.007314349922261515,1.0602006596448392,0.0638705833746111,0.24027614076443846,0.05678232615418874,0.4306984577057349,1,2
"hub_Large, is_summer, many_runways, northern",late_aircraft_dominant,0.09427646993194243,0.5411134664732791,0.05344192792591766,0.5668639053254438,1.0475878728725676,1.0,0.002427660474180429,1.0594511498089596,0.05015453172182123,0.09183282208588957,0.05611504581374978,0.332813395961691,4,1
"is_summer, many_runways, northern","hub_Large, late_aircraft_dominant",0.09427646993194243,0.5411134664732791,0.05344192792591766,0.5668639053254438,1.0475878728725676,1.0,0.002427660474180429,1.0594511498089596,0.05015453172182123,0.09183282208588957,0.05611504581374978,0.332813395961691,3,2
"is_summer, many_runways, northern",late_aircraft_dominant,0.09427646993194243,0.5411134664732791,0.05344192792591766,0.5668639053254438,1.0475878728725676,1.0,0.002427660474180429,1.0594511498089596,0.05015453172182123,0.09183282208588957,0.05611504581374978,0.332813395961691,3,1
high_delay,tz_Eastern,0.2500278924467254,0.4990516568113355,0.1303135111011938,0.5211958946898706,1.0443726367326873,1.0,0.005536677126609088,1.0462490559979472,0.05665192090579706,0.21060223584565455,0.04420463343102672,0.39115909199058696,1,1
"high_delay, hub_Large",tz_Eastern,0.2500278924467254,0.4990516568113355,0.1303135111011938,0.5211958946898706,1.0443726367326873,1.0,0.005536677126609088,1.0462490559979472,0.05665192090579706,0.21060223584565455,0.04420463343102672,0.39115909199058696,2,1
high_delay,"hub_Large, tz_Eastern",0.2500278924467254,0.4990516568113355,0.1303135111011938,0.5211958946898706,1.0443726367326873,1.0,0.005536677126609088,1.0462490559979472,0.05665192090579706,0.21060223584565455,0.04420463343102672,0.39115909199058696,1,2
"high_cancel, many_runways",northern,0.1541894454981591,0.5009483431886645,0.08066495592993417,0.5231548480463096,1.0443289316345374,1.0,0.0034240086704524775,1.0465696353767306,0.0501853381360512,0.14041561468246258,0.044497407341621484,0.34208967346636193,2,1
"high_cancel, hub_Large, many_runways",northern,0.1541894454981591,0.5009483431886645,0.08066495592993417,0.5231548480463096,1.0443289316345374,1.0,0.0034240086704524775,1.0465696353767306,0.0501853381360512,0.14041561468246258,0.044497407341621484,0.34208967346636193,3,1
"high_cancel, many_runways","hub_Large, northern",0.1541894454981591,0.5009483431886645,0.08066495592993417,0.5231548480463096,1.0443289316345374,1.0,0.0034240086704524775,1.0465696353767306,0.0501853381360512,0.14041561468246258,0.044497407341621484,0.34208967346636193,2,2
"hub_Large, is_spring, late_aircraft_dominant",tz_Eastern,0.13321432556063817,0.4990516568113355,0.06939640745286177,0.5209380234505864,1.043855914193518,1.0,0.0029155775708206433,1.0456858772154993,0.04847032004102379,0.12329038652130825,0.043689867302362025,0.3299972925211796,3,1
"is_spring, late_aircraft_dominant","hub_Large, tz_Eastern",0.13321432556063817,0.4990516568113355,0.06939640745286177,0.5209380234505864,1.043855914193518,1.0,0.0029155775708206433,1.0456858772154993,0.04847032004102379,0.12329038652130825,0.043689867302362025,0.3299972925211796,2,2
"is_spring, late_aircraft_dominant",tz_Eastern,0.13321432556063817,0.4990516568113355,0.06939640745286177,0.5209380234505864,1.043855914193518,1.0,0.0029155775708206433,1.0456858772154993,0.04847032004102379,0.12329038652130825,0.043689867302362025,0.3299972925211796,2,1
"high_delay, hub_Large, many_runways",northern,0.1555282829409796,0.5009483431886645,0.081111235077541,0.5215208034433285,1.0410670292344217,1.0,0.003199599419279442,1.0429955166341853,0.046712110118319015,0.14097343416715144,0.04122310781635439,0.3417180854633124,3,1
"high_delay, many_runways","hub_Large, northern",0.1555282829409796,0.5009483431886645,0.081111235077541,0.5215208034433285,1.0410670292344217,1.0,0.003199599419279442,1.0429955166341853,0.046712110118319015,0.14097343416715144,0.04122310781635439,0.3417180854633124,2,2
"high_delay, many_runways",northern,0.1555282829409796,0.5009483431886645,0.081111235077541,0.5215208034433285,1.0410670292344217,1.0,0.003199599419279442,1.0429955166341853,0.046712110118319015,0.14097343416715144,0.04122310781635439,0.3417180854633124,2,1
"is_winter, late_aircraft_dominant",tz_Eastern,0.12919781323217672,0.4990516568113355,0.06705344192792592,0.5189982728842834,1.03996904088125,1.0,0.0025770591780066437,1.0414689073832561,0.04413506850103562,0.11948310139165012,0.039817710436933516,0.3266799993976525,2,1
"hub_Large, is_winter, late_aircraft_dominant",tz_Eastern,0.12919781323217672,0.4990516568113355,0.06705344192792592,0.5189982728842834,1.03996904088125,1.0,0.0025770591780066437,1.0414689073832561,0.04413506850103562,0.11948310139165012,0.039817710436933516,0.3266799993976525,3,1
"is_winter, late_aircraft_dominant","hub_Large, tz_Eastern",0.12919781323217672,0.4990516568113355,0.06705344192792592,0.5189982728842834,1.03996904088125,1.0,0.0025770591780066437,1.0414689073832561,0.04413506850103562,0.11948310139165012,0.039817710436933516,0.3266799993976525,2,2
"is_fall, late_aircraft_dominant",many_runways,0.11949124177172822,0.6392948789467812,0.0794376882740154,0.6647992530345471,1.0398945383854532,1.0,0.003047549330357849,1.0760868653147557,0.04357029163368407,0.1169321727705699,0.07070699194204956,0.3945287713689315,2,1
"hub_Large, is_fall, late_aircraft_dominant",many_runways,0.11949124177172822,0.6392948789467812,0.0794376882740154,0.6647992530345471,1.0398945383854532,1.0,0.003047549330357849,1.0760868653147557,0.04357029163368407,0.1169321727705699,0.07070699194204956,0.3945287713689315,3,1
"is_fall, late_aircraft_dominant","hub_Large, many_runways",0.11949124177172822,0.6392948789467812,0.0794376882740154,0.6647992530345471,1.0398945383854532,1.0,0.003047549330357849,1.0760868653147557,0.04357029163368407,0.1169321727705699,0.07070699194204956,0.3945287713689315,2,2
"hub_Large, is_summer","late_aircraft_dominant, many_runways",0.28070958384469485,0.35244895682249244,0.10286734352337387,0.36645468998410174,1.039738330588004,1.0,0.003931543527235196,1.0221069163328789,0.05313507400741655,0.19398274773827057,0.021628770904118567,0.32915960203541905,2,2
is_summer,"hub_Large, late_aircraft_dominant, many_runways",0.28070958384469485,0.35244895682249244,0.10286734352337387,0.36645468998410174,1.039738330588004,1.0,0.003931543527235196,1.0221069163328789,0.05313507400741655,0.19398274773827057,0.021628770904118567,0.32915960203541905,1,3
is_summer,"late_aircraft_dominant, many_runways",0.28070958384469485,0.35244895682249244,0.10286734352337387,0.36645468998410174,1.039738330588004,1.0,0.003931543527235196,1.0221069163328789,0.05313507400741655,0.19398274773827057,0.021628770904118567,0.32915960203541905,1,2
"hub_Large, is_winter, late_aircraft_dominant",northern,0.12919781323217672,0.5009483431886645,0.06727658150172933,0.5207253886010362,1.039479211142781,1.0,0.002555151019471874,1.041264537995543,0.043614725858216755,0.11952428146679879,0.039629255093022,0.32751191479049585,3,1
"is_winter, late_aircraft_dominant","hub_Large, northern",0.12919781323217672,0.5009483431886645,0.06727658150172933,0.5207253886010362,1.039479211142781,1.0,0.002555151019471874,1.041264537995543,0.043614725858216755,0.11952428146679879,0.039629255093022,0.32751191479049585,2,2
"is_winter, late_aircraft_dominant",northern,0.12919781323217672,0.5009483431886645,0.06727658150172933,0.5207253886010362,1.039479211142781,1.0,0.002555151019471874,1.041264537995543,0.043614725858216755,0.11952428146679879,0.039629255093022,0.32751191479049585,2,1
"is_summer, tz_Eastern",late_aircraft_dominant,0.13845810554501842,0.5411134664732791,0.0778757112573915,0.5624496373892022,1.0394301236947254,1.0,0.002954165804603434,1.0487627773603325,0.04403078615112977,0.12942703504542924,0.046495526360179625,0.353183581581199,2,1
"hub_Large, is_summer, tz_Eastern",late_aircraft_dominant,0.13845810554501842,0.5411134664732791,0.0778757112573915,0.5624496373892022,1.0394301236947254,1.0,0.002954165804603434,1.0487627773603325,0.04403078615112977,0.12942703504542924,0.046495526360179625,0.353183581581199,3,1
"is_summer, tz_Eastern","hub_Large, late_aircraft_dominant",0.13845810554501842,0.5411134664732791,0.0778757112573915,0.5624496373892022,1.0394301236947254,1.0,0.002954165804603434,1.0487627773603325,0.04403078615112977,0.12942703504542924,0.046495526360179625,0.353183581581199,2,2
"hub_Large, many_runways, northern",late_aircraft_dominant,0.33794488452527055,0.5411134664732791,0.18978020751980365,0.5615714757345659,1.037807244744106,1.0,0.006913679577422505,1.0466621310635826,0.05502552375562909,0.27533182259630945,0.04458184707243224,0.456146562609551,3,1
"many_runways, northern","hub_Large, late_aircraft_dominant",0.33794488452527055,0.5411134664732791,0.18978020751980365,0.5615714757345659,1.037807244744106,1.0,0.006913679577422505,1.0466621310635826,0.05502552375562909,0.27533182259630945,0.04458184707243224,0.456146562609551,2,2
"many_runways, northern",late_aircraft_dominant,0.33794488452527055,0.5411134664732791,0.18978020751980365,0.5615714757345659,1.037807244744106,1.0,0.006913679577422505,1.0466621310635826,0.05502552375562909,0.27533182259630945,0.04458184707243224,0.456146562609551,2,1
"hub_Large, late_aircraft_dominant","many_runways, northern",0.5411134664732791,0.33794488452527055,0.18978020751980365,0.3507216494845361,1.037807244744106,1.0,0.006913679577422505,1.0196784090353883,0.0793876630114036,0.27533182259630945,0.019298642455324765,0.456146562609551,2,2
late_aircraft_dominant,"hub_Large, many_runways, northern",0.5411134664732791,0.33794488452527055,0.18978020751980365,0.3507216494845361,1.037807244744106,1.0,0.006913679577422505,1.0196784090353883,0.0793876630114036,0.27533182259630945,0.019298642455324765,0.456146562609551,1,3
late_aircraft_dominant,"many_runways, northern",0.5411134664732791,0.33794488452527055,0.18978020751980365,0.3507216494845361,1.037807244744106,1.0,0.006913679577422505,1.0196784090353883,0.0793876630114036,0.27533182259630945,0.019298642455324765,0.456146562609551,1,2
"hub_Large, is_summer, late_aircraft_dominant, many_runways",northern,0.10286734352337387,0.5009483431886645,0.05344192792591766,0.5195227765726681,1.0370785404055287,1.0,0.00191070261966432,1.0386583015351045,0.03985238491977047,0.0971011554834786,0.037219460411541214,0.3131021455246414,4,1
"is_summer, late_aircraft_dominant, many_runways","hub_Large, northern",0.10286734352337387,0.5009483431886645,0.05344192792591766,0.5195227765726681,1.0370785404055287,1.0,0.00191070261966432,1.0386583015351045,0.03985238491977047,0.0971011554834786,0.037219460411541214,0.3131021455246414,3,2
"is_summer, late_aircraft_dominant, many_runways",northern,0.10286734352337387,0.5009483431886645,0.05344192792591766,0.5195227765726681,1.0370785404055287,1.0,0.00191070261966432,1.0386583015351045,0.03985238491977047,0.0971011554834786,0.037219460411541214,0.3131021455246414,3,1
is_spring,late_aircraft_dominant,0.23753207631373424,0.5411134664732791,0.13321432556063817,0.5608266791921089,1.036430830020386,1.0,0.004682520347917968,1.0448870907790255,0.04610066232047938,0.2063958513396715,0.042958795428852926,0.4035061231012091,1,1
"hub_Large, is_spring",late_aircraft_dominant,0.23753207631373424,0.5411134664732791,0.13321432556063817,0.5608266791921089,1.036430830020386,1.0,0.004682520347917968,1.0448870907790255,0.04610066232047938,0.2063958513396715,0.042958795428852926,0.4035061231012091,2,1
is_spring,"hub_Large, late_aircraft_dominant",0.23753207631373424,0.5411134664732791,0.13321432556063817,0.5608266791921089,1.036430830020386,1.0,0.004682520347917968,1.0448870907790255,0.04610066232047938,0.2063958513396715,0.042958795428852926,0.4035061231012091,1,2
tz_Central,carrier_dominant,0.24757335713488787,0.37096954144817584,0.09516902822715609,0.384407390716539,1.0362235918773952,1.0,0.003326853456041265,1.0218291270325754,0.04645942935338126,0.18183756128757197,0.02136279584823325,0.32047437204999885,1,1
"hub_Large, tz_Central",carrier_dominant,0.24757335713488787,0.37096954144817584,0.09516902822715609,0.384407390716539,1.0362235918773952,1.0,0.003326853456041265,1.0218291270325754,0.04645942935338126,0.18183756128757197,0.02136279584823325,0.32047437204999885,2,1
tz_Central,"carrier_dominant, hub_Large",0.24757335713488787,0.37096954144817584,0.09516902822715609,0.384407390716539,1.0362235918773952,1.0,0.003326853456041265,1.0218291270325754,0.04645942935338126,0.18183756128757197,0.02136279584823325,0.32047437204999885,1,2
"is_spring, many_runways",late_aircraft_dominant,0.1527390382684369,0.5411134664732791,0.08557402655360928,0.5602629656683711,1.0353890641826,1.0,0.002924876090380557,1.0435476152792043,0.040341153157694216,0.14068231841526044,0.04173035771592748,0.35920364778263913,2,1
"hub_Large, is_spring, many_runways",late_aircraft_dominant,0.1527390382684369,0.5411134664732791,0.08557402655360928,0.5602629656683711,1.0353890641826,1.0,0.002924876090380557,1.0435476152792043,0.040341153157694216,0.14068231841526044,0.04173035771592748,0.35920364778263913,3,1
"is_spring, many_runways","hub_Large, late_aircraft_dominant",0.1527390382684369,0.5411134664732791,0.08557402655360928,0.5602629656683711,1.0353890641826,1.0,0.002924876090380557,1.0435476152792043,0.040341153157694216,0.14068231841526044,0.04173035771592748,0.35920364778263913,2,2
"hub_Large, is_winter, northern",late_aircraft_dominant,0.12049536985384358,0.5411134664732791,0.06727658150172933,0.5583333333333332,1.0318230240549826,1.0,0.0020749142261361764,1.0389883777963491,0.03506695874932059,0.1131969213440961,0.03752532620147472,0.3413316151202749,3,1
"is_winter, northern","hub_Large, late_aircraft_dominant",0.12049536985384358,0.5411134664732791,0.06727658150172933,0.5583333333333332,1.0318230240549826,1.0,0.0020749142261361764,1.0389883777963491,0.03506695874932059,0.1131969213440961,0.03752532620147472,0.3413316151202749,2,2
"is_winter, northern",late_aircraft_dominant,0.12049536985384358,0.5411134664732791,0.06727658150172933,0.5583333333333332,1.0318230240549826,1.0,0.0020749142261361764,1.0389883777963491,0.03506695874932059,0.1131969213440961,0.03752532620147472,0.3413316151202749,2,1
"high_delay, hub_Large, is_summer",region_South,0.11971438134553163,0.4436014727211871,0.054780765368738146,0.4575955265610438,1.0315464548708841,1.0,0.0016752894979545074,1.0258000339693578,0.03474066789021141,0.10772268538832822,0.025151133861366658,0.290543236117544,3,1
"high_delay, is_summer","hub_Large, region_South",0.11971438134553163,0.4436014727211871,0.054780765368738146,0.4575955265610438,1.0315464548708841,1.0,0.0016752894979545074,1.0258000339693578,0.03474066789021141,0.10772268538832822,0.025151133861366658,0.290543236117544,2,2
"high_delay, is_summer",region_South,0.11971438134553163,0.4436014727211871,0.054780765368738146,0.4575955265610438,1.0315464548708841,1.0,0.0016752894979545074,1.0258000339693578,0.03474066789021141,0.10772268538832822,0.025151133861366658,0.290543236117544,2,1
"high_cancel, late_aircraft_dominant",northern,0.14504072297221912,0.5009483431886645,0.07486332701104541,0.5161538461538462,1.0303534349837244,1.0,0.0022054171432261682,1.0314263177340797,0.03445689926608458,0.13108028911896852,0.030468795680063276,0.33279852664039744,2,1
"high_cancel, hub_Large, late_aircraft_dominant",northern,0.14504072297221912,0.5009483431886645,0.07486332701104541,0.5161538461538462,1.0303534349837244,1.0,0.0022054171432261682,1.0314263177340797,0.03445689926608458,0.13108028911896852,0.030468795680063276,0.33279852664039744,3,1
"high_cancel, late_aircraft_dominant","hub_Large, northern",0.14504072297221912,0.5009483431886645,0.07486332701104541,0.5161538461538462,1.0303534349837244,1.0,0.0022054171432261682,1.0314263177340797,0.03445689926608458,0.13108028911896852,0.030468795680063276,0.33279852664039744,2,2
"region_South, tz_Central",carrier_dominant,0.1529621778422403,0.37096954144817584,0.05846256833649448,0.38220277169948946,1.0302807346594056,1.0,0.0017182593634442675,1.018182713901477,0.03469828626356398,0.12559923298178333,0.017858006871678603,0.26989837833094776,2,1
"hub_Large, region_South, tz_Central",carrier_dominant,0.1529621778422403,0.37096954144817584,0.05846256833649448,0.38220277169948946,1.0302807346594056,1.0,0.0017182593634442675,1.018182713901477,0.03469828626356398,0.12559923298178333,0.017858006871678603,0.26989837833094776,3,1
"region_South, tz_Central","carrier_dominant, hub_Large",0.1529621778422403,0.37096954144817584,0.05846256833649448,0.38220277169948946,1.0302807346594056,1.0,0.0017182593634442675,1.018182713901477,0.03469828626356398,0.12559923298178333,0.017858006871678603,0.26989837833094776,2,2
"high_cancel, northern",late_aircraft_dominant,0.13444159321655696,0.5411134664732791,0.07486332701104541,0.5568464730290456,1.0290752448988318,1.0,0.0021151704674437916,1.0355023837073007,0.032642233832755205,0.12462852897473994,0.03428517815690128,0.34759849424648154,2,1
"high_cancel, hub_Large, northern",late_aircraft_dominant,0.13444159321655696,0.5411134664732791,0.07486332701104541,0.5568464730290456,1.0290752448988318,1.0,0.0021151704674437916,1.0355023837073007,0.032642233832755205,0.12462852897473994,0.03428517815690128,0.34759849424648154,3,1
"high_cancel, northern","hub_Large, late_aircraft_dominant",0.13444159321655696,0.5411134664732791,0.07486332701104541,0.5568464730290456,1.0290752448988318,1.0,0.0021151704674437916,1.0355023837073007,0.032642233832755205,0.12462852897473994,0.03428517815690128,0.34759849424648154,2,2
"is_winter, late_aircraft_dominant",region_South,0.12919781323217672,0.4436014727211871,0.05890884748410131,0.455958549222798,1.0278562567112521,1.0,0.00159650726195084,1.0227134834743896,0.031122240987711932,0.11463308727746419,0.022209038837765867,0.2943776649534513,2,1
"hub_Large, is_winter, late_aircraft_dominant",region_South,0.12919781323217672,0.4436014727211871,0.05890884748410131,0.455958549222798,1.0278562567112521,1.0,0.00159650726195084,1.0227134834743896,0.031122240987711932,0.11463308727746419,0.022209038837765867,0.2943776649534513,3,1
"is_winter, late_aircraft_dominant","hub_Large, region_South",0.12919781323217672,0.4436014727211871,0.05890884748410131,0.455958549222798,1.0278562567112521,1.0,0.00159650726195084,1.0227134834743896,0.031122240987711932,0.11463308727746419,0.022209038837765867,0.2943776649534513,2,2
"high_cancel, late_aircraft_dominant","many_runways, northern",0.14504072297221912,0.33794488452527055,0.050317973892669864,0.3469230769230769,1.0265670315158595,1.0,0.0013022035163615178,1.0137475266397504,0.030269851415489487,0.11629706034038165,0.013561095123279108,0.24790855067679102,2,2
"high_cancel, hub_Large, late_aircraft_dominant","many_runways, northern",0.14504072297221912,0.33794488452527055,0.050317973892669864,0.3469230769230769,1.0265670315158595,1.0,0.0013022035163615178,1.0137475266397504,0.030269851415489487,0.11629706034038165,0.013561095123279108,0.24790855067679102,3,2
"high_cancel, late_aircraft_dominant","hub_Large, many_runways, northern",0.14504072297221912,0.33794488452527055,0.050317973892669864,0.3469230769230769,1.0265670315158595,1.0,0.0013022035163615178,1.0137475266397504,0.030269851415489487,0.11629706034038165,0.013561095123279108,0.24790855067679102,2,3
"region_Midwest, tz_Central",late_aircraft_dominant,0.09461117929264755,0.5411134664732791,0.05254936963070401,0.5554245283018868,1.0264474324061466,1.0,0.0013539864365345738,1.0321903990203167,0.028458478375475695,0.09010904916778267,0.03118649335516929,0.32626896518187126,2,1
"many_runways, northern, region_Midwest, tz_Central",late_aircraft_dominant,0.09461117929264755,0.5411134664732791,0.05254936963070401,0.5554245283018868,1.0264474324061466,1.0,0.0013539864365345738,1.0321903990203167,0.028458478375475695,0.09010904916778267,0.03118649335516929,0.32626896518187126,4,1
"hub_Large, northern, tz_Central",late_aircraft_dominant,0.09461117929264755,0.5411134664732791,0.05254936963070401,0.5554245283018868,1.0264474324061466,1.0,0.0013539864365345738,1.0321903990203167,0.028458478375475695,0.09010904916778267,0.03118649335516929,0.32626896518187126,3,1
"northern, tz_Central","hub_Large, late_aircraft_dominant",0.09461117929264755,0.5411134664732791,0.05254936963070401,0.5554245283018868,1.0264474324061466,1.0,0.0013539864365345738,1.0321903990203167,0.028458478375475695,0.09010904916778267,0.03118649335516929,0.32626896518187126,2,2
"hub_Large, many_runways, northern, tz_Central",late_aircraft_dominant,0.09461117929264755,0.5411134664732791,0.05254936963070401,0.5554245283018868,1.0264474324061466,1.0,0.0013539864365345738,1.0321903990203167,0.028458478375475695,0.09010904916778267,0.03118649335516929,0.32626896518187126,4,1
"many_runways, northern, tz_Central","hub_Large, late_aircraft_dominant",0.09461117929264755,0.5411134664732791,0.05254936963070401,0.5554245283018868,1.0264474324061466,1.0,0.0013539864365345738,1.0321903990203167,0.028458478375475695,0.09010904916778267,0.03118649335516929,0.32626896518187126,3,2
"hub_Large, northern, region_Midwest, tz_Central",late_aircraft_dominant,0.09461117929264755,0.5411134664732791,0.05254936963070401,0.5554245283018868,1.0264474324061466,1.0,0.0013539864365345738,1.0321903990203167,0.028458478375475695,0.09010904916778267,0.03118649335516929,0.32626896518187126,4,1
"northern, region_Midwest, tz_Central","hub_Large, late_aircraft_dominant",0.09461117929264755,0.5411134664732791,0.05254936963070401,0.5554245283018868,1.0264474324061466,1.0,0.0013539864365345738,1.0321903990203167,0.028458478375475695,0.09010904916778267,0.03118649335516929,0.32626896518187126,3,2
"many_runways, region_Midwest, tz_Central",late_aircraft_dominant,0.09461117929264755,0.5411134664732791,0.05254936963070401,0.5554245283018868,1.0264474324061466,1.0,0.0013539864365345738,1.0321903990203167,0.028458478375475695,0.09010904916778267,0.03118649335516929,0.32626896518187126,3,1
"hub_Large, region_Midwest, tz_Central",late_aircraft_dominant,0.09461117929264755,0.5411134664732791,0.05254936963070401,0.5554245283018868,1.0264474324061466,1.0,0.0013539864365345738,1.0321903990203167,0.028458478375475695,0.09010904916778267,0.03118649335516929,0.32626896518187126,3,1
"region_Midwest, tz_Central","hub_Large, late_aircraft_dominant",0.09461117929264755,0.5411134664732791,0.05254936963070401,0.5554245283018868,1.0264474324061466,1.0,0.0013539864365345738,1.0321903990203167,0.028458478375475695,0.09010904916778267,0.03118649335516929,0.32626896518187126,2,2
"northern, region_Midwest, tz_Central",late_aircraft_dominant,0.09461117929264755,0.5411134664732791,0.05254936963070401,0.5554245283018868,1.0264474324061466,1.0,0.0013539864365345738,1.0321903990203167,0.028458478375475695,0.09010904916778267,0.03118649335516929,0.32626896518187126,3,1
"northern, tz_Central",late_aircraft_dominant,0.09461117929264755,0.5411134664732791,0.05254936963070401,0.5554245283018868,1.0264474324061466,1.0,0.0013539864365345738,1.0321903990203167,0.028458478375475695,0.09010904916778267,0.03118649335516929,0.32626896518187126,2,1
"hub_Large, many_runways, region_Midwest, tz_Central",late_aircraft_dominant,0.09461117929264755,0.5411134664732791,0.05254936963070401,0.5554245283018868,1.0264474324061466,1.0,0.0013539864365345738,1.0321903990203167,0.028458478375475695,0.09010904916778267,0.03118649335516929,0.32626896518187126,4,1
"many_runways, region_Midwest, tz_Central","hub_Large, late_aircraft_dominant",0.09461117929264755,0.5411134664732791,0.05254936963070401,0.5554245283018868,1.0264474324061466,1.0,0.0013539864365345738,1.0321903990203167,0.028458478375475695,0.09010904916778267,0.03118649335516929,0.32626896518187126,3,2
"hub_Large, many_runways, northern, region_Midwest, tz_Central",late_aircraft_dominant,0.09461117929264755,0.5411134664732791,0.05254936963070401,0.5554245283018868,1.0264474324061466,1.0,0.0013539864365345738,1.0321903990203167,0.028458478375475695,0.09010904916778267,0.03118649335516929,0.32626896518187126,5,1
"many_runways, northern, region_Midwest, tz_Central","hub_Large, late_aircraft_dominant",0.09461117929264755,0.5411134664732791,0.05254936963070401,0.5554245283018868,1.0264474324061466,1.0,0.0013539864365345738,1.0321903990203167,0.028458478375475695,0.09010904916778267,0.03118649335516929,0.32626896518187126,4,2
"many_runways, northern, tz_Central",late_aircraft_dominant,0.09461117929264755,0.5411134664732791,0.05254936963070401,0.5554245283018868,1.0264474324061466,1.0,0.0013539864365345738,1.0321903990203167,0.028458478375475695,0.09010904916778267,0.03118649335516929,0.32626896518187126,3,1
"carrier_dominant, late_aircraft_dominant",northern,0.11960281155862992,0.5009483431886645,0.06136338279593886,0.5130597014925373,1.024176860685437,1.0,0.0014485525049371395,1.0248723680110183,0.026813055149134096,0.10973663208300079,0.024268746809213437,0.31777706678190343,2,1
"carrier_dominant, hub_Large, late_aircraft_dominant",northern,0.11960281155862992,0.5009483431886645,0.06136338279593886,0.5130597014925373,1.024176860685437,1.0,0.0014485525049371395,1.0248723680110183,0.026813055149134096,0.10973663208300079,0.024268746809213437,0.31777706678190343,3,1
"carrier_dominant, late_aircraft_dominant","hub_Large, northern",0.11960281155862992,0.5009483431886645,0.06136338279593886,0.5130597014925373,1.024176860685437,1.0,0.0014485525049371395,1.0248723680110183,0.026813055149134096,0.10973663208300079,0.024268746809213437,0.31777706678190343,2,2
"is_winter, late_aircraft_dominant",many_runways,0.12919781323217672,0.6392948789467812,0.08456989847149392,0.6545768566493956,1.0239044269020128,1.0,0.001974398101040664,1.0442413254490688,0.02681015991710899,0.1236541598694943,0.042366955195958234,0.3934315347819404,2,1
"hub_Large, is_winter, late_aircraft_dominant",many_runways,0.12919781323217672,0.6392948789467812,0.08456989847149392,0.6545768566493956,1.0239044269020128,1.0,0.001974398101040664,1.0442413254490688,0.02681015991710899,0.1236541598694943,0.042366955195958234,0.3934315347819404,3,1
"is_winter, late_aircraft_dominant","hub_Large, many_runways",0.12919781323217672,0.6392948789467812,0.08456989847149392,0.6545768566493956,1.0239044269020128,1.0,0.001974398101040664,1.0442413254490688,0.02681015991710899,0.1236541598694943,0.042366955195958234,0.3934315347819404,2,2
"many_runways, tz_Central",carrier_dominant,0.20751980363717507,0.37096954144817584,0.07876826955260516,0.3795698924731183,1.0231834424771606,1.0,0.0017847431559068344,1.0138619175965278,0.028591438242389713,0.15762446974771155,0.01367239202493067,0.29595035977039374,2,1
"hub_Large, many_runways, tz_Central",carrier_dominant,0.20751980363717507,0.37096954144817584,0.07876826955260516,0.3795698924731183,1.0231834424771606,1.0,0.0017847431559068344,1.0138619175965278,0.028591438242389713,0.15762446974771155,0.01367239202493067,0.29595035977039374,3,1
"many_runways, tz_Central","carrier_dominant, hub_Large",0.20751980363717507,0.37096954144817584,0.07876826955260516,0.3795698924731183,1.0231834424771606,1.0,0.0017847431559068344,1.0138619175965278,0.028591438242389713,0.15762446974771155,0.01367239202493067,0.29595035977039374,2,2
high_delay,"late_aircraft_dominant, many_runways",0.2500278924467254,0.35244895682249244,0.09014838781657927,0.36055332440874616,1.0229944433920837,1.0,0.0020263179472045645,1.0126740319335623,0.029971226444275117,0.17595818815331013,0.012515411212197111,0.30816523453738986,1,2
"high_delay, hub_Large","late_aircraft_dominant, many_runways",0.2500278924467254,0.35244895682249244,0.09014838781657927,0.36055332440874616,1.0229944433920837,1.0,0.0020263179472045645,1.0126740319335623,0.029971226444275117,0.17595818815331013,0.012515411212197111,0.30816523453738986,2,2
high_delay,"hub_Large, late_aircraft_dominant, many_runways",0.2500278924467254,0.35244895682249244,0.09014838781657927,0.36055332440874616,1.0229944433920837,1.0,0.0020263179472045645,1.0126740319335623,0.029971226444275117,0.17595818815331013,0.012515411212197111,0.30816523453738986,1,3
"high_delay, hub_Large, northern",late_aircraft_dominant,0.13142920897021088,0.5411134664732791,0.07274350105991298,0.5534804753820034,1.0228547424430714,1.0,0.0016253861982011841,1.0276964572138352,0.025725104515132383,0.1212797619047619,0.026950036676123557,0.3439567325363625,3,1
"high_delay, northern","hub_Large, late_aircraft_dominant",0.13142920897021088,0.5411134664732791,0.07274350105991298,0.5534804753820034,1.0228547424430714,1.0,0.0016253861982011841,1.0276964572138352,0.025725104515132383,0.1212797619047619,0.026950036676123557,0.3439567325363625,2,2
"high_delay, northern",late_aircraft_dominant,0.13142920897021088,0.5411134664732791,0.07274350105991298,0.5534804753820034,1.0228547424430714,1.0,0.0016253861982011841,1.0276964572138352,0.025725104515132383,0.1212797619047619,0.026950036676123557,0.3439567325363625,2,1
is_spring,"late_aircraft_dominant, many_runways",0.23753207631373424,0.35244895682249244,0.08557402655360928,0.3602630342883983,1.022170806054737,1.0,0.0018560940449529745,1.012214516097587,0.028446997316508148,0.16965273169652728,0.012067122041163694,0.30153069409893163,1,2
"hub_Large, is_spring","late_aircraft_dominant, many_runways",0.23753207631373424,0.35244895682249244,0.08557402655360928,0.3602630342883983,1.022170806054737,1.0,0.0018560940449529745,1.012214516097587,0.028446997316508148,0.16965273169652728,0.012067122041163694,0.30153069409893163,2,2
is_spring,"hub_Large, late_aircraft_dominant, many_runways",0.23753207631373424,0.35244895682249244,0.08557402655360928,0.3602630342883983,1.022170806054737,1.0,0.0018560940449529745,1.012214516097587,0.028446997316508148,0.16965273169652728,0.012067122041163694,0.30153069409893163,1,3
"hub_Large, late_aircraft_dominant",many_runways,0.5411134664732791,0.6392948789467812,0.35244895682249244,0.6513402061855669,1.0188415825551895,1.0,0.006517888776984393,1.0345475086387408,0.04030003308713091,0.42568387009836944,0.03339383484108762,0.6013245533545635,2,1
late_aircraft_dominant,"hub_Large, many_runways",0.5411134664732791,0.6392948789467812,0.35244895682249244,0.6513402061855669,1.0188415825551895,1.0,0.006517888776984393,1.0345475086387408,0.04030003308713091,0.42568387009836944,0.03339383484108762,0.6013245533545635,1,2
late_aircraft_dominant,many_runways,0.5411134664732791,0.6392948789467812,0.35244895682249244,0.6513402061855669,1.0188415825551895,1.0,0.006517888776984393,1.0345475086387408,0.04030003308713091,0.42568387009836944,0.03339383484108762,0.6013245533545635,1,1
"hub_Large, many_runways",late_aircraft_dominant,0.6392948789467812,0.5411134664732791,0.35244895682249244,0.5513089005235602,1.0188415825551895,1.0,0.006517888776984393,1.0227226126441504,0.05126942037963792,0.42568387009836944,0.022217766932329113,0.6013245533545635,2,1
many_runways,"hub_Large, late_aircraft_dominant",0.6392948789467812,0.5411134664732791,0.35244895682249244,0.5513089005235602,1.0188415825551895,1.0,0.006517888776984393,1.0227226126441504,0.05126942037963792,0.42568387009836944,0.022217766932329113,0.6013245533545635,1,2
many_runways,late_aircraft_dominant,0.6392948789467812,0.5411134664732791,0.35244895682249244,0.5513089005235602,1.0188415825551895,1.0,0.006517888776984393,1.0227226126441504,0.05126942037963792,0.42568387009836944,0.022217766932329113,0.6013245533545635,1,1
"high_cancel, hub_Large, late_aircraft_dominant",many_runways,0.14504072297221912,0.6392948789467812,0.09438803971884414,0.6507692307692309,1.0179484494563031,1.0,0.0016642482839657052,1.0328560735004066,0.02062318426111312,0.1368046571798189,0.03181089247900302,0.39920660491341126,3,1
"high_cancel, late_aircraft_dominant","hub_Large, many_runways",0.14504072297221912,0.6392948789467812,0.09438803971884414,0.6507692307692309,1.0179484494563031,1.0,0.0016642482839657052,1.0328560735004066,0.02062318426111312,0.1368046571798189,0.03181089247900302,0.39920660491341126,2,2
"high_cancel, late_aircraft_dominant",many_runways,0.14504072297221912,0.6392948789467812,0.09438803971884414,0.6507692307692309,1.0179484494563031,1.0,0.0016642482839657052,1.0328560735004066,0.02062318426111312,0.1368046571798189,0.03181089247900302,0.39920660491341126,2,1
"hub_Large, many_runways, tz_Eastern",carrier_dominant,0.2763583621555283,0.37096954144817584,0.10431775075309606,0.3774727492935002,1.0175303013286143,1.0,0.0017972158688908252,1.0104464629266332,0.0238077570612805,0.1921101294431888,0.010338462560773748,0.3293378784061486,3,1
"many_runways, tz_Eastern","carrier_dominant, hub_Large",0.2763583621555283,0.37096954144817584,0.10431775075309606,0.3774727492935002,1.0175303013286143,1.0,0.0017972158688908252,1.0104464629266332,0.0238077570612805,0.1921101294431888,0.010338462560773748,0.3293378784061486,2,2
"many_runways, tz_Eastern",carrier_dominant,0.2763583621555283,0.37096954144817584,0.10431775075309606,0.3774727492935002,1.0175303013286143,1.0,0.0017972158688908252,1.0104464629266332,0.0238077570612805,0.1921101294431888,0.010338462560773748,0.3293378784061486,2,1
"hub_Large, many_runways, tz_Central",late_aircraft_dominant,0.20751980363717507,0.5411134664732791,0.11424746178734799,0.5505376344086022,1.017416250969959,1.0,0.0019557014793819966,1.0209676463632786,0.021600688089539435,0.18009145269081955,0.020537033115560606,0.3808358275135794,3,1
"many_runways, tz_Central","hub_Large, late_aircraft_dominant",0.20751980363717507,0.5411134664732791,0.11424746178734799,0.5505376344086022,1.017416250969959,1.0,0.0019557014793819966,1.0209676463632786,0.021600688089539435,0.18009145269081955,0.020537033115560606,0.3808358275135794,2,2
"many_runways, tz_Central",late_aircraft_dominant,0.20751980363717507,0.5411134664732791,0.11424746178734799,0.5505376344086022,1.017416250969959,1.0,0.0019557014793819966,1.0209676463632786,0.021600688089539435,0.18009145269081955,0.020537033115560606,0.3808358275135794,2,1
"carrier_dominant, is_fall",northern,0.10387147160548924,0.5009483431886645,0.05288407899140913,0.5091299677765844,1.016332271978068,1.0,0.0008498373860708827,1.016667598449351,0.017932489451476748,0.09581564584596725,0.016394344104968785,0.3073489482535483,2,1
"carrier_dominant, hub_Large, is_fall",northern,0.10387147160548924,0.5009483431886645,0.05288407899140913,0.5091299677765844,1.016332271978068,1.0,0.0008498373860708827,1.016667598449351,0.017932489451476748,0.09581564584596725,0.016394344104968785,0.3073489482535483,3,1
"carrier_dominant, is_fall","hub_Large, northern",0.10387147160548924,0.5009483431886645,0.05288407899140913,0.5091299677765844,1.016332271978068,1.0,0.0008498373860708827,1.016667598449351,0.017932489451476748,0.09581564584596725,0.016394344104968785,0.3073489482535483,2,2
"late_aircraft_dominant, northern, tz_Eastern",many_runways,0.16289188887649225,0.6392948789467812,0.10576815798281826,0.6493150684931507,1.015673814817471,1.0,0.0016322076021086096,1.0285731967533194,0.018434820164761147,0.1518743992310157,0.027779449088806054,0.4073800473355806,3,1
"hub_Large, late_aircraft_dominant, northern, tz_Eastern",many_runways,0.16289188887649225,0.6392948789467812,0.10576815798281826,0.6493150684931507,1.015673814817471,1.0,0.0016322076021086096,1.0285731967533194,0.018434820164761147,0.1518743992310157,0.027779449088806054,0.4073800473355806,4,1
"late_aircraft_dominant, northern, tz_Eastern","hub_Large, many_runways",0.16289188887649225,0.6392948789467812,0.10576815798281826,0.6493150684931507,1.015673814817471,1.0,0.0016322076021086096,1.0285731967533194,0.018434820164761147,0.1518743992310157,0.027779449088806054,0.4073800473355806,3,2
"is_winter, tz_Eastern",late_aircraft_dominant,0.12216891665736919,0.5411134664732791,0.06705344192792592,0.5488584474885845,1.0143130442969448,1.0,0.0009461959401717568,1.0171675186472864,0.016074928499949667,0.11246257485029941,0.01687776922931738,0.3363879866308902,2,1
"hub_Large, is_winter, tz_Eastern",late_aircraft_dominant,0.12216891665736919,0.5411134664732791,0.06705344192792592,0.5488584474885845,1.0143130442969448,1.0,0.0009461959401717568,1.0171675186472864,0.016074928499949667,0.11246257485029941,0.01687776922931738,0.3363879866308902,3,1
"is_winter, tz_Eastern","hub_Large, late_aircraft_dominant",0.12216891665736919,0.5411134664732791,0.06705344192792592,0.5488584474885845,1.0143130442969448,1.0,0.0009461959401717568,1.0171675186472864,0.016074928499949667,0.11246257485029941,0.01687776922931738,0.3363879866308902,2,2
"hub_Large, tz_Eastern",late_aircraft_dominant,0.4990516568113355,0.5411134664732791,0.2734575476960839,0.5479543930248155,1.0126423143673033,1.0,0.0034139757296688944,1.0151332663031762,0.024921694613079602,0.3566647264260768,0.014907664644157848,0.5266576088835417,2,1
tz_Eastern,"hub_Large, late_aircraft_dominant",0.4990516568113355,0.5411134664732791,0.2734575476960839,0.5479543930248155,1.0126423143673033,1.0,0.0034139757296688944,1.0151332663031762,0.024921694613079602,0.3566647264260768,0.014907664644157848,0.5266576088835417,1,2
tz_Eastern,late_aircraft_dominant,0.4990516568113355,0.5411134664732791,0.2734575476960839,0.5479543930248155,1.0126423143673033,1.0,0.0034139757296688944,1.0151332663031762,0.024921694613079602,0.3566647264260768,0.014907664644157848,0.5266576088835417,1,1
"hub_Large, late_aircraft_dominant",tz_Eastern,0.5411134664732791,0.4990516568113355,0.2734575476960839,0.505360824742268,1.0126423143673033,1.0,0.0034139757296688944,1.0127550914818768,0.027206031804699108,0.3566647264260768,0.012594448143640871,0.5266576088835417,2,1
late_aircraft_dominant,"hub_Large, tz_Eastern",0.5411134664732791,0.4990516568113355,0.2734575476960839,0.505360824742268,1.0126423143673033,1.0,0.0034139757296688944,1.0127550914818768,0.027206031804699108,0.3566647264260768,0.012594448143640871,0.5266576088835417,1,2
late_aircraft_dominant,tz_Eastern,0.5411134664732791,0.4990516568113355,0.2734575476960839,0.505360824742268,1.0126423143673033,1.0,0.0034139757296688944,1.0127550914818768,0.027206031804699108,0.3566647264260768,0.012594448143640871,0.5266576088835417,1,1
"high_delay, hub_Large, is_summer",tz_Eastern,0.11971438134553163,0.4990516568113355,0.060470824500725204,0.5051258154706431,1.0121714026522186,1.0,0.0007271641460936118,1.0122741473473391,0.013660385653286238,0.10831334932054355,0.01212531939050636,0.3131486443773962,3,1
"high_delay, is_summer","hub_Large, tz_Eastern",0.11971438134553163,0.4990516568113355,0.060470824500725204,0.5051258154706431,1.0121714026522186,1.0,0.0007271641460936118,1.0122741473473391,0.013660385653286238,0.10831334932054355,0.01212531939050636,0.3131486443773962,2,2
"high_delay, is_summer",tz_Eastern,0.11971438134553163,0.4990516568113355,0.060470824500725204,0.5051258154706431,1.0121714026522186,1.0,0.0007271641460936118,1.0122741473473391,0.013660385653286238,0.10831334932054355,0.01212531939050636,0.3131486443773962,2,1
"carrier_dominant, hub_Large, is_summer",many_runways,0.09494588865335267,0.6392948789467812,0.06136338279593886,0.6462984723854289,1.0109551846405933,1.0,0.0006649624027992018,1.0198008571969743,0.011973283127129397,0.09119548996849612,0.019416395914197297,0.3711422553899221,3,1
"carrier_dominant, is_summer","hub_Large, many_runways",0.09494588865335267,0.6392948789467812,0.06136338279593886,0.6462984723854289,1.0109551846405933,1.0,0.0006649624027992018,1.0198008571969743,0.011973283127129397,0.09119548996849612,0.019416395914197297,0.3711422553899221,2,2
"carrier_dominant, is_summer",many_runways,0.09494588865335267,0.6392948789467812,0.06136338279593886,0.6462984723854289,1.0109551846405933,1.0,0.0006649624027992018,1.0198008571969743,0.011973283127129397,0.09119548996849612,0.019416395914197297,0.3711422553899221,2,1
"hub_Large, is_summer, late_aircraft_dominant",many_runways,0.15921008590873592,0.6392948789467812,0.10286734352337387,0.6461107217939733,1.0106615007747615,1.0,0.0010851509252419178,1.019259817312759,0.01254657326682983,0.1478748997594226,0.018895886000427894,0.4035091130784875,3,1
"is_summer, late_aircraft_dominant","hub_Large, many_runways",0.15921008590873592,0.6392948789467812,0.10286734352337387,0.6461107217939733,1.0106615007747615,1.0,0.0010851509252419178,1.019259817312759,0.01254657326682983,0.1478748997594226,0.018895886000427894,0.4035091130784875,2,2
"is_summer, late_aircraft_dominant",many_runways,0.15921008590873592,0.6392948789467812,0.10286734352337387,0.6461107217939733,1.0106615007747615,1.0,0.0010851509252419178,1.019259817312759,0.01254657326682983,0.1478748997594226,0.018895886000427894,0.4035091130784875,2,1
"is_winter, many_runways",late_aircraft_dominant,0.15474729443266763,0.5411134664732791,0.08456989847149392,0.5465032444124008,1.009960531890381,1.0,0.0008340535536719706,1.011884931640003,0.011667869372243253,0.13834641357912025,0.011745339087855187,0.35139595210310764,2,1
"hub_Large, is_winter, many_runways",late_aircraft_dominant,0.15474729443266763,0.5411134664732791,0.08456989847149392,0.5465032444124008,1.009960531890381,1.0,0.0008340535536719706,1.011884931640003,0.011667869372243253,0.13834641357912025,0.011745339087855187,0.35139595210310764,3,1
"is_winter, many_runways","hub_Large, late_aircraft_dominant",0.15474729443266763,0.5411134664732791,0.08456989847149392,0.5465032444124008,1.009960531890381,1.0,0.0008340535536719706,1.011884931640003,0.011667869372243253,0.13834641357912025,0.011745339087855187,0.35139595210310764,2,2
"hub_Large, many_runways, region_South, tz_Central",late_aircraft_dominant,0.1129086243445275,0.5411134664732791,0.06169809215664398,0.5464426877470355,1.0098486206756039,1.0,0.0006017150428474366,1.011749829910766,0.010993874552156287,0.10416274251271425,0.01161337473296356,0.33023165315186825,4,1
"many_runways, region_South, tz_Central","hub_Large, late_aircraft_dominant",0.1129086243445275,0.5411134664732791,0.06169809215664398,0.5464426877470355,1.0098486206756039,1.0,0.0006017150428474366,1.011749829910766,0.010993874552156287,0.10416274251271425,0.01161337473296356,0.33023165315186825,3,2
"many_runways, region_South, tz_Central",late_aircraft_dominant,0.1129086243445275,0.5411134664732791,0.06169809215664398,0.5464426877470355,1.0098486206756039,1.0,0.0006017150428474366,1.011749829910766,0.010993874552156287,0.10416274251271425,0.01161337473296356,0.33023165315186825,3,1
"high_delay, hub_Large, late_aircraft_dominant",northern,0.14381345531630035,0.5009483431886645,0.07274350105991298,0.5058184639255237,1.0097218022638015,1.0,0.0007003888909752759,1.0098549224957794,0.011245445141030657,0.1271698849229569,0.009758750763350811,0.32551502260864157,3,1
"high_delay, late_aircraft_dominant","hub_Large, northern",0.14381345531630035,0.5009483431886645,0.07274350105991298,0.5058184639255237,1.0097218022638015,1.0,0.0007003888909752759,1.0098549224957794,0.011245445141030657,0.1271698849229569,0.009758750763350811,0.32551502260864157,2,2
"high_delay, late_aircraft_dominant",northern,0.14381345531630035,0.5009483431886645,0.07274350105991298,0.5058184639255237,1.0097218022638015,1.0,0.0007003888909752759,1.0098549224957794,0.011245445141030657,0.1271698849229569,0.009758750763350811,0.32551502260864157,2,1
"high_delay, is_summer",northern,0.11971438134553163,0.5009483431886645,0.060470824500725204,0.5051258154706431,1.008339127853758,1.0,0.000500103509825163,1.0084414835377833,0.0093948620094565,0.1079466241784505,0.008370821386848514,0.3129192551740743,2,1
"high_delay, hub_Large, is_summer",northern,0.11971438134553163,0.5009483431886645,0.060470824500725204,0.5051258154706431,1.008339127853758,1.0,0.000500103509825163,1.0084414835377833,0.0093948620094565,0.1079466241784505,0.008370821386848514,0.3129192551740743,3,1
"high_delay, is_summer","hub_Large, northern",0.11971438134553163,0.5009483431886645,0.060470824500725204,0.5051258154706431,1.008339127853758,1.0,0.000500103509825163,1.0084414835377833,0.0093948620094565,0.1079466241784505,0.008370821386848514,0.3129192551740743,2,2
"is_fall, region_South",late_aircraft_dominant,0.10532187883521142,0.5411134664732791,0.057346870467477405,0.5444915254237288,1.006242792241831,1.0,0.0003557835154774716,1.0074160177888942,0.006934406271486516,0.09734848484848485,0.007361425327712372,0.3252354534335139,2,1
"hub_Large, is_fall, region_South",late_aircraft_dominant,0.10532187883521142,0.5411134664732791,0.057346870467477405,0.5444915254237288,1.006242792241831,1.0,0.0003557835154774716,1.0074160177888942,0.006934406271486516,0.09734848484848485,0.007361425327712372,0.3252354534335139,3,1
"is_fall, region_South","hub_Large, late_aircraft_dominant",0.10532187883521142,0.5411134664732791,0.057346870467477405,0.5444915254237288,1.006242792241831,1.0,0.0003557835154774716,1.0074160177888942,0.006934406271486516,0.09734848484848485,0.007361425327712372,0.3252354534335139,2,2
"hub_Large, tz_Mountain",late_aircraft_dominant,0.09762356353899364,0.5411134664732791,0.05310721856521254,0.544,1.0053344329896907,1.0,0.0002817936891532785,1.00633011738316,0.005880171059521712,0.09068393979805676,0.006290299051787029,0.32107216494845364,2,1
tz_Mountain,"hub_Large, late_aircraft_dominant",0.09762356353899364,0.5411134664732791,0.05310721856521254,0.544,1.0053344329896907,1.0,0.0002817936891532785,1.00633011738316,0.005880171059521712,0.09068393979805676,0.006290299051787029,0.32107216494845364,1,2
"hub_Large, region_West, tz_Mountain",late_aircraft_dominant,0.09762356353899364,0.5411134664732791,0.05310721856521254,0.544,1.0053344329896907,1.0,0.0002817936891532785,1.00633011738316,0.005880171059521712,0.09068393979805676,0.006290299051787029,0.32107216494845364,3,1
"region_West, tz_Mountain","hub_Large, late_aircraft_dominant",0.09762356353899364,0.5411134664732791,0.05310721856521254,0.544,1.0053344329896907,1.0,0.0002817936891532785,1.00633011738316,0.005880171059521712,0.09068393979805676,0.006290299051787029,0.32107216494845364,2,2
tz_Mountain,late_aircraft_dominant,0.09762356353899364,0.5411134664732791,0.05310721856521254,0.544,1.0053344329896907,1.0,0.0002817936891532785,1.00633011738316,0.005880171059521712,0.09068393979805676,0.006290299051787029,0.32107216494845364,1,1
"region_West, tz_Mountain",late_aircraft_dominant,0.09762356353899364,0.5411134664732791,0.05310721856521254,0.544,1.0053344329896907,1.0,0.0002817936891532785,1.00633011738316,0.005880171059521712,0.09068393979805676,0.006290299051787029,0.32107216494845364,2,1
"is_spring, late_aircraft_dominant",many_runways,0.13321432556063817,0.6392948789467812,0.08557402655360928,0.6423785594639866,1.0048235651790074,1.0,0.0004107904203440038,1.0086227506734033,0.005538174233401572,0.12457365600129934,0.008549034480579091,0.388117726503372,2,1
"hub_Large, is_spring, late_aircraft_dominant",many_runways,0.13321432556063817,0.6392948789467812,0.08557402655360928,0.6423785594639866,1.0048235651790074,1.0,0.0004107904203440038,1.0086227506734033,0.005538174233401572,0.12457365600129934,0.008549034480579091,0.388117726503372,3,1
"is_spring, late_aircraft_dominant","hub_Large, many_runways",0.13321432556063817,0.6392948789467812,0.08557402655360928,0.6423785594639866,1.0048235651790074,1.0,0.0004107904203440038,1.0086227506734033,0.005538174233401572,0.12457365600129934,0.008549034480579091,0.388117726503372,2,2
"is_winter, region_South",late_aircraft_dominant,0.10844583286845923,0.5411134664732791,0.05890884748410131,0.5432098765432098,1.003874252259132,1.0,0.00022734693606746986,1.0045894382611997,0.004328733461507738,0.09973554967888175,0.00456847154310468,0.32603792796232656,2,1
"hub_Large, is_winter, region_South",late_aircraft_dominant,0.10844583286845923,0.5411134664732791,0.05890884748410131,0.5432098765432098,1.003874252259132,1.0,0.00022734693606746986,1.0045894382611997,0.004328733461507738,0.09973554967888175,0.00456847154310468,0.32603792796232656,3,1
"is_winter, region_South","hub_Large, late_aircraft_dominant",0.10844583286845923,0.5411134664732791,0.05890884748410131,0.5432098765432098,1.003874252259132,1.0,0.00022734693606746986,1.0045894382611997,0.004328733461507738,0.09973554967888175,0.00456847154310468,0.32603792796232656,2,2
"high_cancel, northern, tz_Eastern",late_aircraft_dominant,0.09963181970322436,0.5411134664732791,0.053999776860426195,0.541993281075028,1.0016259336650464,1.0,8.765752977371588e-05,1.0019209643994176,0.0018029227728450314,0.09203270583761172,0.0019172813701617934,0.3208935477540088,3,1
"high_cancel, hub_Large, northern, tz_Eastern",late_aircraft_dominant,0.09963181970322436,0.5411134664732791,0.053999776860426195,0.541993281075028,1.0016259336650464,1.0,8.765752977371588e-05,1.0019209643994176,0.0018029227728450314,0.09203270583761172,0.0019172813701617934,0.3208935477540088,4,1
"high_cancel, northern, tz_Eastern","hub_Large, late_aircraft_dominant",0.09963181970322436,0.5411134664732791,0.053999776860426195,0.541993281075028,1.0016259336650464,1.0,8.765752977371588e-05,1.0019209643994176,0.0018029227728450314,0.09203270583761172,0.0019172813701617934,0.3208935477540088,3,2
"high_delay, hub_Large, is_summer",many_runways,0.11971438134553163,0.6392948789467812,0.07664844360147272,0.6402609506057781,1.0015111518812547,1.0,0.00011565267099228338,1.002685478989906,0.0017140706549112676,0.11232831916285155,0.0026782865077605747,0.3800781192819467,3,1
"high_delay, is_summer","hub_Large, many_runways",0.11971438134553163,0.6392948789467812,0.07664844360147272,0.6402609506057781,1.0015111518812547,1.0,0.00011565267099228338,1.002685478989906,0.0017140706549112676,0.11232831916285155,0.0026782865077605747,0.3800781192819467,2,2
"high_delay, is_summer",many_runways,0.11971438134553163,0.6392948789467812,0.07664844360147272,0.6402609506057781,1.0015111518812547,1.0,0.00011565267099228338,1.002685478989906,0.0017140706549112676,0.11232831916285155,0.0026782865077605747,0.3800781192819467,2,1
late_aircraft_dominant,hub_Large,0.5411134664732791,1.0,0.5411134664732791,1.0,1.0,1.0,0.0,inf,0.0,0.5411134664732791,0.0,0.7705567332366395,1,1
carrier_dominant,hub_Large,0.37096954144817584,1.0,0.37096954144817584,1.0,1.0,1.0,0.0,inf,0.0,0.3709695414481759,0.0,0.6854847707240879,1,1
"late_aircraft_dominant, many_runways",hub_Large,0.35244895682249244,1.0,0.35244895682249244,1.0,1.0,1.0,0.0,inf,0.0,0.35244895682249244,0.0,0.6762244784112462,2,1
"late_aircraft_dominant, tz_Eastern",hub_Large,0.2734575476960839,1.0,0.2734575476960839,1.0,1.0,1.0,0.0,inf,0.0,0.2734575476960839,0.0,0.6367287738480419,2,1
"late_aircraft_dominant, northern",hub_Large,0.2652013834653576,1.0,0.2652013834653576,1.0,1.0,1.0,0.0,inf,0.0,0.26520138346535765,0.0,0.6326006917326787,2,1
"late_aircraft_dominant, region_South",hub_Large,0.2538212652013835,1.0,0.2538212652013835,1.0,1.0,1.0,0.0,inf,0.0,0.25382126520138354,0.0,0.6269106326006917,2,1
high_cancel,hub_Large,0.2500278924467254,1.0,0.2500278924467254,1.0,1.0,1.0,0.0,inf,0.0,0.2500278924467254,0.0,0.6250139462233627,1,1
high_delay,hub_Large,0.2500278924467254,1.0,0.2500278924467254,1.0,1.0,1.0,0.0,inf,0.0,0.2500278924467254,0.0,0.6250139462233627,1,1
"carrier_dominant, many_runways",hub_Large,0.24880062479080664,1.0,0.24880062479080664,1.0,1.0,1.0,0.0,inf,0.0,0.24880062479080667,0.0,0.6244003123954033,2,1
nas_dominant,hub_Large,0.21521811893339285,1.0,0.21521811893339285,1.0,1.0,1.0,0.0,inf,0.0,0.21521811893339285,0.0,0.6076090594666964,1,1
"late_aircraft_dominant, many_runways, northern",hub_Large,0.18978020751980365,1.0,0.18978020751980365,1.0,1.0,1.0,0.0,inf,0.0,0.18978020751980365,0.0,0.5948901037599018,3,1
"carrier_dominant, northern",hub_Large,0.18431328796162,1.0,0.18431328796162,1.0,1.0,1.0,0.0,inf,0.0,0.18431328796162,0.0,0.59215664398081,2,1
"late_aircraft_dominant, region_South, tz_Eastern",hub_Large,0.17427200714046637,1.0,0.17427200714046637,1.0,1.0,1.0,0.0,inf,0.0,0.17427200714046637,0.0,0.5871360035702332,3,1
"carrier_dominant, tz_Eastern",hub_Large,0.16780095950016735,1.0,0.16780095950016735,1.0,1.0,1.0,0.0,inf,0.0,0.16780095950016738,0.0,0.5839004797500836,2,1
"late_aircraft_dominant, northern, tz_Eastern",hub_Large,0.16289188887649225,1.0,0.16289188887649225,1.0,1.0,1.0,0.0,inf,0.0,0.16289188887649225,0.0,0.5814459444382462,3,1
"is_summer, late_aircraft_dominant",hub_Large,0.15921008590873592,1.0,0.15921008590873592,1.0,1.0,1.0,0.0,inf,0.0,0.15921008590873592,0.0,0.579605042954368,2,1
"late_aircraft_dominant, many_runways, tz_Eastern",hub_Large,0.15731339953140688,1.0,0.15731339953140688,1.0,1.0,1.0,0.0,inf,0.0,0.15731339953140688,0.0,0.5786566997657034,3,1
"carrier_dominant, region_South",hub_Large,0.155751422514783,1.0,0.155751422514783,1.0,1.0,1.0,0.0,inf,0.0,0.15575142251478302,0.0,0.5778757112573915,2,1
"high_delay, many_runways",hub_Large,0.1555282829409796,1.0,0.1555282829409796,1.0,1.0,1.0,0.0,inf,0.0,0.1555282829409796,0.0,0.5777641414704898,2,1
"high_cancel, many_runways",hub_Large,0.1541894454981591,1.0,0.1541894454981591,1.0,1.0,1.0,0.0,inf,0.0,0.1541894454981591,0.0,0.5770947227490796,2,1
"high_cancel, tz_Eastern",hub_Large,0.15363159656365055,1.0,0.15363159656365055,1.0,1.0,1.0,0.0,inf,0.0,0.15363159656365055,0.0,0.5768157982818253,2,1
"high_cancel, late_aircraft_dominant",hub_Large,0.14504072297221912,1.0,0.14504072297221912,1.0,1.0,1.0,0.0,inf,0.0,0.14504072297221915,0.0,0.5725203614861095,2,1
"high_delay, late_aircraft_dominant",hub_Large,0.14381345531630035,1.0,0.14381345531630035,1.0,1.0,1.0,0.0,inf,0.0,0.14381345531630035,0.0,0.5719067276581502,2,1
"late_aircraft_dominant, many_runways, region_South",hub_Large,0.14013165234854402,1.0,0.14013165234854402,1.0,1.0,1.0,0.0,inf,0.0,0.14013165234854402,0.0,0.570065826174272,3,1
"carrier_dominant, many_runways, northern",hub_Large,0.13589200044627914,1.0,0.13589200044627914,1.0,1.0,1.0,0.0,inf,0.0,0.13589200044627914,0.0,0.5679460002231396,3,1
"late_aircraft_dominant, region_West",hub_Large,0.13555729108557402,1.0,0.13555729108557402,1.0,1.0,1.0,0.0,inf,0.0,0.13555729108557402,0.0,0.567778645542787,2,1
"high_cancel, northern",hub_Large,0.13444159321655696,1.0,0.13444159321655696,1.0,1.0,1.0,0.0,inf,0.0,0.13444159321655696,0.0,0.5672207966082785,2,1
"is_spring, late_aircraft_dominant",hub_Large,0.13321432556063817,1.0,0.13321432556063817,1.0,1.0,1.0,0.0,inf,0.0,0.13321432556063817,0.0,0.5666071627803191,2,1
"late_aircraft_dominant, tz_Central",hub_Large,0.13209862769162112,1.0,0.13209862769162112,1.0,1.0,1.0,0.0,inf,0.0,0.13209862769162112,0.0,0.5660493138458106,2,1
"high_delay, northern",hub_Large,0.13142920897021088,1.0,0.13142920897021088,1.0,1.0,1.0,0.0,inf,0.0,0.13142920897021088,0.0,0.5657146044851055,2,1
"high_delay, tz_Eastern",hub_Large,0.1303135111011938,1.0,0.1303135111011938,1.0,1.0,1.0,0.0,inf,0.0,0.13031351110119382,0.0,0.5651567555505969,2,1
"is_winter, late_aircraft_dominant",hub_Large,0.12919781323217672,1.0,0.12919781323217672,1.0,1.0,1.0,0.0,inf,0.0,0.12919781323217672,0.0,0.5645989066160884,2,1
"high_cancel, region_South",hub_Large,0.1270779872810443,1.0,0.1270779872810443,1.0,1.0,1.0,0.0,inf,0.0,0.1270779872810443,0.0,0.5635389936405222,2,1
"many_runways, nas_dominant",hub_Large,0.12462345196920674,1.0,0.12462345196920674,1.0,1.0,1.0,0.0,inf,0.0,0.12462345196920675,0.0,0.5623117259846033,2,1
"high_delay, is_summer",hub_Large,0.11971438134553163,1.0,0.11971438134553163,1.0,1.0,1.0,0.0,inf,0.0,0.11971438134553163,0.0,0.5598571906727658,2,1
"carrier_dominant, late_aircraft_dominant",hub_Large,0.11960281155862992,1.0,0.11960281155862992,1.0,1.0,1.0,0.0,inf,0.0,0.11960281155862994,0.0,0.5598014057793149,2,1
"is_fall, late_aircraft_dominant",hub_Large,0.11949124177172822,1.0,0.11949124177172822,1.0,1.0,1.0,0.0,inf,0.0,0.11949124177172822,0.0,0.5597456208858641,2,1
"nas_dominant, tz_Eastern",hub_Large,0.11670199709918554,1.0,0.11670199709918554,1.0,1.0,1.0,0.0,inf,0.0,0.11670199709918554,0.0,0.5583509985495928,2,1
"nas_dominant, northern",hub_Large,0.11592100859087359,1.0,0.11592100859087359,1.0,1.0,1.0,0.0,inf,0.0,0.1159210085908736,0.0,0.5579605042954368,2,1
"late_aircraft_dominant, many_runways, tz_Central",hub_Large,0.11424746178734799,1.0,0.11424746178734799,1.0,1.0,1.0,0.0,inf,0.0,0.114247461787348,0.0,0.557123730893674,3,1
"high_delay, region_South",hub_Large,0.11045408903268995,1.0,0.11045408903268995,1.0,1.0,1.0,0.0,inf,0.0,0.11045408903268995,0.0,0.555227044516345,2,1
"carrier_dominant, region_West",hub_Large,0.10799955372085239,1.0,0.10799955372085239,1.0,1.0,1.0,0.0,inf,0.0,0.10799955372085239,0.0,0.5539997768604262,2,1
"carrier_dominant, northern, tz_Eastern",hub_Large,0.10688385585183532,1.0,0.10688385585183532,1.0,1.0,1.0,0.0,inf,0.0,0.10688385585183534,0.0,0.5534419279259176,3,1
"late_aircraft_dominant, many_runways, northern, tz_Eastern",hub_Large,0.10576815798281826,1.0,0.10576815798281826,1.0,1.0,1.0,0.0,inf,0.0,0.10576815798281826,0.0,0.5528840789914091,4,1
"carrier_dominant, many_runways, tz_Eastern",hub_Large,0.10431775075309606,1.0,0.10431775075309606,1.0,1.0,1.0,0.0,inf,0.0,0.10431775075309606,0.0,0.5521588753765481,3,1
"carrier_dominant, is_fall",hub_Large,0.10387147160548924,1.0,0.10387147160548924,1.0,1.0,1.0,0.0,inf,0.0,0.10387147160548925,0.0,0.5519357358027446,2,1
"is_summer, late_aircraft_dominant, many_runways",hub_Large,0.10286734352337387,1.0,0.10286734352337387,1.0,1.0,1.0,0.0,inf,0.0,0.10286734352337389,0.0,0.5514336717616869,3,1
"high_cancel, high_delay",hub_Large,0.10197478522816021,1.0,0.10197478522816021,1.0,1.0,1.0,0.0,inf,0.0,0.10197478522816021,0.0,0.5509873926140801,2,1
"high_cancel, northern, tz_Eastern",hub_Large,0.09963181970322436,1.0,0.09963181970322436,1.0,1.0,1.0,0.0,inf,0.0,0.09963181970322436,0.0,0.5498159098516122,3,1
"carrier_dominant, region_South, tz_Eastern",hub_Large,0.09728885417828852,1.0,0.09728885417828852,1.0,1.0,1.0,0.0,inf,0.0,0.09728885417828852,0.0,0.5486444270891443,3,1
"carrier_dominant, is_winter",hub_Large,0.09561530737476291,1.0,0.09561530737476291,1.0,1.0,1.0,0.0,inf,0.0,0.09561530737476291,0.0,0.5478076536873815,2,1
"carrier_dominant, tz_Central",hub_Large,0.09516902822715609,1.0,0.09516902822715609,1.0,1.0,1.0,0.0,inf,0.0,0.0951690282271561,0.0,0.547584514113578,2,1
"carrier_dominant, is_summer",hub_Large,0.09494588865335267,1.0,0.09494588865335267,1.0,1.0,1.0,0.0,inf,0.0,0.09494588865335267,0.0,0.5474729443266764,2,1
"high_cancel, late_aircraft_dominant, many_runways",hub_Large,0.09438803971884414,1.0,0.09438803971884414,1.0,1.0,1.0,0.0,inf,0.0,0.09438803971884414,0.0,0.5471940198594221,3,1
"high_cancel, is_summer",hub_Large,0.09159879504630146,1.0,0.09159879504630146,1.0,1.0,1.0,0.0,inf,0.0,0.09159879504630146,0.0,0.5457993975231508,2,1
"carrier_dominant, many_runways, region_South",hub_Large,0.0905946669641861,1.0,0.0905946669641861,1.0,1.0,1.0,0.0,inf,0.0,0.0905946669641861,0.0,0.5452973334820931,3,1
"high_delay, late_aircraft_dominant, many_runways",hub_Large,0.09014838781657927,1.0,0.09014838781657927,1.0,1.0,1.0,0.0,inf,0.0,0.09014838781657929,0.0,0.5450741939082896,3,1
"high_cancel, late_aircraft_dominant, tz_Eastern",hub_Large,0.08936739930826731,1.0,0.08936739930826731,1.0,1.0,1.0,0.0,inf,0.0,0.08936739930826731,0.0,0.5446836996541337,3,1
"nas_dominant, region_South",hub_Large,0.08713600357023318,1.0,0.08713600357023318,1.0,1.0,1.0,0.0,inf,0.0,0.0871360035702332,0.0,0.5435680017851166,2,1
"high_cancel, is_winter",hub_Large,0.08568559634051098,1.0,0.08568559634051098,1.0,1.0,1.0,0.0,inf,0.0,0.08568559634051098,0.0,0.5428427981702555,2,1
"is_spring, late_aircraft_dominant, many_runways",hub_Large,0.08557402655360928,1.0,0.08557402655360928,1.0,1.0,1.0,0.0,inf,0.0,0.08557402655360928,0.0,0.5427870132768047,3,1
"high_cancel, region_South, tz_Eastern",hub_Large,0.08546245676670758,1.0,0.08546245676670758,1.0,1.0,1.0,0.0,inf,0.0,0.08546245676670759,0.0,0.5427312283833537,3,1
"high_delay, northern, tz_Eastern",hub_Large,0.08490460783219904,1.0,0.08490460783219904,1.0,1.0,1.0,0.0,inf,0.0,0.08490460783219904,0.0,0.5424523039160996,3,1
"is_winter, late_aircraft_dominant, many_runways",hub_Large,0.08456989847149392,1.0,0.08456989847149392,1.0,1.0,1.0,0.0,inf,0.0,0.08456989847149392,0.0,0.542284949235747,3,1
"carrier_dominant, late_aircraft_dominant, many_runways",hub_Large,0.08323106102867343,1.0,0.08323106102867343,1.0,1.0,1.0,0.0,inf,0.0,0.08323106102867343,0.0,0.5416155305143368,3,1
"late_aircraft_dominant, tz_Pacific",hub_Large,0.08245007252036149,1.0,0.08245007252036149,1.0,1.0,1.0,0.0,inf,0.0,0.0824500725203615,0.0,0.5412250362601807,2,1
"late_aircraft_dominant, region_West, tz_Pacific",hub_Large,0.08245007252036149,1.0,0.08245007252036149,1.0,1.0,1.0,0.0,inf,0.0,0.0824500725203615,0.0,0.5412250362601807,3,1
"late_aircraft_dominant, many_runways, northern, region_Midwest",hub_Large,0.08233850273345977,1.0,0.08233850273345977,1.0,1.0,1.0,0.0,inf,0.0,0.08233850273345977,0.0,0.5411692513667299,4,1
"late_aircraft_dominant, region_Midwest",hub_Large,0.08233850273345977,1.0,0.08233850273345977,1.0,1.0,1.0,0.0,inf,0.0,0.08233850273345977,0.0,0.5411692513667299,2,1
"late_aircraft_dominant, many_runways, region_Midwest",hub_Large,0.08233850273345977,1.0,0.08233850273345977,1.0,1.0,1.0,0.0,inf,0.0,0.08233850273345977,0.0,0.5411692513667299,3,1
"late_aircraft_dominant, northern, region_Midwest",hub_Large,0.08233850273345977,1.0,0.08233850273345977,1.0,1.0,1.0,0.0,inf,0.0,0.08233850273345977,0.0,0.5411692513667299,3,1
"nas_dominant, northern, tz_Eastern",hub_Large,0.08211536315965637,1.0,0.08211536315965637,1.0,1.0,1.0,0.0,inf,0.0,0.08211536315965638,0.0,0.5410576815798281,3,1
"high_delay, many_runways, northern",hub_Large,0.081111235077541,1.0,0.081111235077541,1.0,1.0,1.0,0.0,inf,0.0,0.08111123507754102,0.0,0.5405556175387705,3,1
"late_aircraft_dominant, many_runways, region_West",hub_Large,0.08088809550373759,1.0,0.08088809550373759,1.0,1.0,1.0,0.0,inf,0.0,0.08088809550373759,0.0,0.5404440477518688,3,1
"high_cancel, many_runways, northern",hub_Large,0.08066495592993417,1.0,0.08066495592993417,1.0,1.0,1.0,0.0,inf,0.0,0.08066495592993417,0.0,0.5403324779649671,3,1
"late_aircraft_dominant, region_South, tz_Central",hub_Large,0.0795492580609171,1.0,0.0795492580609171,1.0,1.0,1.0,0.0,inf,0.0,0.0795492580609171,0.0,0.5397746290304586,3,1
"is_fall, late_aircraft_dominant, many_runways",hub_Large,0.0794376882740154,1.0,0.0794376882740154,1.0,1.0,1.0,0.0,inf,0.0,0.07943768827401541,0.0,0.5397188441370077,3,1
"high_cancel, late_aircraft_dominant, region_South",hub_Large,0.07921454870021198,1.0,0.07921454870021198,1.0,1.0,1.0,0.0,inf,0.0,0.07921454870021198,0.0,0.539607274350106,3,1
"carrier_dominant, many_runways, tz_Central",hub_Large,0.07876826955260516,1.0,0.07876826955260516,1.0,1.0,1.0,0.0,inf,0.0,0.07876826955260517,0.0,0.5393841347763025,3,1
"late_aircraft_dominant, many_runways, region_South, tz_Eastern",hub_Large,0.07843356019190004,1.0,0.07843356019190004,1.0,1.0,1.0,0.0,inf,0.0,0.07843356019190005,0.0,0.53921678009595,4,1
"is_summer, late_aircraft_dominant, tz_Eastern",hub_Large,0.0778757112573915,1.0,0.0778757112573915,1.0,1.0,1.0,0.0,inf,0.0,0.0778757112573915,0.0,0.5389378556286958,3,1
"high_delay, is_summer, many_runways",hub_Large,0.07664844360147272,1.0,0.07664844360147272,1.0,1.0,1.0,0.0,inf,0.0,0.07664844360147272,0.0,0.5383242218007364,3,1
"carrier_dominant, is_spring",hub_Large,0.07653687381457101,1.0,0.07653687381457101,1.0,1.0,1.0,0.0,inf,0.0,0.07653687381457101,0.0,0.5382684369072855,2,1
"high_cancel, many_runways, tz_Eastern",hub_Large,0.07609059466696419,1.0,0.07609059466696419,1.0,1.0,1.0,0.0,inf,0.0,0.0760905946669642,0.0,0.538045297333482,3,1
"high_delay, is_summer, late_aircraft_dominant",hub_Large,0.07564431551935735,1.0,0.07564431551935735,1.0,1.0,1.0,0.0,inf,0.0,0.07564431551935735,0.0,0.5378221577596787,3,1
"high_delay, late_aircraft_dominant, tz_Eastern",hub_Large,0.07553274573245565,1.0,0.07553274573245565,1.0,1.0,1.0,0.0,inf,0.0,0.07553274573245565,0.0,0.5377663728662279,3,1
"is_summer, late_aircraft_dominant, northern",hub_Large,0.07497489679794711,1.0,0.07497489679794711,1.0,1.0,1.0,0.0,inf,0.0,0.07497489679794711,0.0,0.5374874483989736,3,1
"carrier_dominant, high_cancel",hub_Large,0.07486332701104541,1.0,0.07486332701104541,1.0,1.0,1.0,0.0,inf,0.0,0.07486332701104541,0.0,0.5374316635055227,2,1
"high_cancel, late_aircraft_dominant, northern",hub_Large,0.07486332701104541,1.0,0.07486332701104541,1.0,1.0,1.0,0.0,inf,0.0,0.07486332701104541,0.0,0.5374316635055227,3,1
"is_summer, late_aircraft_dominant, region_South",hub_Large,0.07464018743724199,1.0,0.07464018743724199,1.0,1.0,1.0,0.0,inf,0.0,0.07464018743724199,0.0,0.537320093718621,3,1
"carrier_DL, carrier_dominant",hub_Large,0.07464018743724199,1.0,0.07464018743724199,1.0,1.0,1.0,0.0,inf,0.0,0.07464018743724199,0.0,0.537320093718621,2,1
"carrier_AA, late_aircraft_dominant",hub_Large,0.07397076871583175,1.0,0.07397076871583175,1.0,1.0,1.0,0.0,inf,0.0,0.07397076871583175,0.0,0.5369853843579159,2,1
"high_delay, late_aircraft_dominant, northern",hub_Large,0.07274350105991298,1.0,0.07274350105991298,1.0,1.0,1.0,0.0,inf,0.0,0.072743501059913,0.0,0.5363717505299564,3,1
"carrier_F9, late_aircraft_dominant",hub_Large,0.07207408233850274,1.0,0.07207408233850274,1.0,1.0,1.0,0.0,inf,0.0,0.07207408233850275,0.0,0.5360370411692513,2,1
"high_delay, region_South, tz_Eastern",hub_Large,0.07207408233850274,1.0,0.07207408233850274,1.0,1.0,1.0,0.0,inf,0.0,0.07207408233850275,0.0,0.5360370411692513,3,1
"high_cancel, many_runways, region_South",hub_Large,0.07196251255160102,1.0,0.07196251255160102,1.0,1.0,1.0,0.0,inf,0.0,0.07196251255160102,0.0,0.5359812562758005,3,1
"carrier_dominant, many_runways, northern, tz_Eastern",hub_Large,0.07173937297779762,1.0,0.07173937297779762,1.0,1.0,1.0,0.0,inf,0.0,0.07173937297779763,0.0,0.5358696864888988,4,1
"high_delay, nas_dominant",hub_Large,0.0715162334039942,1.0,0.0715162334039942,1.0,1.0,1.0,0.0,inf,0.0,0.0715162334039942,0.0,0.5357581167019971,2,1
"carrier_dominant, is_fall, many_runways",hub_Large,0.07040053553497713,1.0,0.07040053553497713,1.0,1.0,1.0,0.0,inf,0.0,0.07040053553497715,0.0,0.5352002677674885,3,1
"carrier_dominant, high_delay",hub_Large,0.06973111681356689,1.0,0.06973111681356689,1.0,1.0,1.0,0.0,inf,0.0,0.0697311168135669,0.0,0.5348655584067834,2,1
"late_aircraft_dominant, northern, region_Northeast, tz_Eastern",hub_Large,0.06939640745286177,1.0,0.06939640745286177,1.0,1.0,1.0,0.0,inf,0.0,0.06939640745286178,0.0,0.5346982037264308,4,1
"is_spring, late_aircraft_dominant, tz_Eastern",hub_Large,0.06939640745286177,1.0,0.06939640745286177,1.0,1.0,1.0,0.0,inf,0.0,0.06939640745286178,0.0,0.5346982037264308,3,1
"late_aircraft_dominant, region_Northeast",hub_Large,0.06939640745286177,1.0,0.06939640745286177,1.0,1.0,1.0,0.0,inf,0.0,0.06939640745286178,0.0,0.5346982037264308,2,1
"late_aircraft_dominant, region_Northeast, tz_Eastern",hub_Large,0.06939640745286177,1.0,0.06939640745286177,1.0,1.0,1.0,0.0,inf,0.0,0.06939640745286178,0.0,0.5346982037264308,3,1
"late_aircraft_dominant, northern, region_Northeast",hub_Large,0.06939640745286177,1.0,0.06939640745286177,1.0,1.0,1.0,0.0,inf,0.0,0.06939640745286178,0.0,0.5346982037264308,3,1
"high_delay, late_aircraft_dominant, region_South",hub_Large,0.06794600022313957,1.0,0.06794600022313957,1.0,1.0,1.0,0.0,inf,0.0,0.06794600022313957,0.0,0.5339730001115698,3,1
"is_winter, late_aircraft_dominant, northern",hub_Large,0.06727658150172933,1.0,0.06727658150172933,1.0,1.0,1.0,0.0,inf,0.0,0.06727658150172933,0.0,0.5336382907508647,3,1
"is_winter, late_aircraft_dominant, tz_Eastern",hub_Large,0.06705344192792592,1.0,0.06705344192792592,1.0,1.0,1.0,0.0,inf,0.0,0.06705344192792594,0.0,0.5335267209639629,3,1
"high_delay, many_runways, tz_Eastern",hub_Large,0.06649559299341738,1.0,0.06649559299341738,1.0,1.0,1.0,0.0,inf,0.0,0.06649559299341738,0.0,0.5332477964967087,3,1
"high_cancel, tz_Central",hub_Large,0.06604931384581056,1.0,0.06604931384581056,1.0,1.0,1.0,0.0,inf,0.0,0.06604931384581057,0.0,0.5330246569229052,2,1
"carrier_dominant, many_runways, region_West",hub_Large,0.06571460448510544,1.0,0.06571460448510544,1.0,1.0,1.0,0.0,inf,0.0,0.06571460448510545,0.0,0.5328573022425527,3,1
"carrier_dominant, is_winter, many_runways",hub_Large,0.0652683253374986,1.0,0.0652683253374986,1.0,1.0,1.0,0.0,inf,0.0,0.0652683253374986,0.0,0.5326341626687493,3,1
"is_spring, late_aircraft_dominant, northern",hub_Large,0.06471047640299007,1.0,0.06471047640299007,1.0,1.0,1.0,0.0,inf,0.0,0.06471047640299009,0.0,0.532355238201495,3,1
"high_delay, tz_Central",hub_Large,0.06404105768157983,1.0,0.06404105768157983,1.0,1.0,1.0,0.0,inf,0.0,0.06404105768157985,0.0,0.5320205288407899,2,1
"late_aircraft_dominant, northern, region_South, tz_Eastern",hub_Large,0.06370634832087471,1.0,0.06370634832087471,1.0,1.0,1.0,0.0,inf,0.0,0.06370634832087473,0.0,0.5318531741604373,4,1
"late_aircraft_dominant, northern, region_South",hub_Large,0.06370634832087471,1.0,0.06370634832087471,1.0,1.0,1.0,0.0,inf,0.0,0.06370634832087473,0.0,0.5318531741604373,3,1
"is_spring, late_aircraft_dominant, region_South",hub_Large,0.06292535981256275,1.0,0.06292535981256275,1.0,1.0,1.0,0.0,inf,0.0,0.06292535981256275,0.0,0.5314626799062814,3,1
"carrier_WN, late_aircraft_dominant",hub_Large,0.06236751087805422,1.0,0.06236751087805422,1.0,1.0,1.0,0.0,inf,0.0,0.06236751087805423,0.0,0.5311837554390271,2,1
"carrier_dominant, tz_Pacific",hub_Large,0.06225594109115252,1.0,0.06225594109115252,1.0,1.0,1.0,0.0,inf,0.0,0.06225594109115252,0.0,0.5311279705455763,2,1
"carrier_dominant, region_West, tz_Pacific",hub_Large,0.06225594109115252,1.0,0.06225594109115252,1.0,1.0,1.0,0.0,inf,0.0,0.06225594109115252,0.0,0.5311279705455763,3,1
"high_cancel, high_delay, tz_Eastern",hub_Large,0.0619212317304474,1.0,0.0619212317304474,1.0,1.0,1.0,0.0,inf,0.0,0.0619212317304474,0.0,0.5309606158652237,3,1
"high_cancel, high_delay, late_aircraft_dominant",hub_Large,0.06180966194354569,1.0,0.06180966194354569,1.0,1.0,1.0,0.0,inf,0.0,0.06180966194354569,0.0,0.5309048309717729,3,1
"late_aircraft_dominant, many_runways, region_South, tz_Central",hub_Large,0.06169809215664398,1.0,0.06169809215664398,1.0,1.0,1.0,0.0,inf,0.0,0.061698092156643985,0.0,0.530849046078322,4,1
"carrier_dominant, is_summer, many_runways",hub_Large,0.06136338279593886,1.0,0.06136338279593886,1.0,1.0,1.0,0.0,inf,0.0,0.061363382795938864,0.0,0.5306816913979694,3,1
"carrier_dominant, late_aircraft_dominant, northern",hub_Large,0.06136338279593886,1.0,0.06136338279593886,1.0,1.0,1.0,0.0,inf,0.0,0.061363382795938864,0.0,0.5306816913979694,3,1
"high_delay, is_summer, tz_Eastern",hub_Large,0.060470824500725204,1.0,0.060470824500725204,1.0,1.0,1.0,0.0,inf,0.0,0.060470824500725204,0.0,0.5302354122503626,3,1
"high_delay, is_summer, northern",hub_Large,0.060470824500725204,1.0,0.060470824500725204,1.0,1.0,1.0,0.0,inf,0.0,0.060470824500725204,0.0,0.5302354122503626,3,1
"high_delay, many_runways, region_South",hub_Large,0.06002454535311837,1.0,0.06002454535311837,1.0,1.0,1.0,0.0,inf,0.0,0.06002454535311838,0.0,0.5300122726765591,3,1
"is_fall, nas_dominant",hub_Large,0.05968983599241325,1.0,0.05968983599241325,1.0,1.0,1.0,0.0,inf,0.0,0.05968983599241326,0.0,0.5298449179962066,2,1
"many_runways, nas_dominant, northern",hub_Large,0.05968983599241325,1.0,0.05968983599241325,1.0,1.0,1.0,0.0,inf,0.0,0.05968983599241326,0.0,0.5298449179962066,3,1
"high_cancel, high_delay, many_runways",hub_Large,0.05935512663170813,1.0,0.05935512663170813,1.0,1.0,1.0,0.0,inf,0.0,0.05935512663170814,0.0,0.529677563315854,3,1
"is_fall, late_aircraft_dominant, tz_Eastern",hub_Large,0.05913198705790472,1.0,0.05913198705790472,1.0,1.0,1.0,0.0,inf,0.0,0.05913198705790472,0.0,0.5295659935289524,3,1
"is_winter, late_aircraft_dominant, region_South",hub_Large,0.05890884748410131,1.0,0.05890884748410131,1.0,1.0,1.0,0.0,inf,0.0,0.05890884748410131,0.0,0.5294544237420507,3,1
"high_cancel, nas_dominant",hub_Large,0.0587972776971996,1.0,0.0587972776971996,1.0,1.0,1.0,0.0,inf,0.0,0.0587972776971996,0.0,0.5293986388485998,2,1
"high_cancel, many_runways, tz_Central",hub_Large,0.05868570791029789,1.0,0.05868570791029789,1.0,1.0,1.0,0.0,inf,0.0,0.058685707910297896,0.0,0.5293428539551489,3,1
"high_cancel, is_summer, tz_Eastern",hub_Large,0.05857413812339619,1.0,0.05857413812339619,1.0,1.0,1.0,0.0,inf,0.0,0.05857413812339619,0.0,0.5292870690616981,3,1
"carrier_dominant, region_South, tz_Central",hub_Large,0.05846256833649448,1.0,0.05846256833649448,1.0,1.0,1.0,0.0,inf,0.0,0.05846256833649448,0.0,0.5292312841682473,3,1
"is_fall, late_aircraft_dominant, northern",hub_Large,0.058239428762691066,1.0,0.058239428762691066,1.0,1.0,1.0,0.0,inf,0.0,0.058239428762691066,0.0,0.5291197143813455,3,1
"carrier_UA, late_aircraft_dominant",hub_Large,0.057458440254379115,1.0,0.057458440254379115,1.0,1.0,1.0,0.0,inf,0.0,0.057458440254379115,0.0,0.5287292201271896,2,1
"is_fall, late_aircraft_dominant, region_South",hub_Large,0.057346870467477405,1.0,0.057346870467477405,1.0,1.0,1.0,0.0,inf,0.0,0.05734687046747741,0.0,0.5286734352337387,3,1
"high_cancel, region_Northeast, tz_Eastern",hub_Large,0.0572353006805757,1.0,0.0572353006805757,1.0,1.0,1.0,0.0,inf,0.0,0.0572353006805757,0.0,0.5286176503402878,3,1
"nas_dominant, region_Northeast",hub_Large,0.0572353006805757,1.0,0.0572353006805757,1.0,1.0,1.0,0.0,inf,0.0,0.0572353006805757,0.0,0.5286176503402878,2,1
"high_cancel, northern, region_Northeast, tz_Eastern",hub_Large,0.0572353006805757,1.0,0.0572353006805757,1.0,1.0,1.0,0.0,inf,0.0,0.0572353006805757,0.0,0.5286176503402878,4,1
"nas_dominant, northern, region_Northeast",hub_Large,0.0572353006805757,1.0,0.0572353006805757,1.0,1.0,1.0,0.0,inf,0.0,0.0572353006805757,0.0,0.5286176503402878,3,1
"nas_dominant, region_Northeast, tz_Eastern",hub_Large,0.0572353006805757,1.0,0.0572353006805757,1.0,1.0,1.0,0.0,inf,0.0,0.0572353006805757,0.0,0.5286176503402878,3,1
"high_cancel, northern, region_Northeast",hub_Large,0.0572353006805757,1.0,0.0572353006805757,1.0,1.0,1.0,0.0,inf,0.0,0.0572353006805757,0.0,0.5286176503402878,3,1
"high_cancel, region_Northeast",hub_Large,0.0572353006805757,1.0,0.0572353006805757,1.0,1.0,1.0,0.0,inf,0.0,0.0572353006805757,0.0,0.5286176503402878,2,1
"nas_dominant, northern, region_Northeast, tz_Eastern",hub_Large,0.0572353006805757,1.0,0.0572353006805757,1.0,1.0,1.0,0.0,inf,0.0,0.0572353006805757,0.0,0.5286176503402878,4,1
"high_cancel, high_delay, northern",hub_Large,0.05667745174606716,1.0,0.05667745174606716,1.0,1.0,1.0,0.0,inf,0.0,0.05667745174606717,0.0,0.5283387258730335,3,1
"carrier_dominant, many_runways, region_Midwest",hub_Large,0.05623117259846034,1.0,0.05623117259846034,1.0,1.0,1.0,0.0,inf,0.0,0.05623117259846034,0.0,0.5281155862992302,3,1
"carrier_dominant, many_runways, northern, region_Midwest",hub_Large,0.05623117259846034,1.0,0.05623117259846034,1.0,1.0,1.0,0.0,inf,0.0,0.05623117259846034,0.0,0.5281155862992302,4,1
"carrier_dominant, northern, region_Midwest",hub_Large,0.05623117259846034,1.0,0.05623117259846034,1.0,1.0,1.0,0.0,inf,0.0,0.05623117259846034,0.0,0.5281155862992302,3,1
"is_spring, nas_dominant",hub_Large,0.05623117259846034,1.0,0.05623117259846034,1.0,1.0,1.0,0.0,inf,0.0,0.05623117259846034,0.0,0.5281155862992302,2,1
"nas_dominant, region_South, tz_Eastern",hub_Large,0.05623117259846034,1.0,0.05623117259846034,1.0,1.0,1.0,0.0,inf,0.0,0.05623117259846034,0.0,0.5281155862992302,3,1
"carrier_dominant, region_Midwest",hub_Large,0.05623117259846034,1.0,0.05623117259846034,1.0,1.0,1.0,0.0,inf,0.0,0.05623117259846034,0.0,0.5281155862992302,2,1
"is_summer, nas_dominant",hub_Large,0.05611960281155863,1.0,0.05611960281155863,1.0,1.0,1.0,0.0,inf,0.0,0.05611960281155863,0.0,0.5280598014057793,2,1
"carrier_dominant, late_aircraft_dominant, tz_Eastern",hub_Large,0.05611960281155863,1.0,0.05611960281155863,1.0,1.0,1.0,0.0,inf,0.0,0.05611960281155863,0.0,0.5280598014057793,3,1
"high_cancel, late_aircraft_dominant, region_South, tz_Eastern",hub_Large,0.05578489345085351,1.0,0.05578489345085351,1.0,1.0,1.0,0.0,inf,0.0,0.05578489345085351,0.0,0.5278924467254268,4,1
"high_delay, region_West",hub_Large,0.0556733236639518,1.0,0.0556733236639518,1.0,1.0,1.0,0.0,inf,0.0,0.05567332366395181,0.0,0.5278366618319759,2,1
"high_cancel, is_summer, late_aircraft_dominant",hub_Large,0.0555617538770501,1.0,0.0555617538770501,1.0,1.0,1.0,0.0,inf,0.0,0.0555617538770501,0.0,0.527780876938525,3,1
"high_cancel, is_summer, many_runways",hub_Large,0.05511547472944327,1.0,0.05511547472944327,1.0,1.0,1.0,0.0,inf,0.0,0.05511547472944327,0.0,0.5275577373647217,3,1
"high_delay, is_summer, region_South",hub_Large,0.054780765368738146,1.0,0.054780765368738146,1.0,1.0,1.0,0.0,inf,0.0,0.054780765368738146,0.0,0.5273903826843691,3,1
"high_delay, is_winter",hub_Large,0.054222916434229614,1.0,0.054222916434229614,1.0,1.0,1.0,0.0,inf,0.0,0.054222916434229614,0.0,0.5271114582171148,2,1
"nas_dominant, slot_controlled",hub_Large,0.054111346647327904,1.0,0.054111346647327904,1.0,1.0,1.0,0.0,inf,0.0,0.054111346647327904,0.0,0.527055673323664,2,1
"nas_dominant, northern, slot_controlled, tz_Eastern",hub_Large,0.054111346647327904,1.0,0.054111346647327904,1.0,1.0,1.0,0.0,inf,0.0,0.054111346647327904,0.0,0.527055673323664,4,1
"nas_dominant, northern, slot_controlled",hub_Large,0.054111346647327904,1.0,0.054111346647327904,1.0,1.0,1.0,0.0,inf,0.0,0.054111346647327904,0.0,0.527055673323664,3,1
"nas_dominant, slot_controlled, tz_Eastern",hub_Large,0.054111346647327904,1.0,0.054111346647327904,1.0,1.0,1.0,0.0,inf,0.0,0.054111346647327904,0.0,0.527055673323664,3,1
"high_cancel, late_aircraft_dominant, northern, tz_Eastern",hub_Large,0.053999776860426195,1.0,0.053999776860426195,1.0,1.0,1.0,0.0,inf,0.0,0.0539997768604262,0.0,0.5269998884302131,4,1
"high_cancel, high_delay, is_summer",hub_Large,0.05388820707352449,1.0,0.05388820707352449,1.0,1.0,1.0,0.0,inf,0.0,0.05388820707352449,0.0,0.5269441035367622,3,1
"high_cancel, is_winter, tz_Eastern",hub_Large,0.05377663728662278,1.0,0.05377663728662278,1.0,1.0,1.0,0.0,inf,0.0,0.05377663728662278,0.0,0.5268883186433114,3,1
"high_delay, many_runways, tz_Central",hub_Large,0.05355349771281937,1.0,0.05355349771281937,1.0,1.0,1.0,0.0,inf,0.0,0.05355349771281937,0.0,0.5267767488564097,3,1
"is_summer, late_aircraft_dominant, many_runways, northern",hub_Large,0.05344192792591766,1.0,0.05344192792591766,1.0,1.0,1.0,0.0,inf,0.0,0.05344192792591766,0.0,0.5267209639629589,4,1
"late_aircraft_dominant, tz_Mountain",hub_Large,0.05310721856521254,1.0,0.05310721856521254,1.0,1.0,1.0,0.0,inf,0.0,0.05310721856521254,0.0,0.5265536092826063,2,1
"high_delay, is_spring",hub_Large,0.05310721856521254,1.0,0.05310721856521254,1.0,1.0,1.0,0.0,inf,0.0,0.05310721856521254,0.0,0.5265536092826063,2,1
"late_aircraft_dominant, region_West, tz_Mountain",hub_Large,0.05310721856521254,1.0,0.05310721856521254,1.0,1.0,1.0,0.0,inf,0.0,0.05310721856521254,0.0,0.5265536092826063,3,1
"high_cancel, is_winter, many_runways",hub_Large,0.05310721856521254,1.0,0.05310721856521254,1.0,1.0,1.0,0.0,inf,0.0,0.05310721856521254,0.0,0.5265536092826063,3,1
"carrier_dominant, is_fall, northern",hub_Large,0.05288407899140913,1.0,0.05288407899140913,1.0,1.0,1.0,0.0,inf,0.0,0.05288407899140913,0.0,0.5264420394957046,3,1
"late_aircraft_dominant, northern, tz_Central",hub_Large,0.05254936963070401,1.0,0.05254936963070401,1.0,1.0,1.0,0.0,inf,0.0,0.05254936963070401,0.0,0.526274684815352,3,1
"late_aircraft_dominant, many_runways, northern, tz_Central",hub_Large,0.05254936963070401,1.0,0.05254936963070401,1.0,1.0,1.0,0.0,inf,0.0,0.05254936963070401,0.0,0.526274684815352,4,1
"late_aircraft_dominant, northern, region_Midwest, tz_Central",hub_Large,0.05254936963070401,1.0,0.05254936963070401,1.0,1.0,1.0,0.0,inf,0.0,0.05254936963070401,0.0,0.526274684815352,4,1
"late_aircraft_dominant, region_Midwest, tz_Central",hub_Large,0.05254936963070401,1.0,0.05254936963070401,1.0,1.0,1.0,0.0,inf,0.0,0.05254936963070401,0.0,0.526274684815352,3,1
"late_aircraft_dominant, many_runways, region_Midwest, tz_Central",hub_Large,0.05254936963070401,1.0,0.05254936963070401,1.0,1.0,1.0,0.0,inf,0.0,0.05254936963070401,0.0,0.526274684815352,4,1
"late_aircraft_dominant, many_runways, northern, region_Midwest, tz_Central",hub_Large,0.05254936963070401,1.0,0.05254936963070401,1.0,1.0,1.0,0.0,inf,0.0,0.05254936963070401,0.0,0.526274684815352,5,1
"carrier_dominant, is_spring, many_runways",hub_Large,0.05176838112239206,1.0,0.05176838112239206,1.0,1.0,1.0,0.0,inf,0.0,0.05176838112239206,0.0,0.5258841905611961,3,1
"carrier_dominant, northern, region_Northeast, tz_Eastern",hub_Large,0.050987392614080106,1.0,0.050987392614080106,1.0,1.0,1.0,0.0,inf,0.0,0.05098739261408011,0.0,0.52549369630704,4,1
"carrier_dominant, northern, region_Northeast",hub_Large,0.050987392614080106,1.0,0.050987392614080106,1.0,1.0,1.0,0.0,inf,0.0,0.05098739261408011,0.0,0.52549369630704,3,1
"carrier_dominant, region_Northeast, tz_Eastern",hub_Large,0.050987392614080106,1.0,0.050987392614080106,1.0,1.0,1.0,0.0,inf,0.0,0.05098739261408011,0.0,0.52549369630704,3,1
"carrier_dominant, region_Northeast",hub_Large,0.050987392614080106,1.0,0.050987392614080106,1.0,1.0,1.0,0.0,inf,0.0,0.05098739261408011,0.0,0.52549369630704,2,1
"many_runways, nas_dominant, tz_Eastern",hub_Large,0.0508758228271784,1.0,0.0508758228271784,1.0,1.0,1.0,0.0,inf,0.0,0.0508758228271784,0.0,0.5254379114135892,3,1
"carrier_dominant, high_cancel, many_runways",hub_Large,0.050764253040276694,1.0,0.050764253040276694,1.0,1.0,1.0,0.0,inf,0.0,0.050764253040276694,0.0,0.5253821265201384,3,1
"high_cancel, is_summer, northern",hub_Large,0.05054111346647328,1.0,0.05054111346647328,1.0,1.0,1.0,0.0,inf,0.0,0.05054111346647328,0.0,0.5252705567332366,3,1
"carrier_dominant, late_aircraft_dominant, region_South",hub_Large,0.05054111346647328,1.0,0.05054111346647328,1.0,1.0,1.0,0.0,inf,0.0,0.05054111346647328,0.0,0.5252705567332366,3,1
"is_summer, late_aircraft_dominant, region_South, tz_Eastern",hub_Large,0.05042954367957157,1.0,0.05042954367957157,1.0,1.0,1.0,0.0,inf,0.0,0.05042954367957157,0.0,0.5252147718397858,4,1
"high_cancel, high_delay, region_South",hub_Large,0.05042954367957157,1.0,0.05042954367957157,1.0,1.0,1.0,0.0,inf,0.0,0.05042954367957157,0.0,0.5252147718397858,3,1
"high_cancel, late_aircraft_dominant, many_runways, northern",hub_Large,0.050317973892669864,1.0,0.050317973892669864,1.0,1.0,1.0,0.0,inf,0.0,0.05031797389266987,0.0,0.5251589869463349,4,1
"carrier_dominant, is_fall, tz_Eastern",hub_Large,0.05009483431886645,1.0,0.05009483431886645,1.0,1.0,1.0,0.0,inf,0.0,0.05009483431886645,0.0,0.5250474171594333,3,1
hub_Large,late_aircraft_dominant,1.0,0.5411134664732791,0.5411134664732791,0.5411134664732791,1.0,1.0,0.0,1.0,0.0,0.5411134664732791,0.0,0.7705567332366395,1,1
hub_Large,carrier_dominant,1.0,0.37096954144817584,0.37096954144817584,0.37096954144817584,1.0,1.0,0.0,1.0,0.0,0.3709695414481759,0.0,0.6854847707240879,1,1
hub_Large,"late_aircraft_dominant, many_runways",1.0,0.35244895682249244,0.35244895682249244,0.35244895682249244,1.0,1.0,0.0,1.0,0.0,0.35244895682249244,0.0,0.6762244784112462,1,2
"hub_Large, is_spring, northern",late_aircraft_dominant,0.11960281155862992,0.5411134664732791,0.06471047640299007,0.541044776119403,0.9998730573934452,1.0,-8.215559450533427e-06,0.9998503332126929,-0.0001441853962040005,0.10857356795207787,-0.00014968919080738752,0.3303162024926912,3,1
"is_spring, northern","hub_Large, late_aircraft_dominant",0.11960281155862992,0.5411134664732791,0.06471047640299007,0.541044776119403,0.9998730573934452,1.0,-8.215559450533427e-06,0.9998503332126929,-0.0001441853962040005,0.10857356795207787,-0.00014968919080738752,0.3303162024926912,2,2
"is_spring, northern",late_aircraft_dominant,0.11960281155862992,0.5411134664732791,0.06471047640299007,0.541044776119403,0.9998730573934452,1.0,-8.215559450533427e-06,0.9998503332126929,-0.0001441853962040005,0.10857356795207787,-0.00014968919080738752,0.3303162024926912,2,1
"high_delay, hub_Large",region_South,0.2500278924467254,0.4436014727211871,0.11045408903268995,0.4417670682730924,0.9958647467132111,1.0,-0.0004586522780520158,0.996713908578593,-0.005506285019515331,0.18940118614884255,-0.00329692541974587,0.3453805160278943,2,1
high_delay,"hub_Large, region_South",0.2500278924467254,0.4436014727211871,0.11045408903268995,0.4417670682730924,0.9958647467132111,1.0,-0.0004586522780520158,0.996713908578593,-0.005506285019515331,0.18940118614884255,-0.00329692541974587,0.3453805160278943,1,2
high_delay,region_South,0.2500278924467254,0.4436014727211871,0.11045408903268995,0.4417670682730924,0.9958647467132111,1.0,-0.0004586522780520158,0.996713908578593,-0.005506285019515331,0.18940118614884255,-0.00329692541974587,0.3453805160278943,1,1
"hub_Large, many_runways, region_South",carrier_dominant,0.24534196139685374,0.37096954144817584,0.0905946669641861,0.36925875397908137,0.9953883344103778,1.0,-0.0004197279532007908,0.9972876556275856,-0.006101785947271597,0.17232597623089982,-0.0027197211928864486,0.3067346401474354,3,1
"many_runways, region_South","carrier_dominant, hub_Large",0.24534196139685374,0.37096954144817584,0.0905946669641861,0.36925875397908137,0.9953883344103778,1.0,-0.0004197279532007908,0.9972876556275856,-0.006101785947271597,0.17232597623089982,-0.0027197211928864486,0.3067346401474354,2,2
"many_runways, region_South",carrier_dominant,0.24534196139685374,0.37096954144817584,0.0905946669641861,0.36925875397908137,0.9953883344103778,1.0,-0.0004197279532007908,0.9972876556275856,-0.006101785947271597,0.17232597623089982,-0.0027197211928864486,0.3067346401474354,2,1
"hub_Large, is_summer, late_aircraft_dominant","many_runways, northern",0.15921008590873592,0.33794488452527055,0.05344192792591766,0.33566923615977573,0.9932662144932551,1.0,-0.00036230617176850194,0.9965745250869608,-0.0079986809019333,0.12044254463163188,-0.003437249123682183,0.2469036177497459,3,2
"is_summer, late_aircraft_dominant","hub_Large, many_runways, northern",0.15921008590873592,0.33794488452527055,0.05344192792591766,0.33566923615977573,0.9932662144932551,1.0,-0.00036230617176850194,0.9965745250869608,-0.0079986809019333,0.12044254463163188,-0.003437249123682183,0.2469036177497459,2,3
"is_summer, late_aircraft_dominant","many_runways, northern",0.15921008590873592,0.33794488452527055,0.05344192792591766,0.33566923615977573,0.9932662144932551,1.0,-0.00036230617176850194,0.9965745250869608,-0.0079986809019333,0.12044254463163188,-0.003437249123682183,0.2469036177497459,2,2
"carrier_dominant, hub_Large",northern,0.37096954144817584,0.5009483431886645,0.18431328796162,0.4968421052631579,0.9918030711522682,1.0,-0.0015232892003023135,0.9918390668844534,-0.012968361707651926,0.2680512737303261,-0.00822808194194409,0.4323854178877037,2,1
carrier_dominant,"hub_Large, northern",0.37096954144817584,0.5009483431886645,0.18431328796162,0.4968421052631579,0.9918030711522682,1.0,-0.0015232892003023135,0.9918390668844534,-0.012968361707651926,0.2680512737303261,-0.00822808194194409,0.4323854178877037,1,2
carrier_dominant,northern,0.37096954144817584,0.5009483431886645,0.18431328796162,0.4968421052631579,0.9918030711522682,1.0,-0.0015232892003023135,0.9918390668844534,-0.012968361707651926,0.2680512737303261,-0.00822808194194409,0.4323854178877037,1,1
"hub_Large, northern",carrier_dominant,0.5009483431886645,0.37096954144817584,0.18431328796162,0.36792873051224945,0.9918030711522682,1.0,-0.0015232892003023135,0.9951891328039782,-0.016290967375199354,0.2680512737303261,-0.004834123522296611,0.4323854178877037,2,1
northern,"carrier_dominant, hub_Large",0.5009483431886645,0.37096954144817584,0.18431328796162,0.36792873051224945,0.9918030711522682,1.0,-0.0015232892003023135,0.9951891328039782,-0.016290967375199354,0.2680512737303261,-0.004834123522296611,0.4323854178877037,1,2
northern,carrier_dominant,0.5009483431886645,0.37096954144817584,0.18431328796162,0.36792873051224945,0.9918030711522682,1.0,-0.0015232892003023135,0.9951891328039782,-0.016290967375199354,0.2680512737303261,-0.004834123522296611,0.4323854178877037,1,1
"is_fall, late_aircraft_dominant",tz_Eastern,0.11949124177172822,0.4990516568113355,0.05913198705790472,0.4948646125116713,0.991609998198549,1.0,-0.000500315122720113,0.9917110453882805,-0.009517747415138307,0.10570402871958515,-0.008358235647637042,0.30667666127483856,2,1
"hub_Large, is_fall, late_aircraft_dominant",tz_Eastern,0.11949124177172822,0.4990516568113355,0.05913198705790472,0.4948646125116713,0.991609998198549,1.0,-0.000500315122720113,0.9917110453882805,-0.009517747415138307,0.10570402871958515,-0.008358235647637042,0.30667666127483856,3,1
"is_fall, late_aircraft_dominant","hub_Large, tz_Eastern",0.11949124177172822,0.4990516568113355,0.05913198705790472,0.4948646125116713,0.991609998198549,1.0,-0.000500315122720113,0.9917110453882805,-0.009517747415138307,0.10570402871958515,-0.008358235647637042,0.30667666127483856,2,2
is_winter,"late_aircraft_dominant, many_runways",0.24210643757670422,0.35244895682249244,0.08456989847149392,0.3493087557603687,0.9910903380437431,1.0,-0.0007602628924253674,0.9951740536084925,-0.011722458192342898,0.16582804637934806,-0.004849349090250733,0.29462905341041545,1,2
"hub_Large, is_winter","late_aircraft_dominant, many_runways",0.24210643757670422,0.35244895682249244,0.08456989847149392,0.3493087557603687,0.9910903380437431,1.0,-0.0007602628924253674,0.9951740536084925,-0.011722458192342898,0.16582804637934806,-0.004849349090250733,0.29462905341041545,2,2
is_winter,"hub_Large, late_aircraft_dominant, many_runways",0.24210643757670422,0.35244895682249244,0.08456989847149392,0.3493087557603687,0.9910903380437431,1.0,-0.0007602628924253674,0.9951740536084925,-0.011722458192342898,0.16582804637934806,-0.004849349090250733,0.29462905341041545,1,3
"high_cancel, hub_Large, many_runways",tz_Eastern,0.1541894454981591,0.4990516568113355,0.07609059466696419,0.4934876989869754,0.9888509380774112,1.0,-0.0008579035717132255,0.9890151575524777,-0.01315477551562634,0.13183839164894645,-0.01110684943869476,0.32297903840473297,3,1
"high_cancel, many_runways","hub_Large, tz_Eastern",0.1541894454981591,0.4990516568113355,0.07609059466696419,0.4934876989869754,0.9888509380774112,1.0,-0.0008579035717132255,0.9890151575524777,-0.01315477551562634,0.13183839164894645,-0.01110684943869476,0.32297903840473297,2,2
"high_cancel, many_runways",tz_Eastern,0.1541894454981591,0.4990516568113355,0.07609059466696419,0.4934876989869754,0.9888509380774112,1.0,-0.0008579035717132255,0.9890151575524777,-0.01315477551562634,0.13183839164894645,-0.01110684943869476,0.32297903840473297,2,1
"hub_Large, region_West",late_aircraft_dominant,0.2533749860537766,0.5411134664732791,0.13555729108557402,0.535006605019815,0.9887142682046601,1.0,-0.0015473259356037772,0.9868667780674083,-0.01505799152885763,0.2057229935658652,-0.01330799883476742,0.3927610344686704,2,1
region_West,"hub_Large, late_aircraft_dominant",0.2533749860537766,0.5411134664732791,0.13555729108557402,0.535006605019815,0.9887142682046601,1.0,-0.0015473259356037772,0.9868667780674083,-0.01505799152885763,0.2057229935658652,-0.01330799883476742,0.3927610344686704,1,2
region_West,late_aircraft_dominant,0.2533749860537766,0.5411134664732791,0.13555729108557402,0.535006605019815,0.9887142682046601,1.0,-0.0015473259356037772,0.9868667780674083,-0.01505799152885763,0.2057229935658652,-0.01330799883476742,0.3927610344686704,1,1
"is_summer, northern",late_aircraft_dominant,0.14046636170924914,0.5411134664732791,0.07497489679794711,0.5337569499602859,0.9864048541224829,1.0,-0.0010333431094341622,0.9842217133051816,-0.015781823242211043,0.12359757219054622,-0.01603123207049791,0.3361568254956069,2,1
"hub_Large, is_summer, northern",late_aircraft_dominant,0.14046636170924914,0.5411134664732791,0.07497489679794711,0.5337569499602859,0.9864048541224829,1.0,-0.0010333431094341622,0.9842217133051816,-0.015781823242211043,0.12359757219054622,-0.01603123207049791,0.3361568254956069,3,1
"is_summer, northern","hub_Large, late_aircraft_dominant",0.14046636170924914,0.5411134664732791,0.07497489679794711,0.5337569499602859,0.9864048541224829,1.0,-0.0010333431094341622,0.9842217133051816,-0.015781823242211043,0.12359757219054622,-0.01603123207049791,0.3361568254956069,2,2
"hub_Large, is_winter",late_aircraft_dominant,0.24210643757670422,0.5411134664732791,0.12919781323217672,0.5336405529953917,0.9861897477314836,1.0,-0.001809240460450251,0.9839760649733048,-0.018141853603007727,0.1975435005117707,-0.01628488293272659,0.3862017197966649,2,1
is_winter,"hub_Large, late_aircraft_dominant",0.24210643757670422,0.5411134664732791,0.12919781323217672,0.5336405529953917,0.9861897477314836,1.0,-0.001809240460450251,0.9839760649733048,-0.018141853603007727,0.1975435005117707,-0.01628488293272659,0.3862017197966649,1,2
is_winter,late_aircraft_dominant,0.24210643757670422,0.5411134664732791,0.12919781323217672,0.5336405529953917,0.9861897477314836,1.0,-0.001809240460450251,0.9839760649733048,-0.018141853603007727,0.1975435005117707,-0.01628488293272659,0.3862017197966649,1,1
tz_Central,late_aircraft_dominant,0.24757335713488787,0.5411134664732791,0.13209862769162112,0.533573681838666,0.9860661670762811,1.0,-0.0018666497940651727,0.9838349931360325,-0.018434012460457148,0.2011894647408666,-0.01643060775104219,0.3888486965894361,1,1
"hub_Large, tz_Central",late_aircraft_dominant,0.24757335713488787,0.5411134664732791,0.13209862769162112,0.533573681838666,0.9860661670762811,1.0,-0.0018666497940651727,0.9838349931360325,-0.018434012460457148,0.2011894647408666,-0.01643060775104219,0.3888486965894361,2,1
tz_Central,"hub_Large, late_aircraft_dominant",0.24757335713488787,0.5411134664732791,0.13209862769162112,0.533573681838666,0.9860661670762811,1.0,-0.0018666497940651727,0.9838349931360325,-0.018434012460457148,0.2011894647408666,-0.01643060775104219,0.3888486965894361,1,2
"high_delay, late_aircraft_dominant",many_runways,0.14381345531630035,0.6392948789467812,0.09014838781657927,0.6268425135764158,0.9805217188805263,1.0,-0.001790817690773286,0.9666297318869004,-0.02267585347716067,0.13009177266140717,-0.03452228605461933,0.3839273649906512,2,1
"high_delay, hub_Large, late_aircraft_dominant",many_runways,0.14381345531630035,0.6392948789467812,0.09014838781657927,0.6268425135764158,0.9805217188805263,1.0,-0.001790817690773286,0.9666297318869004,-0.02267585347716067,0.13009177266140717,-0.03452228605461933,0.3839273649906512,3,1
"high_delay, late_aircraft_dominant","hub_Large, many_runways",0.14381345531630035,0.6392948789467812,0.09014838781657927,0.6268425135764158,0.9805217188805263,1.0,-0.001790817690773286,0.9666297318869004,-0.02267585347716067,0.13009177266140717,-0.03452228605461933,0.3839273649906512,2,2
"is_summer, late_aircraft_dominant",tz_Eastern,0.15921008590873592,0.4990516568113355,0.0778757112573915,0.48913805185704273,0.9801351126301528,1.0,-0.001578345896438224,0.9805943562828865,-0.023537918200086414,0.13417916186082274,-0.01978967510140894,0.32259272367052894,2,1
"hub_Large, is_summer, late_aircraft_dominant",tz_Eastern,0.15921008590873592,0.4990516568113355,0.0778757112573915,0.48913805185704273,0.9801351126301528,1.0,-0.001578345896438224,0.9805943562828865,-0.023537918200086414,0.13417916186082274,-0.01978967510140894,0.32259272367052894,3,1
"is_summer, late_aircraft_dominant","hub_Large, tz_Eastern",0.15921008590873592,0.4990516568113355,0.0778757112573915,0.48913805185704273,0.9801351126301528,1.0,-0.001578345896438224,0.9805943562828865,-0.023537918200086414,0.13417916186082274,-0.01978967510140894,0.32259272367052894,2,2
late_aircraft_dominant,northern,0.5411134664732791,0.5009483431886645,0.2652013834653576,0.49010309278350517,0.9783505613849792,1.0,-0.005868511041506541,0.978730503653448,-0.04600377632817973,0.341375843745512,-0.021731719065826854,0.5097508782403048,1,1
"hub_Large, late_aircraft_dominant",northern,0.5411134664732791,0.5009483431886645,0.2652013834653576,0.49010309278350517,0.9783505613849792,1.0,-0.005868511041506541,0.978730503653448,-0.04600377632817973,0.341375843745512,-0.021731719065826854,0.5097508782403048,2,1
late_aircraft_dominant,"hub_Large, northern",0.5411134664732791,0.5009483431886645,0.2652013834653576,0.49010309278350517,0.9783505613849792,1.0,-0.005868511041506541,0.978730503653448,-0.04600377632817973,0.341375843745512,-0.021731719065826854,0.5097508782403048,1,2
northern,late_aircraft_dominant,0.5009483431886645,0.5411134664732791,0.2652013834653576,0.5293986636971046,0.9783505613849791,1.0,-0.005868511041506541,0.9751067371201972,-0.04245846230604581,0.341375843745512,-0.025528756937235934,0.5097508782403048,1,1
"hub_Large, northern",late_aircraft_dominant,0.5009483431886645,0.5411134664732791,0.2652013834653576,0.5293986636971046,0.9783505613849791,1.0,-0.005868511041506541,0.9751067371201972,-0.04245846230604581,0.341375843745512,-0.025528756937235934,0.5097508782403048,2,1
northern,"hub_Large, late_aircraft_dominant",0.5009483431886645,0.5411134664732791,0.2652013834653576,0.5293986636971046,0.9783505613849791,1.0,-0.005868511041506541,0.9751067371201972,-0.04245846230604581,0.341375843745512,-0.025528756937235934,0.5097508782403048,1,2
tz_Pacific,late_aircraft_dominant,0.155751422514783,0.5411134664732791,0.08245007252036149,0.5293696275071633,0.9782969013085989,1.0,-0.0018291196247570557,0.9750465765651483,-0.025604482766551896,0.13419284546940258,-0.025592032252199238,0.3408703807638909,1,1
"region_West, tz_Pacific",late_aircraft_dominant,0.155751422514783,0.5411134664732791,0.08245007252036149,0.5293696275071633,0.9782969013085989,1.0,-0.0018291196247570557,0.9750465765651483,-0.025604482766551896,0.13419284546940258,-0.025592032252199238,0.3408703807638909,2,1
"hub_Large, tz_Pacific",late_aircraft_dominant,0.155751422514783,0.5411134664732791,0.08245007252036149,0.5293696275071633,0.9782969013085989,1.0,-0.0018291196247570557,0.9750465765651483,-0.025604482766551896,0.13419284546940258,-0.025592032252199238,0.3408703807638909,2,1
tz_Pacific,"hub_Large, late_aircraft_dominant",0.155751422514783,0.5411134664732791,0.08245007252036149,0.5293696275071633,0.9782969013085989,1.0,-0.0018291196247570557,0.9750465765651483,-0.025604482766551896,0.13419284546940258,-0.025592032252199238,0.3408703807638909,1,2
"hub_Large, region_West, tz_Pacific",late_aircraft_dominant,0.155751422514783,0.5411134664732791,0.08245007252036149,0.5293696275071633,0.9782969013085989,1.0,-0.0018291196247570557,0.9750465765651483,-0.025604482766551896,0.13419284546940258,-0.025592032252199238,0.3408703807638909,3,1
"region_West, tz_Pacific","hub_Large, late_aircraft_dominant",0.155751422514783,0.5411134664732791,0.08245007252036149,0.5293696275071633,0.9782969013085989,1.0,-0.0018291196247570557,0.9750465765651483,-0.025604482766551896,0.13419284546940258,-0.025592032252199238,0.3408703807638909,2,2
high_delay,many_runways,0.2500278924467254,0.6392948789467812,0.1555282829409796,0.6220437304774655,0.9730153501342974,1.0,-0.004313268294068556,0.9543567606614684,-0.03566006543599552,0.21195073741827586,-0.04782618117243304,0.43266235389492824,1,1
"high_delay, hub_Large",many_runways,0.2500278924467254,0.6392948789467812,0.1555282829409796,0.6220437304774655,0.9730153501342974,1.0,-0.004313268294068556,0.9543567606614684,-0.03566006543599552,0.21195073741827586,-0.04782618117243304,0.43266235389492824,2,1
high_delay,"hub_Large, many_runways",0.2500278924467254,0.6392948789467812,0.1555282829409796,0.6220437304774655,0.9730153501342974,1.0,-0.004313268294068556,0.9543567606614684,-0.03566006543599552,0.21195073741827586,-0.04782618117243304,0.43266235389492824,1,2
"hub_Large, is_fall, late_aircraft_dominant",northern,0.11949124177172822,0.5009483431886645,0.058239428762691066,0.48739495798319327,0.9729445453014167,1.0,-0.0016195108284123294,0.9735597895171955,-0.030614665220927116,0.1035919825362175,-0.02715828115283682,0.30182665493814453,3,1
"is_fall, late_aircraft_dominant","hub_Large, northern",0.11949124177172822,0.5009483431886645,0.058239428762691066,0.48739495798319327,0.9729445453014167,1.0,-0.0016195108284123294,0.9735597895171955,-0.030614665220927116,0.1035919825362175,-0.02715828115283682,0.30182665493814453,2,2
"is_fall, late_aircraft_dominant",northern,0.11949124177172822,0.5009483431886645,0.058239428762691066,0.48739495798319327,0.9729445453014167,1.0,-0.0016195108284123294,0.9735597895171955,-0.030614665220927116,0.1035919825362175,-0.02715828115283682,0.30182665493814453,2,1
"carrier_dominant, hub_Large, tz_Eastern",many_runways,0.16780095950016735,0.6392948789467812,0.10431775075309606,0.6216755319148937,0.9724394053321452,1.0,-0.002956543337717152,0.9534279473884731,-0.03293476693364084,0.14843625972376567,-0.04884695559752788,0.3924258985926999,3,1
"carrier_dominant, tz_Eastern","hub_Large, many_runways",0.16780095950016735,0.6392948789467812,0.10431775075309606,0.6216755319148937,0.9724394053321452,1.0,-0.002956543337717152,0.9534279473884731,-0.03293476693364084,0.14843625972376567,-0.04884695559752788,0.3924258985926999,2,2
"carrier_dominant, tz_Eastern",many_runways,0.16780095950016735,0.6392948789467812,0.10431775075309606,0.6216755319148937,0.9724394053321452,1.0,-0.002956543337717152,0.9534279473884731,-0.03293476693364084,0.14843625972376567,-0.04884695559752788,0.3924258985926999,2,1
"hub_Large, is_spring, late_aircraft_dominant",northern,0.13321432556063817,0.5009483431886645,0.06471047640299007,0.4857621440536014,0.9696850995885142,1.0,-0.0020230192756069826,0.9704685313236721,-0.03481173985871379,0.11363636363636365,-0.03043011465405118,0.3074690453007428,3,1
"is_spring, late_aircraft_dominant","hub_Large, northern",0.13321432556063817,0.5009483431886645,0.06471047640299007,0.4857621440536014,0.9696850995885142,1.0,-0.0020230192756069826,0.9704685313236721,-0.03481173985871379,0.11363636363636365,-0.03043011465405118,0.3074690453007428,2,2
"is_spring, late_aircraft_dominant",northern,0.13321432556063817,0.5009483431886645,0.06471047640299007,0.4857621440536014,0.9696850995885142,1.0,-0.0020230192756069826,0.9704685313236721,-0.03481173985871379,0.11363636363636365,-0.03043011465405118,0.3074690453007428,2,1
"high_cancel, is_winter",many_runways,0.08568559634051098,0.6392948789467812,0.05310721856521254,0.6197916666666667,0.9694926192553812,1.0,-0.001671144374777181,0.948703880030384,-0.03327127743941103,0.07904350714048489,-0.05406968501907379,0.351431609947644,2,1
"high_cancel, hub_Large, is_winter",many_runways,0.08568559634051098,0.6392948789467812,0.05310721856521254,0.6197916666666667,0.9694926192553812,1.0,-0.001671144374777181,0.948703880030384,-0.03327127743941103,0.07904350714048489,-0.05406968501907379,0.351431609947644,3,1
"high_cancel, is_winter","hub_Large, many_runways",0.08568559634051098,0.6392948789467812,0.05310721856521254,0.6197916666666667,0.9694926192553812,1.0,-0.001671144374777181,0.948703880030384,-0.03327127743941103,0.07904350714048489,-0.05406968501907379,0.351431609947644,2,2
"carrier_dominant, hub_Large, is_fall",tz_Eastern,0.10387147160548924,0.4990516568113355,0.05009483431886645,0.4822771213748657,0.9663871761419452,1.0,-0.0017423956812845434,0.9675993931714663,-0.0373633601185583,0.09061553985872856,-0.03348555926883712,0.29132858975070136,3,1
"carrier_dominant, is_fall","hub_Large, tz_Eastern",0.10387147160548924,0.4990516568113355,0.05009483431886645,0.4822771213748657,0.9663871761419452,1.0,-0.0017423956812845434,0.9675993931714663,-0.0373633601185583,0.09061553985872856,-0.03348555926883712,0.29132858975070136,2,2
"carrier_dominant, is_fall",tz_Eastern,0.10387147160548924,0.4990516568113355,0.05009483431886645,0.4822771213748657,0.9663871761419452,1.0,-0.0017423956812845434,0.9675993931714663,-0.0373633601185583,0.09061553985872856,-0.03348555926883712,0.29132858975070136,2,1
"high_delay, hub_Large, northern",many_runways,0.13142920897021088,0.6392948789467812,0.081111235077541,0.6171477079796265,0.9653568772463164,1.0,-0.002910785161141155,0.9421521787155028,-0.03967721234831244,0.11761850833198512,-0.061399657710673496,0.37201189936503143,3,1
"high_delay, northern","hub_Large, many_runways",0.13142920897021088,0.6392948789467812,0.081111235077541,0.6171477079796265,0.9653568772463164,1.0,-0.002910785161141155,0.9421521787155028,-0.03967721234831244,0.11761850833198512,-0.061399657710673496,0.37201189936503143,2,2
"high_delay, northern",many_runways,0.13142920897021088,0.6392948789467812,0.081111235077541,0.6171477079796265,0.9653568772463164,1.0,-0.002910785161141155,0.9421521787155028,-0.03967721234831244,0.11761850833198512,-0.061399657710673496,0.37201189936503143,2,1
"high_cancel, hub_Large",many_runways,0.2500278924467254,0.6392948789467812,0.1541894454981591,0.6166889781347613,0.9646393212952645,1.0,-0.00565210573688904,0.9410246522471054,-0.04659997446599215,0.20974351191379575,-0.06267141632481717,0.428937857304728,2,1
high_cancel,"hub_Large, many_runways",0.2500278924467254,0.6392948789467812,0.1541894454981591,0.6166889781347613,0.9646393212952645,1.0,-0.00565210573688904,0.9410246522471054,-0.04659997446599215,0.20974351191379575,-0.06267141632481717,0.428937857304728,1,2
high_cancel,many_runways,0.2500278924467254,0.6392948789467812,0.1541894454981591,0.6166889781347613,0.9646393212952645,1.0,-0.00565210573688904,0.9410246522471054,-0.04659997446599215,0.20974351191379575,-0.06267141632481717,0.428937857304728,1,1
"hub_Large, many_runways, region_West",late_aircraft_dominant,0.15541671315407787,0.5411134664732791,0.08088809550373759,0.5204594400574301,0.9618305074710815,1.0,-0.003209980898948764,0.9569295526986861,-0.044878070003698256,0.13138818412468284,-0.045009005291819774,0.33497198806995215,3,1
"many_runways, region_West","hub_Large, late_aircraft_dominant",0.15541671315407787,0.5411134664732791,0.08088809550373759,0.5204594400574301,0.9618305074710815,1.0,-0.003209980898948764,0.9569295526986861,-0.044878070003698256,0.13138818412468284,-0.045009005291819774,0.33497198806995215,2,2
"many_runways, region_West",late_aircraft_dominant,0.15541671315407787,0.5411134664732791,0.08088809550373759,0.5204594400574301,0.9618305074710815,1.0,-0.003209980898948764,0.9569295526986861,-0.044878070003698256,0.13138818412468284,-0.045009005291819774,0.33497198806995215,2,1
"region_South, tz_Central",late_aircraft_dominant,0.1529621778422403,0.5411134664732791,0.0795492580609171,0.5200583515681985,0.96108927940325,1.0,-0.0032206362305997466,0.9561298441719369,-0.045616870895392216,0.1294480755265069,-0.04588305249069718,0.3335343304232745,2,1
"hub_Large, region_South, tz_Central",late_aircraft_dominant,0.1529621778422403,0.5411134664732791,0.0795492580609171,0.5200583515681985,0.96108927940325,1.0,-0.0032206362305997466,0.9561298441719369,-0.045616870895392216,0.1294480755265069,-0.04588305249069718,0.3335343304232745,3,1
"region_South, tz_Central","hub_Large, late_aircraft_dominant",0.1529621778422403,0.5411134664732791,0.0795492580609171,0.5200583515681985,0.96108927940325,1.0,-0.0032206362305997466,0.9561298441719369,-0.045616870895392216,0.1294480755265069,-0.04588305249069718,0.3335343304232745,2,2
"is_fall, many_runways",late_aircraft_dominant,0.15285060805533862,0.5411134664732791,0.0794376882740154,0.5197080291970803,0.9604418692151402,1.0,-0.0032718341033573933,0.9554324482243277,-0.04636465304653688,0.12926652142338416,-0.04664647077718696,0.33325607645421024,2,1
"hub_Large, is_fall, many_runways",late_aircraft_dominant,0.15285060805533862,0.5411134664732791,0.0794376882740154,0.5197080291970803,0.9604418692151402,1.0,-0.0032718341033573933,0.9554324482243277,-0.04636465304653688,0.12926652142338416,-0.04664647077718696,0.33325607645421024,3,1
"is_fall, many_runways","hub_Large, late_aircraft_dominant",0.15285060805533862,0.5411134664732791,0.0794376882740154,0.5197080291970803,0.9604418692151402,1.0,-0.0032718341033573933,0.9554324482243277,-0.04636465304653688,0.12926652142338416,-0.04664647077718696,0.33325607645421024,2,2
"high_delay, hub_Large","many_runways, northern",0.2500278924467254,0.33794488452527055,0.081111235077541,0.32440874609549314,0.9599457217741516,1.0,-0.0033844121634643842,0.9799640117429781,-0.052703913443134374,0.1600264142637024,-0.020445636795769287,0.2822109758869674,2,2
high_delay,"hub_Large, many_runways, northern",0.2500278924467254,0.33794488452527055,0.081111235077541,0.32440874609549314,0.9599457217741516,1.0,-0.0033844121634643842,0.9799640117429781,-0.052703913443134374,0.1600264142637024,-0.020445636795769287,0.2822109758869674,1,3
high_delay,"many_runways, northern",0.2500278924467254,0.33794488452527055,0.081111235077541,0.32440874609549314,0.9599457217741516,1.0,-0.0033844121634643842,0.9799640117429781,-0.052703913443134374,0.1600264142637024,-0.020445636795769287,0.2822109758869674,1,2
"hub_Large, northern, tz_Eastern",late_aircraft_dominant,0.3144036594890104,0.5411134664732791,0.16289188887649225,0.518097941802697,0.9574663613149634,1.0,-0.007236165181490617,0.9522402440930041,-0.06085196095056858,0.235180412371134,-0.05015515381046131,0.4095644348188743,3,1
"northern, tz_Eastern","hub_Large, late_aircraft_dominant",0.3144036594890104,0.5411134664732791,0.16289188887649225,0.518097941802697,0.9574663613149634,1.0,-0.007236165181490617,0.9522402440930041,-0.06085196095056858,0.235180412371134,-0.05015515381046131,0.4095644348188743,2,2
"northern, tz_Eastern",late_aircraft_dominant,0.3144036594890104,0.5411134664732791,0.16289188887649225,0.518097941802697,0.9574663613149634,1.0,-0.007236165181490617,0.9522402440930041,-0.06085196095056858,0.235180412371134,-0.05015515381046131,0.4095644348188743,2,1
"hub_Large, late_aircraft_dominant","northern, tz_Eastern",0.5411134664732791,0.3144036594890104,0.16289188887649225,0.30103092783505153,0.9574663613149633,1.0,-0.007236165181490617,0.9808679207900589,-0.08826199839059876,0.235180412371134,-0.019505255299338203,0.4095644348188743,2,2
late_aircraft_dominant,"hub_Large, northern, tz_Eastern",0.5411134664732791,0.3144036594890104,0.16289188887649225,0.30103092783505153,0.9574663613149633,1.0,-0.007236165181490617,0.9808679207900589,-0.08826199839059876,0.235180412371134,-0.019505255299338203,0.4095644348188743,1,3
late_aircraft_dominant,"northern, tz_Eastern",0.5411134664732791,0.3144036594890104,0.16289188887649225,0.30103092783505153,0.9574663613149633,1.0,-0.007236165181490617,0.9808679207900589,-0.08826199839059876,0.235180412371134,-0.019505255299338203,0.4095644348188743,1,2
"many_runways, nas_dominant",northern,0.12462345196920674,0.5009483431886645,0.05968983599241325,0.4789615040286481,0.9561095680643147,1.0,-0.002740075794012975,0.957801891165398,-0.04982757001042396,0.10548107255520504,-0.044057241089029114,0.2990575894308051,2,1
"hub_Large, many_runways, nas_dominant",northern,0.12462345196920674,0.5009483431886645,0.05968983599241325,0.4789615040286481,0.9561095680643147,1.0,-0.002740075794012975,0.957801891165398,-0.04982757001042396,0.10548107255520504,-0.044057241089029114,0.2990575894308051,3,1
"many_runways, nas_dominant","hub_Large, northern",0.12462345196920674,0.5009483431886645,0.05968983599241325,0.4789615040286481,0.9561095680643147,1.0,-0.002740075794012975,0.957801891165398,-0.04982757001042396,0.10548107255520504,-0.044057241089029114,0.2990575894308051,2,2
high_cancel,"many_runways, northern",0.2500278924467254,0.33794488452527055,0.08066495592993417,0.32262382864792505,0.9546640396736059,1.0,-0.0038306913110712215,0.9773817613826539,-0.05955014042872858,0.15900593798108642,-0.023141662256260152,0.2806582332410969,1,2
"high_cancel, hub_Large","many_runways, northern",0.2500278924467254,0.33794488452527055,0.08066495592993417,0.32262382864792505,0.9546640396736059,1.0,-0.0038306913110712215,0.9773817613826539,-0.05955014042872858,0.15900593798108642,-0.023141662256260152,0.2806582332410969,2,2
high_cancel,"hub_Large, many_runways, northern",0.2500278924467254,0.33794488452527055,0.08066495592993417,0.32262382864792505,0.9546640396736059,1.0,-0.0038306913110712215,0.9773817613826539,-0.05955014042872858,0.15900593798108642,-0.023141662256260152,0.2806582332410969,1,3
"northern, tz_Eastern","late_aircraft_dominant, many_runways",0.3144036594890104,0.35244895682249244,0.10576815798281826,0.33640880056777855,0.9544894205409938,1.0,-0.005043083825257574,0.975828256510276,-0.06502393510221632,0.1885066613640883,-0.024770489405754752,0.318251883664706,2,2
"hub_Large, northern, tz_Eastern","late_aircraft_dominant, many_runways",0.3144036594890104,0.35244895682249244,0.10576815798281826,0.33640880056777855,0.9544894205409938,1.0,-0.005043083825257574,0.975828256510276,-0.06502393510221632,0.1885066613640883,-0.024770489405754752,0.318251883664706,3,2
"northern, tz_Eastern","hub_Large, late_aircraft_dominant, many_runways",0.3144036594890104,0.35244895682249244,0.10576815798281826,0.33640880056777855,0.9544894205409938,1.0,-0.005043083825257574,0.975828256510276,-0.06502393510221632,0.1885066613640883,-0.024770489405754752,0.318251883664706,2,3
"late_aircraft_dominant, many_runways","northern, tz_Eastern",0.35244895682249244,0.3144036594890104,0.10576815798281826,0.30009496676163344,0.9544894205409937,1.0,-0.005043083825257574,0.9795562368494873,-0.06858225289597818,0.1885066613640883,-0.020870433346701318,0.318251883664706,2,2
"hub_Large, late_aircraft_dominant, many_runways","northern, tz_Eastern",0.35244895682249244,0.3144036594890104,0.10576815798281826,0.30009496676163344,0.9544894205409937,1.0,-0.005043083825257574,0.9795562368494873,-0.06858225289597818,0.1885066613640883,-0.020870433346701318,0.318251883664706,3,2
"late_aircraft_dominant, many_runways","hub_Large, northern, tz_Eastern",0.35244895682249244,0.3144036594890104,0.10576815798281826,0.30009496676163344,0.9544894205409937,1.0,-0.005043083825257574,0.9795562368494873,-0.06858225289597818,0.1885066613640883,-0.020870433346701318,0.318251883664706,2,3
"carrier_dominant, hub_Large, late_aircraft_dominant",region_South,0.11960281155862992,0.4436014727211871,0.05054111346647328,0.42257462686567165,0.9525996933091084,1.0,-0.002514869882529573,0.9635851716363285,-0.053495208459547264,0.0985854189336235,-0.03779098042971426,0.2682541142376648,3,1
"carrier_dominant, late_aircraft_dominant","hub_Large, region_South",0.11960281155862992,0.4436014727211871,0.05054111346647328,0.42257462686567165,0.9525996933091084,1.0,-0.002514869882529573,0.9635851716363285,-0.053495208459547264,0.0985854189336235,-0.03779098042971426,0.2682541142376648,2,2
"carrier_dominant, late_aircraft_dominant",region_South,0.11960281155862992,0.4436014727211871,0.05054111346647328,0.42257462686567165,0.9525996933091084,1.0,-0.002514869882529573,0.9635851716363285,-0.053495208459547264,0.0985854189336235,-0.03779098042971426,0.2682541142376648,2,1
"carrier_dominant, region_West",many_runways,0.10799955372085239,0.6392948789467812,0.06571460448510544,0.6084710743801653,0.9517846840609813,1.0,-0.00332895713717328,0.9212732379406752,-0.053739303701726825,0.09641512522507778,-0.08545430260766396,0.3556316977485469,2,1
"carrier_dominant, hub_Large, region_West",many_runways,0.10799955372085239,0.6392948789467812,0.06571460448510544,0.6084710743801653,0.9517846840609813,1.0,-0.00332895713717328,0.9212732379406752,-0.053739303701726825,0.09641512522507778,-0.08545430260766396,0.3556316977485469,3,1
"carrier_dominant, region_West","hub_Large, many_runways",0.10799955372085239,0.6392948789467812,0.06571460448510544,0.6084710743801653,0.9517846840609813,1.0,-0.00332895713717328,0.9212732379406752,-0.053739303701726825,0.09641512522507778,-0.08545430260766396,0.3556316977485469,2,2
"carrier_dominant, hub_Large",region_South,0.37096954144817584,0.4436014727211871,0.155751422514783,0.41984962406015036,0.9464567858277484,1.0,-0.008811212406331259,0.9590591514785136,-0.0825146587398729,0.23640982218458934,-0.04268855415056594,0.38547813194959224,2,1
carrier_dominant,"hub_Large, region_South",0.37096954144817584,0.4436014727211871,0.155751422514783,0.41984962406015036,0.9464567858277484,1.0,-0.008811212406331259,0.9590591514785136,-0.0825146587398729,0.23640982218458934,-0.04268855415056594,0.38547813194959224,1,2
carrier_dominant,region_South,0.37096954144817584,0.4436014727211871,0.155751422514783,0.41984962406015036,0.9464567858277484,1.0,-0.008811212406331259,0.9590591514785136,-0.0825146587398729,0.23640982218458934,-0.04268855415056594,0.38547813194959224,1,1
"hub_Large, region_South",carrier_dominant,0.4436014727211871,0.37096954144817584,0.155751422514783,0.3511066398390342,0.9464567858277483,1.0,-0.008811212406331259,0.9693895748845165,-0.09229195807295817,0.23640982218458934,-0.03157701084120908,0.38547813194959224,2,1
region_South,"carrier_dominant, hub_Large",0.4436014727211871,0.37096954144817584,0.155751422514783,0.3511066398390342,0.9464567858277483,1.0,-0.008811212406331259,0.9693895748845165,-0.09229195807295817,0.23640982218458934,-0.03157701084120908,0.38547813194959224,1,2
region_South,carrier_dominant,0.4436014727211871,0.37096954144817584,0.155751422514783,0.3511066398390342,0.9464567858277483,1.0,-0.008811212406331259,0.9693895748845165,-0.09229195807295817,0.23640982218458934,-0.03157701084120908,0.38547813194959224,1,1
"high_cancel, is_summer",many_runways,0.09159879504630146,0.6392948789467812,0.05511547472944327,0.6017052375152253,0.9412014038130829,1.0,-0.0034431658613530425,0.9056235608094576,-0.06434605732449097,0.08155852732375764,-0.10421155463997372,0.34395907600019554,2,1
"high_cancel, hub_Large, is_summer",many_runways,0.09159879504630146,0.6392948789467812,0.05511547472944327,0.6017052375152253,0.9412014038130829,1.0,-0.0034431658613530425,0.9056235608094576,-0.06434605732449097,0.08155852732375764,-0.10421155463997372,0.34395907600019554,3,1
"high_cancel, is_summer","hub_Large, many_runways",0.09159879504630146,0.6392948789467812,0.05511547472944327,0.6017052375152253,0.9412014038130829,1.0,-0.0034431658613530425,0.9056235608094576,-0.06434605732449097,0.08155852732375764,-0.10421155463997372,0.34395907600019554,2,2
is_fall,"late_aircraft_dominant, many_runways",0.23965190226486668,0.35244895682249244,0.0794376882740154,0.33147113594040967,0.9404798326792947,1.0,-0.005027374679762775,0.9686209197390573,-0.07683866308382008,0.15495103373231778,-0.03239562518368503,0.2784294584418731,1,2
"hub_Large, is_fall","late_aircraft_dominant, many_runways",0.23965190226486668,0.35244895682249244,0.0794376882740154,0.33147113594040967,0.9404798326792947,1.0,-0.005027374679762775,0.9686209197390573,-0.07683866308382008,0.15495103373231778,-0.03239562518368503,0.2784294584418731,2,2
is_fall,"hub_Large, late_aircraft_dominant, many_runways",0.23965190226486668,0.35244895682249244,0.0794376882740154,0.33147113594040967,0.9404798326792947,1.0,-0.005027374679762775,0.9686209197390573,-0.07683866308382008,0.15495103373231778,-0.03239562518368503,0.2784294584418731,1,3
"carrier_dominant, hub_Large, late_aircraft_dominant",tz_Eastern,0.11960281155862992,0.4990516568113355,0.05611960281155863,0.46921641791044777,0.94021613094821,1.0,-0.003568378456069582,0.9437902001726686,-0.06735850031956092,0.09976199920666402,-0.05955751587275207,0.29083445532231533,3,1
"carrier_dominant, late_aircraft_dominant","hub_Large, tz_Eastern",0.11960281155862992,0.4990516568113355,0.05611960281155863,0.46921641791044777,0.94021613094821,1.0,-0.003568378456069582,0.9437902001726686,-0.06735850031956092,0.09976199920666402,-0.05955751587275207,0.29083445532231533,2,2
"carrier_dominant, late_aircraft_dominant",tz_Eastern,0.11960281155862992,0.4990516568113355,0.05611960281155863,0.46921641791044777,0.94021613094821,1.0,-0.003568378456069582,0.9437902001726686,-0.06735850031956092,0.09976199920666402,-0.05955751587275207,0.29083445532231533,2,1
"is_summer, late_aircraft_dominant",northern,0.15921008590873592,0.5009483431886645,0.07497489679794711,0.4709180098107918,0.9400530338383355,1.0,-0.004781131956959103,0.9432406811520206,-0.07049813464271178,0.1281220209723546,-0.06017479947817427,0.3102919670434805,2,1
"hub_Large, is_summer, late_aircraft_dominant",northern,0.15921008590873592,0.5009483431886645,0.07497489679794711,0.4709180098107918,0.9400530338383355,1.0,-0.004781131956959103,0.9432406811520206,-0.07049813464271178,0.1281220209723546,-0.06017479947817427,0.3102919670434805,3,1
"is_summer, late_aircraft_dominant","hub_Large, northern",0.15921008590873592,0.5009483431886645,0.07497489679794711,0.4709180098107918,0.9400530338383355,1.0,-0.004781131956959103,0.9432406811520206,-0.07049813464271178,0.1281220209723546,-0.06017479947817427,0.3102919670434805,2,2
"high_cancel, northern",many_runways,0.13444159321655696,0.6392948789467812,0.08066495592993417,0.5999999999999999,0.9385340314136125,1.0,-0.005282866130857017,0.9017628026330468,-0.07034152186938299,0.11638763683193817,-0.10893906588308096,0.36308900523560206,2,1
"high_cancel, hub_Large, northern",many_runways,0.13444159321655696,0.6392948789467812,0.08066495592993417,0.5999999999999999,0.9385340314136125,1.0,-0.005282866130857017,0.9017628026330468,-0.07034152186938299,0.11638763683193817,-0.10893906588308096,0.36308900523560206,3,1
"high_cancel, northern","hub_Large, many_runways",0.13444159321655696,0.6392948789467812,0.08066495592993417,0.5999999999999999,0.9385340314136125,1.0,-0.005282866130857017,0.9017628026330468,-0.07034152186938299,0.11638763683193817,-0.10893906588308096,0.36308900523560206,2,2
"hub_Large, late_aircraft_dominant, region_West",many_runways,0.13555729108557402,0.6392948789467812,0.08088809550373759,0.5967078189300412,0.9333843247940593,1.0,-0.005772986491168031,0.8944014736319611,-0.07626529848752055,0.11655948553054662,-0.11806613638417573,0.36161743477043073,3,1
"late_aircraft_dominant, region_West","hub_Large, many_runways",0.13555729108557402,0.6392948789467812,0.08088809550373759,0.5967078189300412,0.9333843247940593,1.0,-0.005772986491168031,0.8944014736319611,-0.07626529848752055,0.11655948553054662,-0.11806613638417573,0.36161743477043073,2,2
"late_aircraft_dominant, region_West",many_runways,0.13555729108557402,0.6392948789467812,0.08088809550373759,0.5967078189300412,0.9333843247940593,1.0,-0.005772986491168031,0.8944014736319611,-0.07626529848752055,0.11655948553054662,-0.11806613638417573,0.36161743477043073,2,1
"hub_Large, is_summer, many_runways",carrier_dominant,0.17895793819033806,0.37096954144817584,0.06136338279593886,0.34289276807980046,0.9243151519696997,1.0,-0.005024561473041846,0.9572721589346544,-0.09068544854081018,0.12559945192966432,-0.0446349981732438,0.2541531509571935,3,1
"is_summer, many_runways","carrier_dominant, hub_Large",0.17895793819033806,0.37096954144817584,0.06136338279593886,0.34289276807980046,0.9243151519696997,1.0,-0.005024561473041846,0.9572721589346544,-0.09068544854081018,0.12559945192966432,-0.0446349981732438,0.2541531509571935,2,2
"is_summer, many_runways",carrier_dominant,0.17895793819033806,0.37096954144817584,0.06136338279593886,0.34289276807980046,0.9243151519696997,1.0,-0.005024561473041846,0.9572721589346544,-0.09068544854081018,0.12559945192966432,-0.0446349981732438,0.2541531509571935,2,1
"is_fall, tz_Eastern",late_aircraft_dominant,0.11837554390271114,0.5411134664732791,0.05913198705790472,0.4995287464655985,0.9231497225919916,1.0,-0.004922613848951138,0.916908873958288,-0.08627866792334274,0.09849470358669392,-0.0906209203571215,0.3044035484905312,2,1
"hub_Large, is_fall, tz_Eastern",late_aircraft_dominant,0.11837554390271114,0.5411134664732791,0.05913198705790472,0.4995287464655985,0.9231497225919916,1.0,-0.004922613848951138,0.916908873958288,-0.08627866792334274,0.09849470358669392,-0.0906209203571215,0.3044035484905312,3,1
"is_fall, tz_Eastern","hub_Large, late_aircraft_dominant",0.11837554390271114,0.5411134664732791,0.05913198705790472,0.4995287464655985,0.9231497225919916,1.0,-0.004922613848951138,0.916908873958288,-0.08627866792334274,0.09849470358669392,-0.0906209203571215,0.3044035484905312,2,2
"hub_Large, is_fall",late_aircraft_dominant,0.23965190226486668,0.5411134664732791,0.11949124177172822,0.49860335195530725,0.921439555376375,1.0,-0.010187629809729273,0.9152165961145743,-0.10082512739470267,0.1806984983971655,-0.09263752891431594,0.35971404711167426,2,1
is_fall,"hub_Large, late_aircraft_dominant",0.23965190226486668,0.5411134664732791,0.11949124177172822,0.49860335195530725,0.921439555376375,1.0,-0.010187629809729273,0.9152165961145743,-0.10082512739470267,0.1806984983971655,-0.09263752891431594,0.35971404711167426,1,2
is_fall,late_aircraft_dominant,0.23965190226486668,0.5411134664732791,0.11949124177172822,0.49860335195530725,0.921439555376375,1.0,-0.010187629809729273,0.9152165961145743,-0.10082512739470267,0.1806984983971655,-0.09263752891431594,0.35971404711167426,1,1
"hub_Large, late_aircraft_dominant, many_runways, tz_Central",northern,0.11424746178734799,0.5009483431886645,0.05254936963070401,0.4599609375,0.9181803747912026,1.0,-0.004682707065178232,0.9241028871153842,-0.09140833968337903,0.09339678762641285,-0.08213058734350556,0.2824303573914254,4,1
"late_aircraft_dominant, many_runways, tz_Central","hub_Large, northern",0.11424746178734799,0.5009483431886645,0.05254936963070401,0.4599609375,0.9181803747912026,1.0,-0.004682707065178232,0.9241028871153842,-0.09140833968337903,0.09339678762641285,-0.08213058734350556,0.2824303573914254,3,2
"late_aircraft_dominant, many_runways, tz_Central",northern,0.11424746178734799,0.5009483431886645,0.05254936963070401,0.4599609375,0.9181803747912026,1.0,-0.004682707065178232,0.9241028871153842,-0.09140833968337903,0.09339678762641285,-0.08213058734350556,0.2824303573914254,3,1
"hub_Large, northern, tz_Eastern",carrier_dominant,0.3144036594890104,0.37096954144817584,0.10688385585183532,0.33995741660752304,0.9164025037754072,1.0,-0.009750325538431276,0.9530149635478711,-0.11743205532182967,0.18476374156219866,-0.0493014677096082,0.3140388586797014,3,1
"northern, tz_Eastern","carrier_dominant, hub_Large",0.3144036594890104,0.37096954144817584,0.10688385585183532,0.33995741660752304,0.9164025037754072,1.0,-0.009750325538431276,0.9530149635478711,-0.11743205532182967,0.18476374156219866,-0.0493014677096082,0.3140388586797014,2,2
"northern, tz_Eastern",carrier_dominant,0.3144036594890104,0.37096954144817584,0.10688385585183532,0.33995741660752304,0.9164025037754072,1.0,-0.009750325538431276,0.9530149635478711,-0.11743205532182967,0.18476374156219866,-0.0493014677096082,0.3140388586797014,2,1
"hub_Large, is_spring, many_runways",carrier_dominant,0.1527390382684369,0.37096954144817584,0.05176838112239206,0.3389335281227173,0.9136424699440346,1.0,-0.004893149865285364,0.9515388925496654,-0.1003630854372893,0.10969267139479905,-0.05092919252147654,0.23924120015158423,3,1
"is_spring, many_runways","carrier_dominant, hub_Large",0.1527390382684369,0.37096954144817584,0.05176838112239206,0.3389335281227173,0.9136424699440346,1.0,-0.004893149865285364,0.9515388925496654,-0.1003630854372893,0.10969267139479905,-0.05092919252147654,0.23924120015158423,2,2
"is_spring, many_runways",carrier_dominant,0.1527390382684369,0.37096954144817584,0.05176838112239206,0.3389335281227173,0.9136424699440346,1.0,-0.004893149865285364,0.9515388925496654,-0.1003630854372893,0.10969267139479905,-0.05092919252147654,0.23924120015158423,2,1
nas_dominant,region_South,0.21521811893339285,0.4436014727211871,0.08713600357023318,0.4048729911871436,0.9126953269643783,1.0,-0.008335070944903489,0.9349240062028137,-0.1086458153332182,0.1524199843871975,-0.06960565068971968,0.3006507813078575,1,1
"hub_Large, nas_dominant",region_South,0.21521811893339285,0.4436014727211871,0.08713600357023318,0.4048729911871436,0.9126953269643783,1.0,-0.008335070944903489,0.9349240062028137,-0.1086458153332182,0.1524199843871975,-0.06960565068971968,0.3006507813078575,2,1
nas_dominant,"hub_Large, region_South",0.21521811893339285,0.4436014727211871,0.08713600357023318,0.4048729911871436,0.9126953269643783,1.0,-0.008335070944903489,0.9349240062028137,-0.1086458153332182,0.1524199843871975,-0.06960565068971968,0.3006507813078575,1,2
"hub_Large, is_summer",carrier_dominant,0.28070958384469485,0.37096954144817584,0.09494588865335267,0.3382352941176471,0.9117602830605926,1.0,-0.009188816945622055,0.9505349151449788,-0.11859218222454718,0.17054108216432864,-0.0520392087306721,0.2970875718708536,2,1
is_summer,"carrier_dominant, hub_Large",0.28070958384469485,0.37096954144817584,0.09494588865335267,0.3382352941176471,0.9117602830605926,1.0,-0.009188816945622055,0.9505349151449788,-0.11859218222454718,0.17054108216432864,-0.0520392087306721,0.2970875718708536,1,2
is_summer,carrier_dominant,0.28070958384469485,0.37096954144817584,0.09494588865335267,0.3382352941176471,0.9117602830605926,1.0,-0.009188816945622055,0.9505349151449788,-0.11859218222454718,0.17054108216432864,-0.0520392087306721,0.2970875718708536,1,1
"high_cancel, high_delay, hub_Large",many_runways,0.10197478522816021,0.6392948789467812,0.05935512663170813,0.5820568927789934,0.9104670034865826,1.0,-0.005836831346352565,0.8630483786456596,-0.09869643517158178,0.08704188481675394,-0.15868359728483808,0.3374507849584321,3,1
"high_cancel, high_delay","hub_Large, many_runways",0.10197478522816021,0.6392948789467812,0.05935512663170813,0.5820568927789934,0.9104670034865826,1.0,-0.005836831346352565,0.8630483786456596,-0.09869643517158178,0.08704188481675394,-0.15868359728483808,0.3374507849584321,2,2
"high_cancel, high_delay",many_runways,0.10197478522816021,0.6392948789467812,0.05935512663170813,0.5820568927789934,0.9104670034865826,1.0,-0.005836831346352565,0.8630483786456596,-0.09869643517158178,0.08704188481675394,-0.15868359728483808,0.3374507849584321,2,1
"carrier_dominant, hub_Large, region_South",many_runways,0.155751422514783,0.6392948789467812,0.0905946669641861,0.5816618911174785,0.9098491326502548,1.0,-0.008976419838191058,0.8622334742984477,-0.10503547578569324,0.1286031042128603,-0.15977867921869474,0.3616860939007986,3,1
"carrier_dominant, region_South","hub_Large, many_runways",0.155751422514783,0.6392948789467812,0.0905946669641861,0.5816618911174785,0.9098491326502548,1.0,-0.008976419838191058,0.8622334742984477,-0.10503547578569324,0.1286031042128603,-0.15977867921869474,0.3616860939007986,2,2
"carrier_dominant, region_South",many_runways,0.155751422514783,0.6392948789467812,0.0905946669641861,0.5816618911174785,0.9098491326502548,1.0,-0.008976419838191058,0.8622334742984477,-0.10503547578569324,0.1286031042128603,-0.15977867921869474,0.3616860939007986,2,1
tz_Eastern,carrier_dominant,0.4990516568113355,0.37096954144817584,0.16780095950016735,0.33623966018332213,0.906380774202441,1.0,-0.017332004786086208,0.9476770768279924,-0.17094120031679508,0.23895773752780422,-0.05521176406117131,0.39428524362549566,1,1
"hub_Large, tz_Eastern",carrier_dominant,0.4990516568113355,0.37096954144817584,0.16780095950016735,0.33623966018332213,0.906380774202441,1.0,-0.017332004786086208,0.9476770768279924,-0.17094120031679508,0.23895773752780422,-0.05521176406117131,0.39428524362549566,2,1
tz_Eastern,"carrier_dominant, hub_Large",0.4990516568113355,0.37096954144817584,0.16780095950016735,0.33623966018332213,0.906380774202441,1.0,-0.017332004786086208,0.9476770768279924,-0.17094120031679508,0.23895773752780422,-0.05521176406117131,0.39428524362549566,1,2
carrier_dominant,tz_Eastern,0.37096954144817584,0.4990516568113355,0.16780095950016735,0.45233082706766914,0.9063807742024409,1.0,-0.017332004786086208,0.9146915107645851,-0.14104371741073818,0.23895773752780422,-0.0932647654771674,0.39428524362549566,1,1
"carrier_dominant, hub_Large",tz_Eastern,0.37096954144817584,0.4990516568113355,0.16780095950016735,0.45233082706766914,0.9063807742024409,1.0,-0.017332004786086208,0.9146915107645851,-0.14104371741073818,0.23895773752780422,-0.0932647654771674,0.39428524362549566,2,1
carrier_dominant,"hub_Large, tz_Eastern",0.37096954144817584,0.4990516568113355,0.16780095950016735,0.45233082706766914,0.9063807742024409,1.0,-0.017332004786086208,0.9146915107645851,-0.14104371741073818,0.23895773752780422,-0.0932647654771674,0.39428524362549566,1,2
"hub_Large, region_West","late_aircraft_dominant, many_runways",0.2533749860537766,0.35244895682249244,0.08088809550373759,0.3192426243945399,0.9057839957101175,1.0,-0.008413654015829553,0.9512214870996893,-0.12227952241238246,0.1540913921360255,-0.05127986863400049,0.2743728158376625,2,2
region_West,"hub_Large, late_aircraft_dominant, many_runways",0.2533749860537766,0.35244895682249244,0.08088809550373759,0.3192426243945399,0.9057839957101175,1.0,-0.008413654015829553,0.9512214870996893,-0.12227952241238246,0.1540913921360255,-0.05127986863400049,0.2743728158376625,1,3
region_West,"late_aircraft_dominant, many_runways",0.2533749860537766,0.35244895682249244,0.08088809550373759,0.3192426243945399,0.9057839957101175,1.0,-0.008413654015829553,0.9512214870996893,-0.12227952241238246,0.1540913921360255,-0.05127986863400049,0.2743728158376625,1,2
nas_dominant,many_runways,0.21521811893339285,0.6392948789467812,0.12462345196920674,0.5790565059616382,0.9057737282607614,1.0,-0.012964389321470593,0.8568967715660827,-0.11704238826486822,0.17074289208193216,-0.1670017126711527,0.38699771196860266,1,1
"hub_Large, nas_dominant",many_runways,0.21521811893339285,0.6392948789467812,0.12462345196920674,0.5790565059616382,0.9057737282607614,1.0,-0.012964389321470593,0.8568967715660827,-0.11704238826486822,0.17074289208193216,-0.1670017126711527,0.38699771196860266,2,1
nas_dominant,"hub_Large, many_runways",0.21521811893339285,0.6392948789467812,0.12462345196920674,0.5790565059616382,0.9057737282607614,1.0,-0.012964389321470593,0.8568967715660827,-0.11704238826486822,0.17074289208193216,-0.1670017126711527,0.38699771196860266,1,2
"region_South, tz_Eastern",carrier_dominant,0.2906392948789468,0.37096954144817584,0.09728885417828852,0.3347408829174664,0.9023406116057898,1.0,-0.010529471769775534,0.9455420337723611,-0.1323756487610064,0.1724001581652827,-0.05759444242829882,0.29849826100760535,2,1
"hub_Large, region_South, tz_Eastern",carrier_dominant,0.2906392948789468,0.37096954144817584,0.09728885417828852,0.3347408829174664,0.9023406116057898,1.0,-0.010529471769775534,0.9455420337723611,-0.1323756487610064,0.1724001581652827,-0.05759444242829882,0.29849826100760535,3,1
"region_South, tz_Eastern","carrier_dominant, hub_Large",0.2906392948789468,0.37096954144817584,0.09728885417828852,0.3347408829174664,0.9023406116057898,1.0,-0.010529471769775534,0.9455420337723611,-0.1323756487610064,0.1724001581652827,-0.05759444242829882,0.29849826100760535,2,2
"hub_Large, late_aircraft_dominant, tz_Eastern",many_runways,0.2734575476960839,0.6392948789467812,0.15731339953140688,0.5752753977968176,0.8998592304455282,1.0,-0.01750661032004469,0.8492682533155036,-0.13282560406183402,0.20824102791315907,-0.17748425906190027,0.41067434811306847,3,1
"late_aircraft_dominant, tz_Eastern","hub_Large, many_runways",0.2734575476960839,0.6392948789467812,0.15731339953140688,0.5752753977968176,0.8998592304455282,1.0,-0.01750661032004469,0.8492682533155036,-0.13282560406183402,0.20824102791315907,-0.17748425906190027,0.41067434811306847,2,2
"late_aircraft_dominant, tz_Eastern",many_runways,0.2734575476960839,0.6392948789467812,0.15731339953140688,0.5752753977968176,0.8998592304455282,1.0,-0.01750661032004469,0.8492682533155036,-0.13282560406183402,0.20824102791315907,-0.17748425906190027,0.41067434811306847,2,1
"late_aircraft_dominant, many_runways",region_South,0.35244895682249244,0.4436014727211871,0.14013165234854402,0.3975941753719532,0.8962868696828009,1.0,-0.016215223956959707,0.9236274028763899,-0.1516041934342586,0.21364177581221297,-0.08268766916807373,0.3567447738026768,2,1
"hub_Large, late_aircraft_dominant, many_runways",region_South,0.35244895682249244,0.4436014727211871,0.14013165234854402,0.3975941753719532,0.8962868696828009,1.0,-0.016215223956959707,0.9236274028763899,-0.1516041934342586,0.21364177581221297,-0.08268766916807373,0.3567447738026768,3,1
"late_aircraft_dominant, many_runways","hub_Large, region_South",0.35244895682249244,0.4436014727211871,0.14013165234854402,0.3975941753719532,0.8962868696828009,1.0,-0.016215223956959707,0.9236274028763899,-0.1516041934342586,0.21364177581221297,-0.08268766916807373,0.3567447738026768,2,2
region_South,"late_aircraft_dominant, many_runways",0.4436014727211871,0.35244895682249244,0.14013165234854402,0.3158953722334004,0.8962868696828009,1.0,-0.016215223956959707,0.9465672601741801,-0.17216488632266516,0.21364177581221297,-0.05644896255548446,0.3567447738026768,1,2
"hub_Large, region_South","late_aircraft_dominant, many_runways",0.4436014727211871,0.35244895682249244,0.14013165234854402,0.3158953722334004,0.8962868696828009,1.0,-0.016215223956959707,0.9465672601741801,-0.17216488632266516,0.21364177581221297,-0.05644896255548446,0.3567447738026768,2,2
region_South,"hub_Large, late_aircraft_dominant, many_runways",0.4436014727211871,0.35244895682249244,0.14013165234854402,0.3158953722334004,0.8962868696828009,1.0,-0.016215223956959707,0.9465672601741801,-0.17216488632266516,0.21364177581221297,-0.05644896255548446,0.3567447738026768,1,3
"hub_Large, late_aircraft_dominant, many_runways",tz_Eastern,0.35244895682249244,0.4990516568113355,0.15731339953140688,0.44634377967711303,0.8943839251611813,1.0,-0.018576836312284822,0.9048003522772964,-0.15423464014170296,0.2266152362584378,-0.10521619215011939,0.38078423054948873,3,1
"late_aircraft_dominant, many_runways","hub_Large, tz_Eastern",0.35244895682249244,0.4990516568113355,0.15731339953140688,0.44634377967711303,0.8943839251611813,1.0,-0.018576836312284822,0.9048003522772964,-0.15423464014170296,0.2266152362584378,-0.10521619215011939,0.38078423054948873,2,2
"late_aircraft_dominant, many_runways",tz_Eastern,0.35244895682249244,0.4990516568113355,0.15731339953140688,0.44634377967711303,0.8943839251611813,1.0,-0.018576836312284822,0.9048003522772964,-0.15423464014170296,0.2266152362584378,-0.10521619215011939,0.38078423054948873,2,1
"hub_Large, tz_Eastern","late_aircraft_dominant, many_runways",0.4990516568113355,0.35244895682249244,0.15731339953140688,0.3152246814218645,0.8943839251611813,1.0,-0.018576836312284822,0.9456401619761642,-0.19076110944301222,0.2266152362584378,-0.0574846968324997,0.38078423054948873,2,2
tz_Eastern,"hub_Large, late_aircraft_dominant, many_runways",0.4990516568113355,0.35244895682249244,0.15731339953140688,0.3152246814218645,0.8943839251611813,1.0,-0.018576836312284822,0.9456401619761642,-0.19076110944301222,0.2266152362584378,-0.0574846968324997,0.38078423054948873,1,3
tz_Eastern,"late_aircraft_dominant, many_runways",0.4990516568113355,0.35244895682249244,0.15731339953140688,0.3152246814218645,0.8943839251611813,1.0,-0.018576836312284822,0.9456401619761642,-0.19076110944301222,0.2266152362584378,-0.0574846968324997,0.38078423054948873,1,2
"hub_Large, is_fall, northern",late_aircraft_dominant,0.12038380006694187,0.5411134664732791,0.058239428762691066,0.4837812789620019,0.8940477532652418,1.0,-0.006901866598758015,0.8889381861316553,-0.11873114525498554,0.0965415202515258,-0.12493761163714498,0.29570507247069167,3,1
"is_fall, northern","hub_Large, late_aircraft_dominant",0.12038380006694187,0.5411134664732791,0.058239428762691066,0.4837812789620019,0.8940477532652418,1.0,-0.006901866598758015,0.8889381861316553,-0.11873114525498554,0.0965415202515258,-0.12493761163714498,0.29570507247069167,2,2
"is_fall, northern",late_aircraft_dominant,0.12038380006694187,0.5411134664732791,0.058239428762691066,0.4837812789620019,0.8940477532652418,1.0,-0.006901866598758015,0.8889381861316553,-0.11873114525498554,0.0965415202515258,-0.12493761163714498,0.29570507247069167,2,1
"high_cancel, hub_Large, many_runways",carrier_dominant,0.1541894454981591,0.37096954144817584,0.050764253040276694,0.329232995658466,0.8874933353644603,1.0,-0.006435334852323893,0.9377778788766138,-0.13034308707775943,0.1070084666039511,-0.06635059594061184,0.23303755046081193,3,1
"high_cancel, many_runways","carrier_dominant, hub_Large",0.1541894454981591,0.37096954144817584,0.050764253040276694,0.329232995658466,0.8874933353644603,1.0,-0.006435334852323893,0.9377778788766138,-0.13034308707775943,0.1070084666039511,-0.06635059594061184,0.23303755046081193,2,2
"high_cancel, many_runways",carrier_dominant,0.1541894454981591,0.37096954144817584,0.050764253040276694,0.329232995658466,0.8874933353644603,1.0,-0.006435334852323893,0.9377778788766138,-0.13034308707775943,0.1070084666039511,-0.06635059594061184,0.23303755046081193,2,1
"high_cancel, hub_Large, region_South",many_runways,0.1270779872810443,0.6392948789467812,0.07196251255160102,0.5662862159789288,0.885798142027773,1.0,-0.009277793944034787,0.8316662608899112,-0.1286876393669342,0.10363110539845757,-0.20240539628235713,0.3394258305025534,3,1
"high_cancel, region_South","hub_Large, many_runways",0.1270779872810443,0.6392948789467812,0.07196251255160102,0.5662862159789288,0.885798142027773,1.0,-0.009277793944034787,0.8316662608899112,-0.1286876393669342,0.10363110539845757,-0.20240539628235713,0.3394258305025534,2,2
"high_cancel, region_South",many_runways,0.1270779872810443,0.6392948789467812,0.07196251255160102,0.5662862159789288,0.885798142027773,1.0,-0.009277793944034787,0.8316662608899112,-0.1286876393669342,0.10363110539845757,-0.20240539628235713,0.3394258305025534,2,1
"late_aircraft_dominant, northern, tz_Eastern",region_South,0.16289188887649225,0.4436014727211871,0.06370634832087471,0.39109589041095894,0.881637944102974,1.0,-0.008552733479073205,0.9137703597604802,-0.13821072958783412,0.11736896197327855,-0.09436686068710148,0.26735378021553985,3,1
"hub_Large, late_aircraft_dominant, northern, tz_Eastern",region_South,0.16289188887649225,0.4436014727211871,0.06370634832087471,0.39109589041095894,0.881637944102974,1.0,-0.008552733479073205,0.9137703597604802,-0.13821072958783412,0.11736896197327855,-0.09436686068710148,0.26735378021553985,4,1
"late_aircraft_dominant, northern, tz_Eastern","hub_Large, region_South",0.16289188887649225,0.4436014727211871,0.06370634832087471,0.39109589041095894,0.881637944102974,1.0,-0.008552733479073205,0.9137703597604802,-0.13821072958783412,0.11736896197327855,-0.09436686068710148,0.26735378021553985,3,2
"high_delay, hub_Large, many_runways",region_South,0.1555282829409796,0.4436014727211871,0.06002454535311837,0.38593974175035867,0.8700145637093724,1.0,-0.008968030009297655,0.906097601666665,-0.15032638007316332,0.11134105960264902,-0.10363386699248753,0.2606258064888614,3,1
"high_delay, many_runways","hub_Large, region_South",0.1555282829409796,0.4436014727211871,0.06002454535311837,0.38593974175035867,0.8700145637093724,1.0,-0.008968030009297655,0.906097601666665,-0.15032638007316332,0.11134105960264902,-0.10363386699248753,0.2606258064888614,2,2
"high_delay, many_runways",region_South,0.1555282829409796,0.4436014727211871,0.06002454535311837,0.38593974175035867,0.8700145637093724,1.0,-0.008968030009297655,0.906097601666665,-0.15032638007316332,0.11134105960264902,-0.10363386699248753,0.2606258064888614,2,1
"hub_Large, is_spring",carrier_dominant,0.23753207631373424,0.37096954144817584,0.07653687381457101,0.32221700328792857,0.8685807520209635,1.0,-0.01158029161476809,0.9280705795265651,-0.16558128061019176,0.1438758389261745,-0.0775042567453523,0.2642663963808064,2,1
is_spring,"carrier_dominant, hub_Large",0.23753207631373424,0.37096954144817584,0.07653687381457101,0.32221700328792857,0.8685807520209635,1.0,-0.01158029161476809,0.9280705795265651,-0.16558128061019176,0.1438758389261745,-0.0775042567453523,0.2642663963808064,1,2
is_spring,carrier_dominant,0.23753207631373424,0.37096954144817584,0.07653687381457101,0.32221700328792857,0.8685807520209635,1.0,-0.01158029161476809,0.9280705795265651,-0.16558128061019176,0.1438758389261745,-0.0775042567453523,0.2642663963808064,1,1
"late_aircraft_dominant, region_South",many_runways,0.2538212652013835,0.6392948789467812,0.14013165234854402,0.5520879120879121,0.8635888230443205,1.0,-0.02213498266249328,0.8053033860609154,-0.1747063129092633,0.18610164468810195,-0.24176803091742763,0.3856425598833976,2,1
"hub_Large, late_aircraft_dominant, region_South",many_runways,0.2538212652013835,0.6392948789467812,0.14013165234854402,0.5520879120879121,0.8635888230443205,1.0,-0.02213498266249328,0.8053033860609154,-0.1747063129092633,0.18610164468810195,-0.24176803091742763,0.3856425598833976,3,1
"late_aircraft_dominant, region_South","hub_Large, many_runways",0.2538212652013835,0.6392948789467812,0.14013165234854402,0.5520879120879121,0.8635888230443205,1.0,-0.02213498266249328,0.8053033860609154,-0.1747063129092633,0.18610164468810195,-0.24176803091742763,0.3856425598833976,2,2
"high_delay, hub_Large, many_runways",tz_Eastern,0.1555282829409796,0.4990516568113355,0.06649559299341738,0.42754662840746055,0.8567181825209186,1.0,-0.011121054289300644,0.8750902135400982,-0.16530811699353395,0.11307152343008915,-0.1427393250743722,0.2803952681496279,3,1
"high_delay, many_runways","hub_Large, tz_Eastern",0.1555282829409796,0.4990516568113355,0.06649559299341738,0.42754662840746055,0.8567181825209186,1.0,-0.011121054289300644,0.8750902135400982,-0.16530811699353395,0.11307152343008915,-0.1427393250743722,0.2803952681496279,2,2
"high_delay, many_runways",tz_Eastern,0.1555282829409796,0.4990516568113355,0.06649559299341738,0.42754662840746055,0.8567181825209186,1.0,-0.011121054289300644,0.8750902135400982,-0.16530811699353395,0.11307152343008915,-0.1427393250743722,0.2803952681496279,2,1
"high_delay, hub_Large, region_South",many_runways,0.11045408903268995,0.6392948789467812,0.06002454535311837,0.5434343434343434,0.85005270858674,1.0,-0.010588188124212146,0.7900399775280678,-0.16548497299652937,0.08702685215140732,-0.26575873176553655,0.3186630704955312,3,1
"high_delay, region_South","hub_Large, many_runways",0.11045408903268995,0.6392948789467812,0.06002454535311837,0.5434343434343434,0.85005270858674,1.0,-0.010588188124212146,0.7900399775280678,-0.16548497299652937,0.08702685215140732,-0.26575873176553655,0.3186630704955312,2,2
"high_delay, region_South",many_runways,0.11045408903268995,0.6392948789467812,0.06002454535311837,0.5434343434343434,0.85005270858674,1.0,-0.010588188124212146,0.7900399775280678,-0.16548497299652937,0.08702685215140732,-0.26575873176553655,0.3186630704955312,2,1
"carrier_dominant, hub_Large, many_runways",tz_Eastern,0.24880062479080664,0.4990516568113355,0.10431775075309606,0.4192825112107623,0.8401585396785295,1.0,-0.019846613264451432,0.8626369152978548,-0.20208333861445377,0.1621012482662968,-0.15923626993717982,0.3141572404030561,3,1
"carrier_dominant, many_runways","hub_Large, tz_Eastern",0.24880062479080664,0.4990516568113355,0.10431775075309606,0.4192825112107623,0.8401585396785295,1.0,-0.019846613264451432,0.8626369152978548,-0.20208333861445377,0.1621012482662968,-0.15923626993717982,0.3141572404030561,2,2
"carrier_dominant, many_runways",tz_Eastern,0.24880062479080664,0.4990516568113355,0.10431775075309606,0.4192825112107623,0.8401585396785295,1.0,-0.019846613264451432,0.8626369152978548,-0.20208333861445377,0.1621012482662968,-0.15923626993717982,0.3141572404030561,2,1
region_Northeast,carrier_dominant,0.16423072631931274,0.37096954144817584,0.050987392614080106,0.31046195652173914,0.8368933883622098,1.0,-0.009937204620296201,0.9122490985106257,-0.18909675163725673,0.10529953917050691,-0.09619182044974321,0.22395278277214775,1,1
"hub_Large, northern, region_Northeast, tz_Eastern",carrier_dominant,0.16423072631931274,0.37096954144817584,0.050987392614080106,0.31046195652173914,0.8368933883622098,1.0,-0.009937204620296201,0.9122490985106257,-0.18909675163725673,0.10529953917050691,-0.09619182044974321,0.22395278277214775,4,1
"northern, region_Northeast, tz_Eastern","carrier_dominant, hub_Large",0.16423072631931274,0.37096954144817584,0.050987392614080106,0.31046195652173914,0.8368933883622098,1.0,-0.009937204620296201,0.9122490985106257,-0.18909675163725673,0.10529953917050691,-0.09619182044974321,0.22395278277214775,3,2
"northern, region_Northeast",carrier_dominant,0.16423072631931274,0.37096954144817584,0.050987392614080106,0.31046195652173914,0.8368933883622098,1.0,-0.009937204620296201,0.9122490985106257,-0.18909675163725673,0.10529953917050691,-0.09619182044974321,0.22395278277214775,2,1
"hub_Large, northern, region_Northeast",carrier_dominant,0.16423072631931274,0.37096954144817584,0.050987392614080106,0.31046195652173914,0.8368933883622098,1.0,-0.009937204620296201,0.9122490985106257,-0.18909675163725673,0.10529953917050691,-0.09619182044974321,0.22395278277214775,3,1
"northern, region_Northeast","carrier_dominant, hub_Large",0.16423072631931274,0.37096954144817584,0.050987392614080106,0.31046195652173914,0.8368933883622098,1.0,-0.009937204620296201,0.9122490985106257,-0.18909675163725673,0.10529953917050691,-0.09619182044974321,0.22395278277214775,2,2
"hub_Large, region_Northeast, tz_Eastern",carrier_dominant,0.16423072631931274,0.37096954144817584,0.050987392614080106,0.31046195652173914,0.8368933883622098,1.0,-0.009937204620296201,0.9122490985106257,-0.18909675163725673,0.10529953917050691,-0.09619182044974321,0.22395278277214775,3,1
"region_Northeast, tz_Eastern","carrier_dominant, hub_Large",0.16423072631931274,0.37096954144817584,0.050987392614080106,0.31046195652173914,0.8368933883622098,1.0,-0.009937204620296201,0.9122490985106257,-0.18909675163725673,0.10529953917050691,-0.09619182044974321,0.22395278277214775,2,2
"northern, region_Northeast, tz_Eastern",carrier_dominant,0.16423072631931274,0.37096954144817584,0.050987392614080106,0.31046195652173914,0.8368933883622098,1.0,-0.009937204620296201,0.9122490985106257,-0.18909675163725673,0.10529953917050691,-0.09619182044974321,0.22395278277214775,3,1
"hub_Large, region_Northeast",carrier_dominant,0.16423072631931274,0.37096954144817584,0.050987392614080106,0.31046195652173914,0.8368933883622098,1.0,-0.009937204620296201,0.9122490985106257,-0.18909675163725673,0.10529953917050691,-0.09619182044974321,0.22395278277214775,2,1
region_Northeast,"carrier_dominant, hub_Large",0.16423072631931274,0.37096954144817584,0.050987392614080106,0.31046195652173914,0.8368933883622098,1.0,-0.009937204620296201,0.9122490985106257,-0.18909675163725673,0.10529953917050691,-0.09619182044974321,0.22395278277214775,1,2
"region_Northeast, tz_Eastern",carrier_dominant,0.16423072631931274,0.37096954144817584,0.050987392614080106,0.31046195652173914,0.8368933883622098,1.0,-0.009937204620296201,0.9122490985106257,-0.18909675163725673,0.10529953917050691,-0.09619182044974321,0.22395278277214775,2,1
"carrier_dominant, hub_Large, many_runways",region_South,0.24880062479080664,0.4436014727211871,0.0905946669641861,0.3641255605381166,0.8208393860923389,1.0,-0.019773656606967227,0.8750131987529992,-0.22513988650343272,0.15053763440860213,-0.1428399039295891,0.2841754563253963,3,1
"carrier_dominant, many_runways","hub_Large, region_South",0.24880062479080664,0.4436014727211871,0.0905946669641861,0.3641255605381166,0.8208393860923389,1.0,-0.019773656606967227,0.8750131987529992,-0.22513988650343272,0.15053763440860213,-0.1428399039295891,0.2841754563253963,2,2
"carrier_dominant, many_runways",region_South,0.24880062479080664,0.4436014727211871,0.0905946669641861,0.3641255605381166,0.8208393860923389,1.0,-0.019773656606967227,0.8750131987529992,-0.22513988650343272,0.15053763440860213,-0.1428399039295891,0.2841754563253963,2,1
"hub_Large, many_runways, nas_dominant",tz_Eastern,0.12462345196920674,0.4990516568113355,0.0508758228271784,0.40823634735899733,0.8180242301316103,1.0,-0.011317717355602115,0.8465344921962759,-0.20263321349796046,0.08881963381379042,-0.1812867747486207,0.2550906753562257,3,1
"many_runways, nas_dominant","hub_Large, tz_Eastern",0.12462345196920674,0.4990516568113355,0.0508758228271784,0.40823634735899733,0.8180242301316103,1.0,-0.011317717355602115,0.8465344921962759,-0.20263321349796046,0.08881963381379042,-0.1812867747486207,0.2550906753562257,2,2
"many_runways, nas_dominant",tz_Eastern,0.12462345196920674,0.4990516568113355,0.0508758228271784,0.40823634735899733,0.8180242301316103,1.0,-0.011317717355602115,0.8465344921962759,-0.20263321349796046,0.08881963381379042,-0.1812867747486207,0.2550906753562257,2,1
"nas_dominant, northern",many_runways,0.11592100859087359,0.6392948789467812,0.05968983599241325,0.5149181905678537,0.8054470754030844,1.0,-0.014417871162078065,0.7435964697902666,-0.21458869257754137,0.08581969842797563,-0.34481542157139705,0.3041432139575743,2,1
"hub_Large, nas_dominant, northern",many_runways,0.11592100859087359,0.6392948789467812,0.05968983599241325,0.5149181905678537,0.8054470754030844,1.0,-0.014417871162078065,0.7435964697902666,-0.21458869257754137,0.08581969842797563,-0.34481542157139705,0.3041432139575743,3,1
"nas_dominant, northern","hub_Large, many_runways",0.11592100859087359,0.6392948789467812,0.05968983599241325,0.5149181905678537,0.8054470754030844,1.0,-0.014417871162078065,0.7435964697902666,-0.21458869257754137,0.08581969842797563,-0.34481542157139705,0.3041432139575743,2,2
"high_delay, hub_Large, tz_Eastern",many_runways,0.1303135111011938,0.6392948789467812,0.06649559299341738,0.5102739726027398,0.7981824810538145,1.0,-0.01681316731115033,0.7365447227100693,-0.22524627650207316,0.09457315138051411,-0.35769080840137424,0.3071439671041622,3,1
"high_delay, tz_Eastern","hub_Large, many_runways",0.1303135111011938,0.6392948789467812,0.06649559299341738,0.5102739726027398,0.7981824810538145,1.0,-0.01681316731115033,0.7365447227100693,-0.22524627650207316,0.09457315138051411,-0.35769080840137424,0.3071439671041622,2,2
"high_delay, tz_Eastern",many_runways,0.1303135111011938,0.6392948789467812,0.06649559299341738,0.5102739726027398,0.7981824810538145,1.0,-0.01681316731115033,0.7365447227100693,-0.22524627650207316,0.09457315138051411,-0.35769080840137424,0.3071439671041622,2,1
"hub_Large, late_aircraft_dominant, tz_Central",northern,0.13209862769162112,0.5009483431886645,0.05254936963070401,0.39780405405405406,0.7941019457653644,1.0,-0.013625219048909835,0.8287197218297633,-0.23002793319569892,0.09052469729002498,-0.2066805865221359,0.25135191566845244,3,1
"late_aircraft_dominant, tz_Central","hub_Large, northern",0.13209862769162112,0.5009483431886645,0.05254936963070401,0.39780405405405406,0.7941019457653644,1.0,-0.013625219048909835,0.8287197218297633,-0.23002793319569892,0.09052469729002498,-0.2066805865221359,0.25135191566845244,2,2
"late_aircraft_dominant, tz_Central",northern,0.13209862769162112,0.5009483431886645,0.05254936963070401,0.39780405405405406,0.7941019457653644,1.0,-0.013625219048909835,0.8287197218297633,-0.23002793319569892,0.09052469729002498,-0.2066805865221359,0.25135191566845244,2,1
"hub_Large, northern, region_Northeast, tz_Eastern",late_aircraft_dominant,0.16423072631931274,0.5411134664732791,0.06939640745286177,0.422554347826087,0.7808978597041685,1.0,-0.019471050167205933,0.7946835027662743,-0.2513352366212826,0.10912280701754386,-0.2583626016131249,0.2754008852532497,4,1
"northern, region_Northeast, tz_Eastern","hub_Large, late_aircraft_dominant",0.16423072631931274,0.5411134664732791,0.06939640745286177,0.422554347826087,0.7808978597041685,1.0,-0.019471050167205933,0.7946835027662743,-0.2513352366212826,0.10912280701754386,-0.2583626016131249,0.2754008852532497,3,2
region_Northeast,late_aircraft_dominant,0.16423072631931274,0.5411134664732791,0.06939640745286177,0.422554347826087,0.7808978597041685,1.0,-0.019471050167205933,0.7946835027662743,-0.2513352366212826,0.10912280701754386,-0.2583626016131249,0.2754008852532497,1,1
"hub_Large, region_Northeast",late_aircraft_dominant,0.16423072631931274,0.5411134664732791,0.06939640745286177,0.422554347826087,0.7808978597041685,1.0,-0.019471050167205933,0.7946835027662743,-0.2513352366212826,0.10912280701754386,-0.2583626016131249,0.2754008852532497,2,1
region_Northeast,"hub_Large, late_aircraft_dominant",0.16423072631931274,0.5411134664732791,0.06939640745286177,0.422554347826087,0.7808978597041685,1.0,-0.019471050167205933,0.7946835027662743,-0.2513352366212826,0.10912280701754386,-0.2583626016131249,0.2754008852532497,1,2
"northern, region_Northeast",late_aircraft_dominant,0.16423072631931274,0.5411134664732791,0.06939640745286177,0.422554347826087,0.7808978597041685,1.0,-0.019471050167205933,0.7946835027662743,-0.2513352366212826,0.10912280701754386,-0.2583626016131249,0.2754008852532497,2,1
"northern, region_Northeast, tz_Eastern",late_aircraft_dominant,0.16423072631931274,0.5411134664732791,0.06939640745286177,0.422554347826087,0.7808978597041685,1.0,-0.019471050167205933,0.7946835027662743,-0.2513352366212826,0.10912280701754386,-0.2583626016131249,0.2754008852532497,3,1
"hub_Large, region_Northeast, tz_Eastern",late_aircraft_dominant,0.16423072631931274,0.5411134664732791,0.06939640745286177,0.422554347826087,0.7808978597041685,1.0,-0.019471050167205933,0.7946835027662743,-0.2513352366212826,0.10912280701754386,-0.2583626016131249,0.2754008852532497,3,1
"region_Northeast, tz_Eastern","hub_Large, late_aircraft_dominant",0.16423072631931274,0.5411134664732791,0.06939640745286177,0.422554347826087,0.7808978597041685,1.0,-0.019471050167205933,0.7946835027662743,-0.2513352366212826,0.10912280701754386,-0.2583626016131249,0.2754008852532497,2,2
"hub_Large, northern, region_Northeast",late_aircraft_dominant,0.16423072631931274,0.5411134664732791,0.06939640745286177,0.422554347826087,0.7808978597041685,1.0,-0.019471050167205933,0.7946835027662743,-0.2513352366212826,0.10912280701754386,-0.2583626016131249,0.2754008852532497,3,1
"northern, region_Northeast","hub_Large, late_aircraft_dominant",0.16423072631931274,0.5411134664732791,0.06939640745286177,0.422554347826087,0.7808978597041685,1.0,-0.019471050167205933,0.7946835027662743,-0.2513352366212826,0.10912280701754386,-0.2583626016131249,0.2754008852532497,2,2
"region_Northeast, tz_Eastern",late_aircraft_dominant,0.16423072631931274,0.5411134664732791,0.06939640745286177,0.422554347826087,0.7808978597041685,1.0,-0.019471050167205933,0.7946835027662743,-0.2513352366212826,0.10912280701754386,-0.2583626016131249,0.2754008852532497,2,1
"high_cancel, hub_Large, tz_Eastern",many_runways,0.15363159656365055,0.6392948789467812,0.07609059466696419,0.49527959331880905,0.774727922323994,1.0,-0.022125298260595505,0.7146632398421329,-0.25570701368532367,0.10614785992217901,-0.3992604407929211,0.30715114046394204,3,1
"high_cancel, tz_Eastern","hub_Large, many_runways",0.15363159656365055,0.6392948789467812,0.07609059466696419,0.49527959331880905,0.774727922323994,1.0,-0.022125298260595505,0.7146632398421329,-0.25570701368532367,0.10614785992217901,-0.3992604407929211,0.30715114046394204,2,2
"high_cancel, tz_Eastern",many_runways,0.15363159656365055,0.6392948789467812,0.07609059466696419,0.49527959331880905,0.774727922323994,1.0,-0.022125298260595505,0.7146632398421329,-0.25570701368532367,0.10614785992217901,-0.3992604407929211,0.30715114046394204,2,1
"late_aircraft_dominant, region_South, tz_Eastern",northern,0.17427200714046637,0.5009483431886645,0.06370634832087471,0.36555697823303457,0.7297298877288839,1.0,-0.02359492492030503,0.7865980705744763,-0.3096485848679028,0.10417806969531107,-0.2712972957964032,0.24636423521896716,3,1
"hub_Large, late_aircraft_dominant, region_South, tz_Eastern",northern,0.17427200714046637,0.5009483431886645,0.06370634832087471,0.36555697823303457,0.7297298877288839,1.0,-0.02359492492030503,0.7865980705744763,-0.3096485848679028,0.10417806969531107,-0.2712972957964032,0.24636423521896716,4,1
"late_aircraft_dominant, region_South, tz_Eastern","hub_Large, northern",0.17427200714046637,0.5009483431886645,0.06370634832087471,0.36555697823303457,0.7297298877288839,1.0,-0.02359492492030503,0.7865980705744763,-0.3096485848679028,0.10417806969531107,-0.2712972957964032,0.24636423521896716,3,2
"hub_Large, late_aircraft_dominant, region_South, tz_Eastern",many_runways,0.17427200714046637,0.6392948789467812,0.07843356019190004,0.4500640204865557,0.7040006659024431,1.0,-0.032977641516777,0.6559038406113246,-0.3373933129856776,0.1066929731370466,-0.5246137285428397,0.28637581478079965,4,1
"late_aircraft_dominant, region_South, tz_Eastern","hub_Large, many_runways",0.17427200714046637,0.6392948789467812,0.07843356019190004,0.4500640204865557,0.7040006659024431,1.0,-0.032977641516777,0.6559038406113246,-0.3373933129856776,0.1066929731370466,-0.5246137285428397,0.28637581478079965,3,2
"late_aircraft_dominant, region_South, tz_Eastern",many_runways,0.17427200714046637,0.6392948789467812,0.07843356019190004,0.4500640204865557,0.7040006659024431,1.0,-0.032977641516777,0.6559038406113246,-0.3373933129856776,0.1066929731370466,-0.5246137285428397,0.28637581478079965,3,1
"hub_Large, nas_dominant, tz_Eastern",many_runways,0.11670199709918554,0.6392948789467812,0.0508758228271784,0.43594646271510523,0.6819176518875198,1.0,-0.023731166281193018,0.6394873841045203,-0.34558434863187554,0.07215189873417722,-0.5637525068618964,0.257763807273783,3,1
"nas_dominant, tz_Eastern","hub_Large, many_runways",0.11670199709918554,0.6392948789467812,0.0508758228271784,0.43594646271510523,0.6819176518875198,1.0,-0.023731166281193018,0.6394873841045203,-0.34558434863187554,0.07215189873417722,-0.5637525068618964,0.257763807273783,2,2
"nas_dominant, tz_Eastern",many_runways,0.11670199709918554,0.6392948789467812,0.0508758228271784,0.43594646271510523,0.6819176518875198,1.0,-0.023731166281193018,0.6394873841045203,-0.34558434863187554,0.07215189873417722,-0.5637525068618964,0.257763807273783,2,1
"carrier_dominant, hub_Large, many_runways",late_aircraft_dominant,0.24880062479080664,0.5411134664732791,0.08323106102867343,0.3345291479820628,0.6182236604872636,1.0,-0.051398307512597594,0.6895666912160294,-0.45117330571071423,0.11777707609725291,-0.45018605558880903,0.24417179048587676,3,1
"carrier_dominant, many_runways","hub_Large, late_aircraft_dominant",0.24880062479080664,0.5411134664732791,0.08323106102867343,0.3345291479820628,0.6182236604872636,1.0,-0.051398307512597594,0.6895666912160294,-0.45117330571071423,0.11777707609725291,-0.45018605558880903,0.24417179048587676,2,2
"carrier_dominant, many_runways",late_aircraft_dominant,0.24880062479080664,0.5411134664732791,0.08323106102867343,0.3345291479820628,0.6182236604872636,1.0,-0.051398307512597594,0.6895666912160294,-0.45117330571071423,0.11777707609725291,-0.45018605558880903,0.24417179048587676,2,1
"carrier_dominant, hub_Large, tz_Eastern",late_aircraft_dominant,0.16780095950016735,0.5411134664732791,0.05611960281155863,0.33444148936170215,0.6180616637420487,1.0,-0.03467975606111924,0.6894758705536347,-0.42613317939983075,0.08596821056229703,-0.45037708019719525,0.21907641478394385,3,1
"carrier_dominant, tz_Eastern","hub_Large, late_aircraft_dominant",0.16780095950016735,0.5411134664732791,0.05611960281155863,0.33444148936170215,0.6180616637420487,1.0,-0.03467975606111924,0.6894758705536347,-0.42613317939983075,0.08596821056229703,-0.45037708019719525,0.21907641478394385,2,2
"carrier_dominant, tz_Eastern",late_aircraft_dominant,0.16780095950016735,0.5411134664732791,0.05611960281155863,0.33444148936170215,0.6180616637420487,1.0,-0.03467975606111924,0.6894758705536347,-0.42613317939983075,0.08596821056229703,-0.45037708019719525,0.21907641478394385,2,1
"carrier_dominant, northern",late_aircraft_dominant,0.18431328796162,0.5411134664732791,0.06136338279593886,0.33292978208232443,0.6152679663513142,1.0,-0.03837101937006104,0.6879133878277159,-0.43394194492933164,0.09240591397849461,-0.45367137447024714,0.22316592196899726,2,1
"carrier_dominant, hub_Large, northern",late_aircraft_dominant,0.18431328796162,0.5411134664732791,0.06136338279593886,0.33292978208232443,0.6152679663513142,1.0,-0.03837101937006104,0.6879133878277159,-0.43394194492933164,0.09240591397849461,-0.45367137447024714,0.22316592196899726,3,1
"carrier_dominant, northern","hub_Large, late_aircraft_dominant",0.18431328796162,0.5411134664732791,0.06136338279593886,0.33292978208232443,0.6152679663513142,1.0,-0.03837101937006104,0.6879133878277159,-0.43394194492933164,0.09240591397849461,-0.45367137447024714,0.22316592196899726,2,2
"carrier_dominant, hub_Large, region_South",late_aircraft_dominant,0.155751422514783,0.5411134664732791,0.05054111346647328,0.32449856733524357,0.5996867338197501,1.0,-0.03373807867864526,0.6793272542983059,-0.4415554562142851,0.07819782496116001,-0.4720445759723346,0.20895031459545682,3,1
"carrier_dominant, region_South","hub_Large, late_aircraft_dominant",0.155751422514783,0.5411134664732791,0.05054111346647328,0.32449856733524357,0.5996867338197501,1.0,-0.03373807867864526,0.6793272542983059,-0.4415554562142851,0.07819782496116001,-0.4720445759723346,0.20895031459545682,2,2
"carrier_dominant, region_South",late_aircraft_dominant,0.155751422514783,0.5411134664732791,0.05054111346647328,0.32449856733524357,0.5996867338197501,1.0,-0.03373807867864526,0.6793272542983059,-0.4415554562142851,0.07819782496116001,-0.4720445759723346,0.20895031459545682,2,1
carrier_dominant,late_aircraft_dominant,0.37096954144817584,0.5411134664732791,0.11960281155862992,0.322406015037594,0.5958196108828773,1.0,-0.0811338029703953,0.67722934930153,-0.5188657721593556,0.1509221455722934,-0.4766046407046063,0.2717184714363228,1,1
"carrier_dominant, hub_Large",late_aircraft_dominant,0.37096954144817584,0.5411134664732791,0.11960281155862992,0.322406015037594,0.5958196108828773,1.0,-0.0811338029703953,0.67722934930153,-0.5188657721593556,0.1509221455722934,-0.4766046407046063,0.2717184714363228,2,1
carrier_dominant,"hub_Large, late_aircraft_dominant",0.37096954144817584,0.5411134664732791,0.11960281155862992,0.322406015037594,0.5958196108828773,1.0,-0.0811338029703953,0.67722934930153,-0.5188657721593556,0.1509221455722934,-0.4766046407046063,0.2717184714363228,1,2
